month,dataset,dataset_status,lineage_hash,source_lineage_complete
2020-01,DISPATCHPRICE,AVAILABLE,11ed88e187e16dca41b1b6fa7b3e7765114a1aa3d20e49d8153e06779b9a43aa,True
2020-01,DISPATCHREGIONSUM,MISSING,,False
2020-01,DISPATCHINTERCONNECTORRES,MISSING,,False
2020-01,DISPATCHCONSTRAINT,AVAILABLE,5670622f527bb451401a9f11fe51e0872514dc46622ab1e348e8433d37f82725,True
2020-01,DISPATCH_UNIT_SCADA,MISSING,,False
2020-01,GENERATOR_OUTAGES,BLOCKED_EXTERNAL,,True
2020-01,UNIT_COMMITMENT,DERIVED_PARTIAL,,False
2020-01,RENEWABLE_GENERATION,DERIVED_PARTIAL,,False
2020-01,WEATHER,BLOCKED_EXTERNAL,,True
2020-01,FCAS,BLOCKED_EXTERNAL,,True
2020-02,DISPATCHPRICE,AVAILABLE,c1741a0716421728bc84db0320d42ec2640f58b17c6f71fae266eeb1d8652e52,True
2020-02,DISPATCHREGIONSUM,MISSING,,False
2020-02,DISPATCHINTERCONNECTORRES,MISSING,,False
2020-02,DISPATCHCONSTRAINT,AVAILABLE,8b23810cb06339992f4e24af3e8fe8e9d40d1ab61255ff9aa1902d9618de6893,True
2020-02,DISPATCH_UNIT_SCADA,MISSING,,False
2020-02,GENERATOR_OUTAGES,BLOCKED_EXTERNAL,,True
2020-02,UNIT_COMMITMENT,DERIVED_PARTIAL,,False
2020-02,RENEWABLE_GENERATION,DERIVED_PARTIAL,,False
2020-02,WEATHER,BLOCKED_EXTERNAL,,True
2020-02,FCAS,BLOCKED_EXTERNAL,,True
2020-03,DISPATCHPRICE,AVAILABLE,86e5de0caaeef9d785c23a57eaeb71a46bc1a47c035133f1c65575e9ba9d1d52,True
2020-03,DISPATCHREGIONSUM,MISSING,,False
2020-03,DISPATCHINTERCONNECTORRES,MISSING,,False
2020-03,DISPATCHCONSTRAINT,AVAILABLE,2ee81db10b5cb318ae51607085511242b00ed146abbb6bb63488918a53964061,True
2020-03,DISPATCH_UNIT_SCADA,MISSING,,False
2020-03,GENERATOR_OUTAGES,BLOCKED_EXTERNAL,,True
2020-03,UNIT_COMMITMENT,DERIVED_PARTIAL,,False
2020-03,RENEWABLE_GENERATION,DERIVED_PARTIAL,,False
2020-03,WEATHER,BLOCKED_EXTERNAL,,True
2020-03,FCAS,BLOCKED_EXTERNAL,,True
2020-04,DISPATCHPRICE,AVAILABLE,fb71a498d89cdd0cae46511e87f4d75669e382672d1d255f13851a7e52fa9329,True
2020-04,DISPATCHREGIONSUM,MISSING,,False
2020-04,DISPATCHINTERCONNECTORRES,MISSING,,False
2020-04,DISPATCHCONSTRAINT,AVAILABLE,df19c2d042a27b74214652cfbde3dedc9793d124d0d160a5f0b73b96b9ab6639,True
2020-04,DISPATCH_UNIT_SCADA,MISSING,,False
2020-04,GENERATOR_OUTAGES,BLOCKED_EXTERNAL,,True
2020-04,UNIT_COMMITMENT,DERIVED_PARTIAL,,False
2020-04,RENEWABLE_GENERATION,DERIVED_PARTIAL,,False
2020-04,WEATHER,BLOCKED_EXTERNAL,,True
2020-04,FCAS,BLOCKED_EXTERNAL,,True
2020-05,DISPATCHPRICE,AVAILABLE,ca0617e8b790d3b5c75bebe3c9771db70e86b13b32416e904490febe93d6c0f3,True
2020-05,DISPATCHREGIONSUM,MISSING,,False
2020-05,DISPATCHINTERCONNECTORRES,MISSING,,False
2020-05,DISPATCHCONSTRAINT,AVAILABLE,30b2cc116be728e94d12f15b849eb4d4e5ca292f9979a8341fbede60e5ab2439,True
2020-05,DISPATCH_UNIT_SCADA,MISSING,,False
2020-05,GENERATOR_OUTAGES,BLOCKED_EXTERNAL,,True
2020-05,UNIT_COMMITMENT,DERIVED_PARTIAL,,False
2020-05,RENEWABLE_GENERATION,DERIVED_PARTIAL,,False
2020-05,WEATHER,BLOCKED_EXTERNAL,,True
2020-05,FCAS,BLOCKED_EXTERNAL,,True
2020-06,DISPATCHPRICE,MISSING,,False
2020-06,DISPATCHREGIONSUM,MISSING,,False
2020-06,DISPATCHINTERCONNECTORRES,MISSING,,False
2020-06,DISPATCHCONSTRAINT,AVAILABLE,9af629d0f73f9881c5c714e91a810b201d0481ca4c151c840d31e11a4b8a3966,True
2020-06,DISPATCH_UNIT_SCADA,MISSING,,False
2020-06,GENERATOR_OUTAGES,BLOCKED_EXTERNAL,,True
2020-06,UNIT_COMMITMENT,DERIVED_PARTIAL,,False
2020-06,RENEWABLE_GENERATION,DERIVED_PARTIAL,,False
2020-06,WEATHER,BLOCKED_EXTERNAL,,True
2020-06,FCAS,BLOCKED_EXTERNAL,,True
2020-07,DISPATCHPRICE,MISSING,,False
2020-07,DISPATCHREGIONSUM,MISSING,,False
2020-07,DISPATCHINTERCONNECTORRES,MISSING,,False
2020-07,DISPATCHCONSTRAINT,AVAILABLE,615aad6fcb519b8bb33417ceb73382777852d05d4e9f724313dc597c31457ef2,True
2020-07,DISPATCH_UNIT_SCADA,MISSING,,False
2020-07,GENERATOR_OUTAGES,BLOCKED_EXTERNAL,,True
2020-07,UNIT_COMMITMENT,DERIVED_PARTIAL,,False
2020-07,RENEWABLE_GENERATION,DERIVED_PARTIAL,,False
2020-07,WEATHER,BLOCKED_EXTERNAL,,True
2020-07,FCAS,BLOCKED_EXTERNAL,,True
2020-08,DISPATCHPRICE,MISSING,,False
2020-08,DISPATCHREGIONSUM,MISSING,,False
2020-08,DISPATCHINTERCONNECTORRES,MISSING,,False
2020-08,DISPATCHCONSTRAINT,AVAILABLE,79fcb2af0df8b91bf7a3a5226916779c5a22a291a88d766545f4cfe07ef2b381,True
2020-08,DISPATCH_UNIT_SCADA,MISSING,,False
2020-08,GENERATOR_OUTAGES,BLOCKED_EXTERNAL,,True
2020-08,UNIT_COMMITMENT,DERIVED_PARTIAL,,False
2020-08,RENEWABLE_GENERATION,DERIVED_PARTIAL,,False
2020-08,WEATHER,BLOCKED_EXTERNAL,,True
2020-08,FCAS,BLOCKED_EXTERNAL,,True
2020-09,DISPATCHPRICE,MISSING,,False
2020-09,DISPATCHREGIONSUM,MISSING,,False
2020-09,DISPATCHINTERCONNECTORRES,MISSING,,False
2020-09,DISPATCHCONSTRAINT,AVAILABLE,88e7a36910541c68a9fc076dd3e91eccdc4623bf3faa432550aa916bb3e139a9,True
2020-09,DISPATCH_UNIT_SCADA,MISSING,,False
2020-09,GENERATOR_OUTAGES,BLOCKED_EXTERNAL,,True
2020-09,UNIT_COMMITMENT,DERIVED_PARTIAL,,False
2020-09,RENEWABLE_GENERATION,DERIVED_PARTIAL,,False
2020-09,WEATHER,BLOCKED_EXTERNAL,,True
2020-09,FCAS,BLOCKED_EXTERNAL,,True
2020-10,DISPATCHPRICE,MISSING,,False
2020-10,DISPATCHREGIONSUM,MISSING,,False
2020-10,DISPATCHINTERCONNECTORRES,MISSING,,False
2020-10,DISPATCHCONSTRAINT,AVAILABLE,507e2063acc0659fc71e13a5c86047d2b5e97380363ef0e6411aa5f0d03f0cd4,True
2020-10,DISPATCH_UNIT_SCADA,MISSING,,False
2020-10,GENERATOR_OUTAGES,BLOCKED_EXTERNAL,,True
2020-10,UNIT_COMMITMENT,DERIVED_PARTIAL,,False
2020-10,RENEWABLE_GENERATION,DERIVED_PARTIAL,,False
2020-10,WEATHER,BLOCKED_EXTERNAL,,True
2020-10,FCAS,BLOCKED_EXTERNAL,,True
2020-11,DISPATCHPRICE,MISSING,,False
2020-11,DISPATCHREGIONSUM,MISSING,,False
2020-11,DISPATCHINTERCONNECTORRES,MISSING,,False
2020-11,DISPATCHCONSTRAINT,AVAILABLE,2e2bb5bda73479380f0dca369bddd82698cd912e6791bef85132988c70f12018,True
2020-11,DISPATCH_UNIT_SCADA,MISSING,,False
2020-11,GENERATOR_OUTAGES,BLOCKED_EXTERNAL,,True
2020-11,UNIT_COMMITMENT,DERIVED_PARTIAL,,False
2020-11,RENEWABLE_GENERATION,DERIVED_PARTIAL,,False
2020-11,WEATHER,BLOCKED_EXTERNAL,,True
2020-11,FCAS,BLOCKED_EXTERNAL,,True
2020-12,DISPATCHPRICE,MISSING,,False
2020-12,DISPATCHREGIONSUM,MISSING,,False
2020-12,DISPATCHINTERCONNECTORRES,MISSING,,False
2020-12,DISPATCHCONSTRAINT,AVAILABLE,4f86d6eea55f57298a865f28e353fb5c46bc7cc39b0830efed8a6a0e92b6a119,True
2020-12,DISPATCH_UNIT_SCADA,MISSING,,False
2020-12,GENERATOR_OUTAGES,BLOCKED_EXTERNAL,,True
2020-12,UNIT_COMMITMENT,DERIVED_PARTIAL,,False
2020-12,RENEWABLE_GENERATION,DERIVED_PARTIAL,,False
2020-12,WEATHER,BLOCKED_EXTERNAL,,True
2020-12,FCAS,BLOCKED_EXTERNAL,,True
2021-01,DISPATCHPRICE,MISSING,,False
2021-01,DISPATCHREGIONSUM,MISSING,,False
2021-01,DISPATCHINTERCONNECTORRES,MISSING,,False
2021-01,DISPATCHCONSTRAINT,AVAILABLE,718ef4cdd3c3ee25226224e0aa8d7f5037d7a15a58311c78dfe857199faba312,True
2021-01,DISPATCH_UNIT_SCADA,MISSING,,False
2021-01,GENERATOR_OUTAGES,BLOCKED_EXTERNAL,,True
2021-01,UNIT_COMMITMENT,DERIVED_PARTIAL,,False
2021-01,RENEWABLE_GENERATION,DERIVED_PARTIAL,,False
2021-01,WEATHER,BLOCKED_EXTERNAL,,True
2021-01,FCAS,BLOCKED_EXTERNAL,,True
2021-02,DISPATCHPRICE,MISSING,,False
2021-02,DISPATCHREGIONSUM,MISSING,,False
2021-02,DISPATCHINTERCONNECTORRES,MISSING,,False
2021-02,DISPATCHCONSTRAINT,AVAILABLE,0800643ec49e65fdff4beee02fbe62f4a681c741443ce281b01d35115d4fef35,True
2021-02,DISPATCH_UNIT_SCADA,MISSING,,False
2021-02,GENERATOR_OUTAGES,BLOCKED_EXTERNAL,,True
2021-02,UNIT_COMMITMENT,DERIVED_PARTIAL,,False
2021-02,RENEWABLE_GENERATION,DERIVED_PARTIAL,,False
2021-02,WEATHER,BLOCKED_EXTERNAL,,True
2021-02,FCAS,BLOCKED_EXTERNAL,,True
2021-03,DISPATCHPRICE,MISSING,,False
2021-03,DISPATCHREGIONSUM,MISSING,,False
2021-03,DISPATCHINTERCONNECTORRES,MISSING,,False
2021-03,DISPATCHCONSTRAINT,AVAILABLE,726d490a06f490364315b8f502e60f6af5d90ab0057ec28c1f137a9976db58de,True
2021-03,DISPATCH_UNIT_SCADA,MISSING,,False
2021-03,GENERATOR_OUTAGES,BLOCKED_EXTERNAL,,True
2021-03,UNIT_COMMITMENT,DERIVED_PARTIAL,,False
2021-03,RENEWABLE_GENERATION,DERIVED_PARTIAL,,False
2021-03,WEATHER,BLOCKED_EXTERNAL,,True
2021-03,FCAS,BLOCKED_EXTERNAL,,True
2021-04,DISPATCHPRICE,MISSING,,False
2021-04,DISPATCHREGIONSUM,MISSING,,False
2021-04,DISPATCHINTERCONNECTORRES,MISSING,,False
2021-04,DISPATCHCONSTRAINT,AVAILABLE,20b5fe3864cb93a1d7b54e5cf9ef21b955b7caffb1b24ab2a751c47329c1c09e,True
2021-04,DISPATCH_UNIT_SCADA,MISSING,,False
2021-04,GENERATOR_OUTAGES,BLOCKED_EXTERNAL,,True
2021-04,UNIT_COMMITMENT,DERIVED_PARTIAL,,False
2021-04,RENEWABLE_GENERATION,DERIVED_PARTIAL,,False
2021-04,WEATHER,BLOCKED_EXTERNAL,,True
2021-04,FCAS,BLOCKED_EXTERNAL,,True
2021-05,DISPATCHPRICE,MISSING,,False
2021-05,DISPATCHREGIONSUM,MISSING,,False
2021-05,DISPATCHINTERCONNECTORRES,MISSING,,False
2021-05,DISPATCHCONSTRAINT,AVAILABLE,bfd25562fdf21406f6d39ba4d09cd67a82519a575e202dae4e11b12c533ba744,True
2021-05,DISPATCH_UNIT_SCADA,MISSING,,False
2021-05,GENERATOR_OUTAGES,BLOCKED_EXTERNAL,,True
2021-05,UNIT_COMMITMENT,DERIVED_PARTIAL,,False
2021-05,RENEWABLE_GENERATION,DERIVED_PARTIAL,,False
2021-05,WEATHER,BLOCKED_EXTERNAL,,True
2021-05,FCAS,BLOCKED_EXTERNAL,,True
2021-06,DISPATCHPRICE,MISSING,,False
2021-06,DISPATCHREGIONSUM,MISSING,,False
2021-06,DISPATCHINTERCONNECTORRES,MISSING,,False
2021-06,DISPATCHCONSTRAINT,AVAILABLE,3718658852e943a94078d7cc882d50d1a8b1ca2141547ed293ead879c61ff7e1,True
2021-06,DISPATCH_UNIT_SCADA,MISSING,,False
2021-06,GENERATOR_OUTAGES,BLOCKED_EXTERNAL,,True
2021-06,UNIT_COMMITMENT,DERIVED_PARTIAL,,False
2021-06,RENEWABLE_GENERATION,DERIVED_PARTIAL,,False
2021-06,WEATHER,BLOCKED_EXTERNAL,,True
2021-06,FCAS,BLOCKED_EXTERNAL,,True
2021-07,DISPATCHPRICE,MISSING,,False
2021-07,DISPATCHREGIONSUM,MISSING,,False
2021-07,DISPATCHINTERCONNECTORRES,MISSING,,False
2021-07,DISPATCHCONSTRAINT,AVAILABLE,9a02043846658fe49c99f074edbb3c1af68c2d8d845affdad8f8b0647bb7b072,True
2021-07,DISPATCH_UNIT_SCADA,MISSING,,False
2021-07,GENERATOR_OUTAGES,BLOCKED_EXTERNAL,,True
2021-07,UNIT_COMMITMENT,DERIVED_PARTIAL,,False
2021-07,RENEWABLE_GENERATION,DERIVED_PARTIAL,,False
2021-07,WEATHER,BLOCKED_EXTERNAL,,True
2021-07,FCAS,BLOCKED_EXTERNAL,,True
2021-08,DISPATCHPRICE,MISSING,,False
2021-08,DISPATCHREGIONSUM,MISSING,,False
2021-08,DISPATCHINTERCONNECTORRES,MISSING,,False
2021-08,DISPATCHCONSTRAINT,AVAILABLE,561fb2887f7442fa3b3543bc0fc6f38794691209b04ffbbdbe8ad61d47a83f6d,True
2021-08,DISPATCH_UNIT_SCADA,MISSING,,False
2021-08,GENERATOR_OUTAGES,BLOCKED_EXTERNAL,,True
2021-08,UNIT_COMMITMENT,DERIVED_PARTIAL,,False
2021-08,RENEWABLE_GENERATION,DERIVED_PARTIAL,,False
2021-08,WEATHER,BLOCKED_EXTERNAL,,True
2021-08,FCAS,BLOCKED_EXTERNAL,,True
2021-09,DISPATCHPRICE,MISSING,,False
2021-09,DISPATCHREGIONSUM,MISSING,,False
2021-09,DISPATCHINTERCONNECTORRES,MISSING,,False
2021-09,DISPATCHCONSTRAINT,AVAILABLE,c9a9c6fa0910ba228e9e5a52893299c1485bce9723ae177652df6cb493df8e65,True
2021-09,DISPATCH_UNIT_SCADA,MISSING,,False
2021-09,GENERATOR_OUTAGES,BLOCKED_EXTERNAL,,True
2021-09,UNIT_COMMITMENT,DERIVED_PARTIAL,,False
2021-09,RENEWABLE_GENERATION,DERIVED_PARTIAL,,False
2021-09,WEATHER,BLOCKED_EXTERNAL,,True
2021-09,FCAS,BLOCKED_EXTERNAL,,True
2021-10,DISPATCHPRICE,MISSING,,False
2021-10,DISPATCHREGIONSUM,MISSING,,False
2021-10,DISPATCHINTERCONNECTORRES,MISSING,,False
2021-10,DISPATCHCONSTRAINT,AVAILABLE,6946ccf1f87b9f4081a4dd6cb6ec57abb7f80344f339a715c6e3066b0596d05c,True
2021-10,DISPATCH_UNIT_SCADA,MISSING,,False
2021-10,GENERATOR_OUTAGES,BLOCKED_EXTERNAL,,True
2021-10,UNIT_COMMITMENT,DERIVED_PARTIAL,,False
2021-10,RENEWABLE_GENERATION,DERIVED_PARTIAL,,False
2021-10,WEATHER,BLOCKED_EXTERNAL,,True
2021-10,FCAS,BLOCKED_EXTERNAL,,True
2021-11,DISPATCHPRICE,MISSING,,False
2021-11,DISPATCHREGIONSUM,MISSING,,False
2021-11,DISPATCHINTERCONNECTORRES,MISSING,,False
2021-11,DISPATCHCONSTRAINT,AVAILABLE,21977d90fa6f09bd7af9143de196584379407f113b10d2051264179696dc8751,True
2021-11,DISPATCH_UNIT_SCADA,MISSING,,False
2021-11,GENERATOR_OUTAGES,BLOCKED_EXTERNAL,,True
2021-11,UNIT_COMMITMENT,DERIVED_PARTIAL,,False
2021-11,RENEWABLE_GENERATION,DERIVED_PARTIAL,,False
2021-11,WEATHER,BLOCKED_EXTERNAL,,True
2021-11,FCAS,BLOCKED_EXTERNAL,,True
2021-12,DISPATCHPRICE,MISSING,,False
2021-12,DISPATCHREGIONSUM,MISSING,,False
2021-12,DISPATCHINTERCONNECTORRES,MISSING,,False
2021-12,DISPATCHCONSTRAINT,AVAILABLE,98ebf60544bc943faa3ba67f61701adee55840f2bd811ce5c8cbc63b90afb565,True
2021-12,DISPATCH_UNIT_SCADA,MISSING,,False
2021-12,GENERATOR_OUTAGES,BLOCKED_EXTERNAL,,True
2021-12,UNIT_COMMITMENT,DERIVED_PARTIAL,,False
2021-12,RENEWABLE_GENERATION,DERIVED_PARTIAL,,False
2021-12,WEATHER,BLOCKED_EXTERNAL,,True
2021-12,FCAS,BLOCKED_EXTERNAL,,True
2022-01,DISPATCHPRICE,MISSING,,False
2022-01,DISPATCHREGIONSUM,MISSING,,False
2022-01,DISPATCHINTERCONNECTORRES,MISSING,,False
2022-01,DISPATCHCONSTRAINT,INVALID,,False
2022-01,DISPATCH_UNIT_SCADA,MISSING,,False
2022-01,GENERATOR_OUTAGES,BLOCKED_EXTERNAL,,True
2022-01,UNIT_COMMITMENT,DERIVED_PARTIAL,,False
2022-01,RENEWABLE_GENERATION,DERIVED_PARTIAL,,False
2022-01,WEATHER,BLOCKED_EXTERNAL,,True
2022-01,FCAS,BLOCKED_EXTERNAL,,True
2022-02,DISPATCHPRICE,MISSING,,False
2022-02,DISPATCHREGIONSUM,MISSING,,False
2022-02,DISPATCHINTERCONNECTORRES,MISSING,,False
2022-02,DISPATCHCONSTRAINT,MISSING,,False
2022-02,DISPATCH_UNIT_SCADA,MISSING,,False
2022-02,GENERATOR_OUTAGES,BLOCKED_EXTERNAL,,True
2022-02,UNIT_COMMITMENT,DERIVED_PARTIAL,,False
2022-02,RENEWABLE_GENERATION,DERIVED_PARTIAL,,False
2022-02,WEATHER,BLOCKED_EXTERNAL,,True
2022-02,FCAS,BLOCKED_EXTERNAL,,True
2022-03,DISPATCHPRICE,MISSING,,False
2022-03,DISPATCHREGIONSUM,MISSING,,False
2022-03,DISPATCHINTERCONNECTORRES,MISSING,,False
2022-03,DISPATCHCONSTRAINT,MISSING,,False
2022-03,DISPATCH_UNIT_SCADA,MISSING,,False
2022-03,GENERATOR_OUTAGES,BLOCKED_EXTERNAL,,True
2022-03,UNIT_COMMITMENT,DERIVED_PARTIAL,,False
2022-03,RENEWABLE_GENERATION,DERIVED_PARTIAL,,False
2022-03,WEATHER,BLOCKED_EXTERNAL,,True
2022-03,FCAS,BLOCKED_EXTERNAL,,True
2022-04,DISPATCHPRICE,MISSING,,False
2022-04,DISPATCHREGIONSUM,MISSING,,False
2022-04,DISPATCHINTERCONNECTORRES,MISSING,,False
2022-04,DISPATCHCONSTRAINT,MISSING,,False
2022-04,DISPATCH_UNIT_SCADA,MISSING,,False
2022-04,GENERATOR_OUTAGES,BLOCKED_EXTERNAL,,True
2022-04,UNIT_COMMITMENT,DERIVED_PARTIAL,,False
2022-04,RENEWABLE_GENERATION,DERIVED_PARTIAL,,False
2022-04,WEATHER,BLOCKED_EXTERNAL,,True
2022-04,FCAS,BLOCKED_EXTERNAL,,True
2022-05,DISPATCHPRICE,MISSING,,False
2022-05,DISPATCHREGIONSUM,MISSING,,False
2022-05,DISPATCHINTERCONNECTORRES,MISSING,,False
2022-05,DISPATCHCONSTRAINT,MISSING,,False
2022-05,DISPATCH_UNIT_SCADA,MISSING,,False
2022-05,GENERATOR_OUTAGES,BLOCKED_EXTERNAL,,True
2022-05,UNIT_COMMITMENT,DERIVED_PARTIAL,,False
2022-05,RENEWABLE_GENERATION,DERIVED_PARTIAL,,False
2022-05,WEATHER,BLOCKED_EXTERNAL,,True
2022-05,FCAS,BLOCKED_EXTERNAL,,True
2022-06,DISPATCHPRICE,MISSING,,False
2022-06,DISPATCHREGIONSUM,MISSING,,False
2022-06,DISPATCHINTERCONNECTORRES,MISSING,,False
2022-06,DISPATCHCONSTRAINT,MISSING,,False
2022-06,DISPATCH_UNIT_SCADA,MISSING,,False
2022-06,GENERATOR_OUTAGES,BLOCKED_EXTERNAL,,True
2022-06,UNIT_COMMITMENT,DERIVED_PARTIAL,,False
2022-06,RENEWABLE_GENERATION,DERIVED_PARTIAL,,False
2022-06,WEATHER,BLOCKED_EXTERNAL,,True
2022-06,FCAS,BLOCKED_EXTERNAL,,True
2022-07,DISPATCHPRICE,MISSING,,False
2022-07,DISPATCHREGIONSUM,MISSING,,False
2022-07,DISPATCHINTERCONNECTORRES,MISSING,,False
2022-07,DISPATCHCONSTRAINT,MISSING,,False
2022-07,DISPATCH_UNIT_SCADA,MISSING,,False
2022-07,GENERATOR_OUTAGES,BLOCKED_EXTERNAL,,True
2022-07,UNIT_COMMITMENT,DERIVED_PARTIAL,,False
2022-07,RENEWABLE_GENERATION,DERIVED_PARTIAL,,False
2022-07,WEATHER,BLOCKED_EXTERNAL,,True
2022-07,FCAS,BLOCKED_EXTERNAL,,True
2022-08,DISPATCHPRICE,MISSING,,False
2022-08,DISPATCHREGIONSUM,MISSING,,False
2022-08,DISPATCHINTERCONNECTORRES,MISSING,,False
2022-08,DISPATCHCONSTRAINT,MISSING,,False
2022-08,DISPATCH_UNIT_SCADA,MISSING,,False
2022-08,GENERATOR_OUTAGES,BLOCKED_EXTERNAL,,True
2022-08,UNIT_COMMITMENT,DERIVED_PARTIAL,,False
2022-08,RENEWABLE_GENERATION,DERIVED_PARTIAL,,False
2022-08,WEATHER,BLOCKED_EXTERNAL,,True
2022-08,FCAS,BLOCKED_EXTERNAL,,True
2022-09,DISPATCHPRICE,MISSING,,False
2022-09,DISPATCHREGIONSUM,MISSING,,False
2022-09,DISPATCHINTERCONNECTORRES,MISSING,,False
2022-09,DISPATCHCONSTRAINT,MISSING,,False
2022-09,DISPATCH_UNIT_SCADA,MISSING,,False
2022-09,GENERATOR_OUTAGES,BLOCKED_EXTERNAL,,True
2022-09,UNIT_COMMITMENT,DERIVED_PARTIAL,,False
2022-09,RENEWABLE_GENERATION,DERIVED_PARTIAL,,False
2022-09,WEATHER,BLOCKED_EXTERNAL,,True
2022-09,FCAS,BLOCKED_EXTERNAL,,True
2022-10,DISPATCHPRICE,MISSING,,False
2022-10,DISPATCHREGIONSUM,MISSING,,False
2022-10,DISPATCHINTERCONNECTORRES,MISSING,,False
2022-10,DISPATCHCONSTRAINT,MISSING,,False
2022-10,DISPATCH_UNIT_SCADA,MISSING,,False
2022-10,GENERATOR_OUTAGES,BLOCKED_EXTERNAL,,True
2022-10,UNIT_COMMITMENT,DERIVED_PARTIAL,,False
2022-10,RENEWABLE_GENERATION,DERIVED_PARTIAL,,False
2022-10,WEATHER,BLOCKED_EXTERNAL,,True
2022-10,FCAS,BLOCKED_EXTERNAL,,True
2022-11,DISPATCHPRICE,MISSING,,False
2022-11,DISPATCHREGIONSUM,MISSING,,False
2022-11,DISPATCHINTERCONNECTORRES,MISSING,,False
2022-11,DISPATCHCONSTRAINT,MISSING,,False
2022-11,DISPATCH_UNIT_SCADA,MISSING,,False
2022-11,GENERATOR_OUTAGES,BLOCKED_EXTERNAL,,True
2022-11,UNIT_COMMITMENT,DERIVED_PARTIAL,,False
2022-11,RENEWABLE_GENERATION,DERIVED_PARTIAL,,False
2022-11,WEATHER,BLOCKED_EXTERNAL,,True
2022-11,FCAS,BLOCKED_EXTERNAL,,True
2022-12,DISPATCHPRICE,MISSING,,False
2022-12,DISPATCHREGIONSUM,MISSING,,False
2022-12,DISPATCHINTERCONNECTORRES,MISSING,,False
2022-12,DISPATCHCONSTRAINT,MISSING,,False
2022-12,DISPATCH_UNIT_SCADA,MISSING,,False
2022-12,GENERATOR_OUTAGES,BLOCKED_EXTERNAL,,True
2022-12,UNIT_COMMITMENT,DERIVED_PARTIAL,,False
2022-12,RENEWABLE_GENERATION,DERIVED_PARTIAL,,False
2022-12,WEATHER,BLOCKED_EXTERNAL,,True
2022-12,FCAS,BLOCKED_EXTERNAL,,True
2023-01,DISPATCHPRICE,MISSING,,False
2023-01,DISPATCHREGIONSUM,MISSING,,False
2023-01,DISPATCHINTERCONNECTORRES,MISSING,,False
2023-01,DISPATCHCONSTRAINT,MISSING,,False
2023-01,DISPATCH_UNIT_SCADA,MISSING,,False
2023-01,GENERATOR_OUTAGES,BLOCKED_EXTERNAL,,True
2023-01,UNIT_COMMITMENT,DERIVED_PARTIAL,,False
2023-01,RENEWABLE_GENERATION,DERIVED_PARTIAL,,False
2023-01,WEATHER,BLOCKED_EXTERNAL,,True
2023-01,FCAS,BLOCKED_EXTERNAL,,True
2023-02,DISPATCHPRICE,MISSING,,False
2023-02,DISPATCHREGIONSUM,MISSING,,False
2023-02,DISPATCHINTERCONNECTORRES,MISSING,,False
2023-02,DISPATCHCONSTRAINT,MISSING,,False
2023-02,DISPATCH_UNIT_SCADA,MISSING,,False
2023-02,GENERATOR_OUTAGES,BLOCKED_EXTERNAL,,True
2023-02,UNIT_COMMITMENT,DERIVED_PARTIAL,,False
2023-02,RENEWABLE_GENERATION,DERIVED_PARTIAL,,False
2023-02,WEATHER,BLOCKED_EXTERNAL,,True
2023-02,FCAS,BLOCKED_EXTERNAL,,True
2023-03,DISPATCHPRICE,MISSING,,False
2023-03,DISPATCHREGIONSUM,MISSING,,False
2023-03,DISPATCHINTERCONNECTORRES,MISSING,,False
2023-03,DISPATCHCONSTRAINT,MISSING,,False
2023-03,DISPATCH_UNIT_SCADA,MISSING,,False
2023-03,GENERATOR_OUTAGES,BLOCKED_EXTERNAL,,True
2023-03,UNIT_COMMITMENT,DERIVED_PARTIAL,,False
2023-03,RENEWABLE_GENERATION,DERIVED_PARTIAL,,False
2023-03,WEATHER,BLOCKED_EXTERNAL,,True
2023-03,FCAS,BLOCKED_EXTERNAL,,True
2023-04,DISPATCHPRICE,MISSING,,False
2023-04,DISPATCHREGIONSUM,MISSING,,False
2023-04,DISPATCHINTERCONNECTORRES,MISSING,,False
2023-04,DISPATCHCONSTRAINT,MISSING,,False
2023-04,DISPATCH_UNIT_SCADA,MISSING,,False
2023-04,GENERATOR_OUTAGES,BLOCKED_EXTERNAL,,True
2023-04,UNIT_COMMITMENT,DERIVED_PARTIAL,,False
2023-04,RENEWABLE_GENERATION,DERIVED_PARTIAL,,False
2023-04,WEATHER,BLOCKED_EXTERNAL,,True
2023-04,FCAS,BLOCKED_EXTERNAL,,True
2023-05,DISPATCHPRICE,MISSING,,False
2023-05,DISPATCHREGIONSUM,MISSING,,False
2023-05,DISPATCHINTERCONNECTORRES,MISSING,,False
2023-05,DISPATCHCONSTRAINT,MISSING,,False
2023-05,DISPATCH_UNIT_SCADA,MISSING,,False
2023-05,GENERATOR_OUTAGES,BLOCKED_EXTERNAL,,True
2023-05,UNIT_COMMITMENT,DERIVED_PARTIAL,,False
2023-05,RENEWABLE_GENERATION,DERIVED_PARTIAL,,False
2023-05,WEATHER,BLOCKED_EXTERNAL,,True
2023-05,FCAS,BLOCKED_EXTERNAL,,True
2023-06,DISPATCHPRICE,MISSING,,False
2023-06,DISPATCHREGIONSUM,MISSING,,False
2023-06,DISPATCHINTERCONNECTORRES,MISSING,,False
2023-06,DISPATCHCONSTRAINT,MISSING,,False
2023-06,DISPATCH_UNIT_SCADA,MISSING,,False
2023-06,GENERATOR_OUTAGES,BLOCKED_EXTERNAL,,True
2023-06,UNIT_COMMITMENT,DERIVED_PARTIAL,,False
2023-06,RENEWABLE_GENERATION,DERIVED_PARTIAL,,False
2023-06,WEATHER,BLOCKED_EXTERNAL,,True
2023-06,FCAS,BLOCKED_EXTERNAL,,True
2023-07,DISPATCHPRICE,MISSING,,False
2023-07,DISPATCHREGIONSUM,MISSING,,False
2023-07,DISPATCHINTERCONNECTORRES,MISSING,,False
2023-07,DISPATCHCONSTRAINT,MISSING,,False
2023-07,DISPATCH_UNIT_SCADA,MISSING,,False
2023-07,GENERATOR_OUTAGES,BLOCKED_EXTERNAL,,True
2023-07,UNIT_COMMITMENT,DERIVED_PARTIAL,,False
2023-07,RENEWABLE_GENERATION,DERIVED_PARTIAL,,False
2023-07,WEATHER,BLOCKED_EXTERNAL,,True
2023-07,FCAS,BLOCKED_EXTERNAL,,True
2023-08,DISPATCHPRICE,MISSING,,False
2023-08,DISPATCHREGIONSUM,MISSING,,False
2023-08,DISPATCHINTERCONNECTORRES,MISSING,,False
2023-08,DISPATCHCONSTRAINT,MISSING,,False
2023-08,DISPATCH_UNIT_SCADA,MISSING,,False
2023-08,GENERATOR_OUTAGES,BLOCKED_EXTERNAL,,True
2023-08,UNIT_COMMITMENT,DERIVED_PARTIAL,,False
2023-08,RENEWABLE_GENERATION,DERIVED_PARTIAL,,False
2023-08,WEATHER,BLOCKED_EXTERNAL,,True
2023-08,FCAS,BLOCKED_EXTERNAL,,True
2023-09,DISPATCHPRICE,MISSING,,False
2023-09,DISPATCHREGIONSUM,MISSING,,False
2023-09,DISPATCHINTERCONNECTORRES,MISSING,,False
2023-09,DISPATCHCONSTRAINT,MISSING,,False
2023-09,DISPATCH_UNIT_SCADA,MISSING,,False
2023-09,GENERATOR_OUTAGES,BLOCKED_EXTERNAL,,True
2023-09,UNIT_COMMITMENT,DERIVED_PARTIAL,,False
2023-09,RENEWABLE_GENERATION,DERIVED_PARTIAL,,False
2023-09,WEATHER,BLOCKED_EXTERNAL,,True
2023-09,FCAS,BLOCKED_EXTERNAL,,True
2023-10,DISPATCHPRICE,MISSING,,False
2023-10,DISPATCHREGIONSUM,MISSING,,False
2023-10,DISPATCHINTERCONNECTORRES,MISSING,,False
2023-10,DISPATCHCONSTRAINT,MISSING,,False
2023-10,DISPATCH_UNIT_SCADA,MISSING,,False
2023-10,GENERATOR_OUTAGES,BLOCKED_EXTERNAL,,True
2023-10,UNIT_COMMITMENT,DERIVED_PARTIAL,,False
2023-10,RENEWABLE_GENERATION,DERIVED_PARTIAL,,False
2023-10,WEATHER,BLOCKED_EXTERNAL,,True
2023-10,FCAS,BLOCKED_EXTERNAL,,True
2023-11,DISPATCHPRICE,MISSING,,False
2023-11,DISPATCHREGIONSUM,MISSING,,False
2023-11,DISPATCHINTERCONNECTORRES,MISSING,,False
2023-11,DISPATCHCONSTRAINT,MISSING,,False
2023-11,DISPATCH_UNIT_SCADA,MISSING,,False
2023-11,GENERATOR_OUTAGES,BLOCKED_EXTERNAL,,True
2023-11,UNIT_COMMITMENT,DERIVED_PARTIAL,,False
2023-11,RENEWABLE_GENERATION,DERIVED_PARTIAL,,False
2023-11,WEATHER,BLOCKED_EXTERNAL,,True
2023-11,FCAS,BLOCKED_EXTERNAL,,True
2023-12,DISPATCHPRICE,MISSING,,False
2023-12,DISPATCHREGIONSUM,MISSING,,False
2023-12,DISPATCHINTERCONNECTORRES,MISSING,,False
2023-12,DISPATCHCONSTRAINT,MISSING,,False
2023-12,DISPATCH_UNIT_SCADA,AVAILABLE,76373cc547a63a1f8bf46bffaf2bc2bc7b3101ddeaaf24f608b03e34f7ddc9ff,True
2023-12,GENERATOR_OUTAGES,BLOCKED_EXTERNAL,,True
2023-12,UNIT_COMMITMENT,DERIVED_PARTIAL,76373cc547a63a1f8bf46bffaf2bc2bc7b3101ddeaaf24f608b03e34f7ddc9ff,True
2023-12,RENEWABLE_GENERATION,DERIVED_PARTIAL,76373cc547a63a1f8bf46bffaf2bc2bc7b3101ddeaaf24f608b03e34f7ddc9ff,True
2023-12,WEATHER,BLOCKED_EXTERNAL,,True
2023-12,FCAS,BLOCKED_EXTERNAL,,True
2024-01,DISPATCHPRICE,AVAILABLE,38d45316dddb7dbaaa7c430c6dd03e0295839f0ca4f70c18f090106d8736f34d,True
2024-01,DISPATCHREGIONSUM,AVAILABLE,b8b7c5a4ed07d64ff523898122efd3c57460260567f7e993ac991782dad8124f,True
2024-01,DISPATCHINTERCONNECTORRES,AVAILABLE,042915f5326a2367885d6d87f7e453311cbbd61b7bf5a892e77cc6ed866325f0,True
2024-01,DISPATCHCONSTRAINT,AVAILABLE,a2fcd1d1efbc07bf7690c8b192b6feb5188a39c3dbc5917634b55035d53a0c4c,True
2024-01,DISPATCH_UNIT_SCADA,AVAILABLE,0f002fceda92f4956838536d71728085c7c04129cfbdd7e5941ca0bf29251466,True
2024-01,GENERATOR_OUTAGES,BLOCKED_EXTERNAL,,True
2024-01,UNIT_COMMITMENT,DERIVED_PARTIAL,0f002fceda92f4956838536d71728085c7c04129cfbdd7e5941ca0bf29251466,True
2024-01,RENEWABLE_GENERATION,DERIVED_PARTIAL,0f002fceda92f4956838536d71728085c7c04129cfbdd7e5941ca0bf29251466,True
2024-01,WEATHER,BLOCKED_EXTERNAL,,True
2024-01,FCAS,BLOCKED_EXTERNAL,,True
2024-02,DISPATCHPRICE,MISSING,,False
2024-02,DISPATCHREGIONSUM,MISSING,,False
2024-02,DISPATCHINTERCONNECTORRES,MISSING,,False
2024-02,DISPATCHCONSTRAINT,MISSING,,False
2024-02,DISPATCH_UNIT_SCADA,AVAILABLE,a9fea9d235c26cecea6e18e756ce96def2af6e3d33c906afd7254d3c9718dd24,True
2024-02,GENERATOR_OUTAGES,BLOCKED_EXTERNAL,,True
2024-02,UNIT_COMMITMENT,DERIVED_PARTIAL,a9fea9d235c26cecea6e18e756ce96def2af6e3d33c906afd7254d3c9718dd24,True
2024-02,RENEWABLE_GENERATION,DERIVED_PARTIAL,a9fea9d235c26cecea6e18e756ce96def2af6e3d33c906afd7254d3c9718dd24,True
2024-02,WEATHER,BLOCKED_EXTERNAL,,True
2024-02,FCAS,BLOCKED_EXTERNAL,,True
2024-03,DISPATCHPRICE,MISSING,,False
2024-03,DISPATCHREGIONSUM,MISSING,,False
2024-03,DISPATCHINTERCONNECTORRES,MISSING,,False
2024-03,DISPATCHCONSTRAINT,MISSING,,False
2024-03,DISPATCH_UNIT_SCADA,AVAILABLE,40b7d23fc7f952bb38e2867ce6eacecaef6e54507f8ad1eb66f5aae4d0c2499b,True
2024-03,GENERATOR_OUTAGES,BLOCKED_EXTERNAL,,True
2024-03,UNIT_COMMITMENT,DERIVED_PARTIAL,40b7d23fc7f952bb38e2867ce6eacecaef6e54507f8ad1eb66f5aae4d0c2499b,True
2024-03,RENEWABLE_GENERATION,DERIVED_PARTIAL,40b7d23fc7f952bb38e2867ce6eacecaef6e54507f8ad1eb66f5aae4d0c2499b,True
2024-03,WEATHER,BLOCKED_EXTERNAL,,True
2024-03,FCAS,BLOCKED_EXTERNAL,,True
2024-04,DISPATCHPRICE,MISSING,,False
2024-04,DISPATCHREGIONSUM,MISSING,,False
2024-04,DISPATCHINTERCONNECTORRES,MISSING,,False
2024-04,DISPATCHCONSTRAINT,MISSING,,False
2024-04,DISPATCH_UNIT_SCADA,AVAILABLE,f3fd0fc9246c6cf7bf583878918d8caa73f95ec341b5ccee7a7f166b9a64a119,True
2024-04,GENERATOR_OUTAGES,BLOCKED_EXTERNAL,,True
2024-04,UNIT_COMMITMENT,DERIVED_PARTIAL,f3fd0fc9246c6cf7bf583878918d8caa73f95ec341b5ccee7a7f166b9a64a119,True
2024-04,RENEWABLE_GENERATION,DERIVED_PARTIAL,f3fd0fc9246c6cf7bf583878918d8caa73f95ec341b5ccee7a7f166b9a64a119,True
2024-04,WEATHER,BLOCKED_EXTERNAL,,True
2024-04,FCAS,BLOCKED_EXTERNAL,,True
2024-05,DISPATCHPRICE,MISSING,,False
2024-05,DISPATCHREGIONSUM,MISSING,,False
2024-05,DISPATCHINTERCONNECTORRES,MISSING,,False
2024-05,DISPATCHCONSTRAINT,MISSING,,False
2024-05,DISPATCH_UNIT_SCADA,AVAILABLE,7b663ba0f5ed94b8530683bd1b1ed3d2ebd37f93071c9b3eabf8468dc6699b50,True
2024-05,GENERATOR_OUTAGES,BLOCKED_EXTERNAL,,True
2024-05,UNIT_COMMITMENT,DERIVED_PARTIAL,7b663ba0f5ed94b8530683bd1b1ed3d2ebd37f93071c9b3eabf8468dc6699b50,True
2024-05,RENEWABLE_GENERATION,DERIVED_PARTIAL,7b663ba0f5ed94b8530683bd1b1ed3d2ebd37f93071c9b3eabf8468dc6699b50,True
2024-05,WEATHER,BLOCKED_EXTERNAL,,True
2024-05,FCAS,BLOCKED_EXTERNAL,,True
2024-06,DISPATCHPRICE,MISSING,,False
2024-06,DISPATCHREGIONSUM,MISSING,,False
2024-06,DISPATCHINTERCONNECTORRES,MISSING,,False
2024-06,DISPATCHCONSTRAINT,MISSING,,False
2024-06,DISPATCH_UNIT_SCADA,AVAILABLE,5d76cd89885d826e8662bb9e004ba100c561f21a541cfa0bc357d127950d7ccd,True
2024-06,GENERATOR_OUTAGES,BLOCKED_EXTERNAL,,True
2024-06,UNIT_COMMITMENT,DERIVED_PARTIAL,5d76cd89885d826e8662bb9e004ba100c561f21a541cfa0bc357d127950d7ccd,True
2024-06,RENEWABLE_GENERATION,DERIVED_PARTIAL,5d76cd89885d826e8662bb9e004ba100c561f21a541cfa0bc357d127950d7ccd,True
2024-06,WEATHER,BLOCKED_EXTERNAL,,True
2024-06,FCAS,BLOCKED_EXTERNAL,,True
2024-07,DISPATCHPRICE,MISSING,,False
2024-07,DISPATCHREGIONSUM,MISSING,,False
2024-07,DISPATCHINTERCONNECTORRES,MISSING,,False
2024-07,DISPATCHCONSTRAINT,MISSING,,False
2024-07,DISPATCH_UNIT_SCADA,AVAILABLE,d213b9ac2b0ad7b6a351c3d0affbdef3b9657e244c9afa506ffcb19edc4cbbb7,True
2024-07,GENERATOR_OUTAGES,BLOCKED_EXTERNAL,,True
2024-07,UNIT_COMMITMENT,DERIVED_PARTIAL,d213b9ac2b0ad7b6a351c3d0affbdef3b9657e244c9afa506ffcb19edc4cbbb7,True
2024-07,RENEWABLE_GENERATION,DERIVED_PARTIAL,d213b9ac2b0ad7b6a351c3d0affbdef3b9657e244c9afa506ffcb19edc4cbbb7,True
2024-07,WEATHER,BLOCKED_EXTERNAL,,True
2024-07,FCAS,BLOCKED_EXTERNAL,,True
2024-08,DISPATCHPRICE,MISSING,,False
2024-08,DISPATCHREGIONSUM,MISSING,,False
2024-08,DISPATCHINTERCONNECTORRES,MISSING,,False
2024-08,DISPATCHCONSTRAINT,MISSING,,False
2024-08,DISPATCH_UNIT_SCADA,MISSING,,False
2024-08,GENERATOR_OUTAGES,BLOCKED_EXTERNAL,,True
2024-08,UNIT_COMMITMENT,DERIVED_PARTIAL,,False
2024-08,RENEWABLE_GENERATION,DERIVED_PARTIAL,,False
2024-08,WEATHER,BLOCKED_EXTERNAL,,True
2024-08,FCAS,BLOCKED_EXTERNAL,,True
2024-09,DISPATCHPRICE,MISSING,,False
2024-09,DISPATCHREGIONSUM,MISSING,,False
2024-09,DISPATCHINTERCONNECTORRES,MISSING,,False
2024-09,DISPATCHCONSTRAINT,MISSING,,False
2024-09,DISPATCH_UNIT_SCADA,MISSING,,False
2024-09,GENERATOR_OUTAGES,BLOCKED_EXTERNAL,,True
2024-09,UNIT_COMMITMENT,DERIVED_PARTIAL,,False
2024-09,RENEWABLE_GENERATION,DERIVED_PARTIAL,,False
2024-09,WEATHER,BLOCKED_EXTERNAL,,True
2024-09,FCAS,BLOCKED_EXTERNAL,,True
2024-10,DISPATCHPRICE,MISSING,,False
2024-10,DISPATCHREGIONSUM,AVAILABLE,9846533e4096f620b36323c877cc922d8037f663a136269bc293fed8ba09fb7f,True
2024-10,DISPATCHINTERCONNECTORRES,AVAILABLE,e17da30144e97c4b3fda25ea8877490711871221ca608152a54340b69aa6f61b,True
2024-10,DISPATCHCONSTRAINT,MISSING,,False
2024-10,DISPATCH_UNIT_SCADA,MISSING,,False
2024-10,GENERATOR_OUTAGES,BLOCKED_EXTERNAL,,True
2024-10,UNIT_COMMITMENT,DERIVED_PARTIAL,,False
2024-10,RENEWABLE_GENERATION,DERIVED_PARTIAL,,False
2024-10,WEATHER,BLOCKED_EXTERNAL,,True
2024-10,FCAS,BLOCKED_EXTERNAL,,True
2024-11,DISPATCHPRICE,MISSING,,False
2024-11,DISPATCHREGIONSUM,AVAILABLE,e42ccf85e6f5bbfc66cd9a41abe251b5aaa78ebc8b9087a994952703d4f9a418,True
2024-11,DISPATCHINTERCONNECTORRES,AVAILABLE,3c08196537eedd9e30deea0cb546c5146c72c3552bb223a2670d41f2888ebf09,True
2024-11,DISPATCHCONSTRAINT,MISSING,,False
2024-11,DISPATCH_UNIT_SCADA,MISSING,,False
2024-11,GENERATOR_OUTAGES,BLOCKED_EXTERNAL,,True
2024-11,UNIT_COMMITMENT,DERIVED_PARTIAL,,False
2024-11,RENEWABLE_GENERATION,DERIVED_PARTIAL,,False
2024-11,WEATHER,BLOCKED_EXTERNAL,,True
2024-11,FCAS,BLOCKED_EXTERNAL,,True
2024-12,DISPATCHPRICE,MISSING,,False
2024-12,DISPATCHREGIONSUM,AVAILABLE,bfbbac83d8bb56328b9571cc79ff38152dc47baf89eb837c0f01129c6e14267e,True
2024-12,DISPATCHINTERCONNECTORRES,AVAILABLE,16c7769aadc769eada9303dd7b57b59e33f440915efeee87e7f90ce11a53cec7,True
2024-12,DISPATCHCONSTRAINT,MISSING,,False
2024-12,DISPATCH_UNIT_SCADA,MISSING,,False
2024-12,GENERATOR_OUTAGES,BLOCKED_EXTERNAL,,True
2024-12,UNIT_COMMITMENT,DERIVED_PARTIAL,,False
2024-12,RENEWABLE_GENERATION,DERIVED_PARTIAL,,False
2024-12,WEATHER,BLOCKED_EXTERNAL,,True
2024-12,FCAS,BLOCKED_EXTERNAL,,True
2025-01,DISPATCHPRICE,MISSING,,False
2025-01,DISPATCHREGIONSUM,MISSING,,False
2025-01,DISPATCHINTERCONNECTORRES,MISSING,,False
2025-01,DISPATCHCONSTRAINT,MISSING,,False
2025-01,DISPATCH_UNIT_SCADA,MISSING,,False
2025-01,GENERATOR_OUTAGES,BLOCKED_EXTERNAL,,True
2025-01,UNIT_COMMITMENT,DERIVED_PARTIAL,,False
2025-01,RENEWABLE_GENERATION,DERIVED_PARTIAL,,False
2025-01,WEATHER,BLOCKED_EXTERNAL,,True
2025-01,FCAS,BLOCKED_EXTERNAL,,True
2025-02,DISPATCHPRICE,MISSING,,False
2025-02,DISPATCHREGIONSUM,MISSING,,False
2025-02,DISPATCHINTERCONNECTORRES,MISSING,,False
2025-02,DISPATCHCONSTRAINT,MISSING,,False
2025-02,DISPATCH_UNIT_SCADA,MISSING,,False
2025-02,GENERATOR_OUTAGES,BLOCKED_EXTERNAL,,True
2025-02,UNIT_COMMITMENT,DERIVED_PARTIAL,,False
2025-02,RENEWABLE_GENERATION,DERIVED_PARTIAL,,False
2025-02,WEATHER,BLOCKED_EXTERNAL,,True
2025-02,FCAS,BLOCKED_EXTERNAL,,True
2025-03,DISPATCHPRICE,MISSING,,False
2025-03,DISPATCHREGIONSUM,MISSING,,False
2025-03,DISPATCHINTERCONNECTORRES,MISSING,,False
2025-03,DISPATCHCONSTRAINT,MISSING,,False
2025-03,DISPATCH_UNIT_SCADA,MISSING,,False
2025-03,GENERATOR_OUTAGES,BLOCKED_EXTERNAL,,True
2025-03,UNIT_COMMITMENT,DERIVED_PARTIAL,,False
2025-03,RENEWABLE_GENERATION,DERIVED_PARTIAL,,False
2025-03,WEATHER,BLOCKED_EXTERNAL,,True
2025-03,FCAS,BLOCKED_EXTERNAL,,True
2025-04,DISPATCHPRICE,MISSING,,False
2025-04,DISPATCHREGIONSUM,MISSING,,False
2025-04,DISPATCHINTERCONNECTORRES,MISSING,,False
2025-04,DISPATCHCONSTRAINT,MISSING,,False
2025-04,DISPATCH_UNIT_SCADA,MISSING,,False
2025-04,GENERATOR_OUTAGES,BLOCKED_EXTERNAL,,True
2025-04,UNIT_COMMITMENT,DERIVED_PARTIAL,,False
2025-04,RENEWABLE_GENERATION,DERIVED_PARTIAL,,False
2025-04,WEATHER,BLOCKED_EXTERNAL,,True
2025-04,FCAS,BLOCKED_EXTERNAL,,True
2025-05,DISPATCHPRICE,MISSING,,False
2025-05,DISPATCHREGIONSUM,MISSING,,False
2025-05,DISPATCHINTERCONNECTORRES,MISSING,,False
2025-05,DISPATCHCONSTRAINT,MISSING,,False
2025-05,DISPATCH_UNIT_SCADA,MISSING,,False
2025-05,GENERATOR_OUTAGES,BLOCKED_EXTERNAL,,True
2025-05,UNIT_COMMITMENT,DERIVED_PARTIAL,,False
2025-05,RENEWABLE_GENERATION,DERIVED_PARTIAL,,False
2025-05,WEATHER,BLOCKED_EXTERNAL,,True
2025-05,FCAS,BLOCKED_EXTERNAL,,True
2025-06,DISPATCHPRICE,MISSING,,False
2025-06,DISPATCHREGIONSUM,MISSING,,False
2025-06,DISPATCHINTERCONNECTORRES,MISSING,,False
2025-06,DISPATCHCONSTRAINT,MISSING,,False
2025-06,DISPATCH_UNIT_SCADA,MISSING,,False
2025-06,GENERATOR_OUTAGES,BLOCKED_EXTERNAL,,True
2025-06,UNIT_COMMITMENT,DERIVED_PARTIAL,,False
2025-06,RENEWABLE_GENERATION,DERIVED_PARTIAL,,False
2025-06,WEATHER,BLOCKED_EXTERNAL,,True
2025-06,FCAS,BLOCKED_EXTERNAL,,True
2025-07,DISPATCHPRICE,MISSING,,False
2025-07,DISPATCHREGIONSUM,MISSING,,False
2025-07,DISPATCHINTERCONNECTORRES,MISSING,,False
2025-07,DISPATCHCONSTRAINT,MISSING,,False
2025-07,DISPATCH_UNIT_SCADA,MISSING,,False
2025-07,GENERATOR_OUTAGES,BLOCKED_EXTERNAL,,True
2025-07,UNIT_COMMITMENT,DERIVED_PARTIAL,,False
2025-07,RENEWABLE_GENERATION,DERIVED_PARTIAL,,False
2025-07,WEATHER,BLOCKED_EXTERNAL,,True
2025-07,FCAS,BLOCKED_EXTERNAL,,True
2025-08,DISPATCHPRICE,MISSING,,False
2025-08,DISPATCHREGIONSUM,MISSING,,False
2025-08,DISPATCHINTERCONNECTORRES,MISSING,,False
2025-08,DISPATCHCONSTRAINT,MISSING,,False
2025-08,DISPATCH_UNIT_SCADA,MISSING,,False
2025-08,GENERATOR_OUTAGES,BLOCKED_EXTERNAL,,True
2025-08,UNIT_COMMITMENT,DERIVED_PARTIAL,,False
2025-08,RENEWABLE_GENERATION,DERIVED_PARTIAL,,False
2025-08,WEATHER,BLOCKED_EXTERNAL,,True
2025-08,FCAS,BLOCKED_EXTERNAL,,True
2025-09,DISPATCHPRICE,MISSING,,False
2025-09,DISPATCHREGIONSUM,MISSING,,False
2025-09,DISPATCHINTERCONNECTORRES,MISSING,,False
2025-09,DISPATCHCONSTRAINT,MISSING,,False
2025-09,DISPATCH_UNIT_SCADA,MISSING,,False
2025-09,GENERATOR_OUTAGES,BLOCKED_EXTERNAL,,True
2025-09,UNIT_COMMITMENT,DERIVED_PARTIAL,,False
2025-09,RENEWABLE_GENERATION,DERIVED_PARTIAL,,False
2025-09,WEATHER,BLOCKED_EXTERNAL,,True
2025-09,FCAS,BLOCKED_EXTERNAL,,True
2025-10,DISPATCHPRICE,MISSING,,False
2025-10,DISPATCHREGIONSUM,MISSING,,False
2025-10,DISPATCHINTERCONNECTORRES,MISSING,,False
2025-10,DISPATCHCONSTRAINT,MISSING,,False
2025-10,DISPATCH_UNIT_SCADA,MISSING,,False
2025-10,GENERATOR_OUTAGES,BLOCKED_EXTERNAL,,True
2025-10,UNIT_COMMITMENT,DERIVED_PARTIAL,,False
2025-10,RENEWABLE_GENERATION,DERIVED_PARTIAL,,False
2025-10,WEATHER,BLOCKED_EXTERNAL,,True
2025-10,FCAS,BLOCKED_EXTERNAL,,True
2025-11,DISPATCHPRICE,MISSING,,False
2025-11,DISPATCHREGIONSUM,MISSING,,False
2025-11,DISPATCHINTERCONNECTORRES,MISSING,,False
2025-11,DISPATCHCONSTRAINT,MISSING,,False
2025-11,DISPATCH_UNIT_SCADA,MISSING,,False
2025-11,GENERATOR_OUTAGES,BLOCKED_EXTERNAL,,True
2025-11,UNIT_COMMITMENT,DERIVED_PARTIAL,,False
2025-11,RENEWABLE_GENERATION,DERIVED_PARTIAL,,False
2025-11,WEATHER,BLOCKED_EXTERNAL,,True
2025-11,FCAS,BLOCKED_EXTERNAL,,True
2025-12,DISPATCHPRICE,MISSING,,False
2025-12,DISPATCHREGIONSUM,MISSING,,False
2025-12,DISPATCHINTERCONNECTORRES,MISSING,,False
2025-12,DISPATCHCONSTRAINT,MISSING,,False
2025-12,DISPATCH_UNIT_SCADA,MISSING,,False
2025-12,GENERATOR_OUTAGES,BLOCKED_EXTERNAL,,True
2025-12,UNIT_COMMITMENT,DERIVED_PARTIAL,,False
2025-12,RENEWABLE_GENERATION,DERIVED_PARTIAL,,False
2025-12,WEATHER,BLOCKED_EXTERNAL,,True
2025-12,FCAS,BLOCKED_EXTERNAL,,True
2026-01,DISPATCHPRICE,MISSING,,False
2026-01,DISPATCHREGIONSUM,MISSING,,False
2026-01,DISPATCHINTERCONNECTORRES,MISSING,,False
2026-01,DISPATCHCONSTRAINT,MISSING,,False
2026-01,DISPATCH_UNIT_SCADA,MISSING,,False
2026-01,GENERATOR_OUTAGES,BLOCKED_EXTERNAL,,True
2026-01,UNIT_COMMITMENT,DERIVED_PARTIAL,,False
2026-01,RENEWABLE_GENERATION,DERIVED_PARTIAL,,False
2026-01,WEATHER,BLOCKED_EXTERNAL,,True
2026-01,FCAS,BLOCKED_EXTERNAL,,True
2026-02,DISPATCHPRICE,MISSING,,False
2026-02,DISPATCHREGIONSUM,MISSING,,False
2026-02,DISPATCHINTERCONNECTORRES,MISSING,,False
2026-02,DISPATCHCONSTRAINT,MISSING,,False
2026-02,DISPATCH_UNIT_SCADA,MISSING,,False
2026-02,GENERATOR_OUTAGES,BLOCKED_EXTERNAL,,True
2026-02,UNIT_COMMITMENT,DERIVED_PARTIAL,,False
2026-02,RENEWABLE_GENERATION,DERIVED_PARTIAL,,False
2026-02,WEATHER,BLOCKED_EXTERNAL,,True
2026-02,FCAS,BLOCKED_EXTERNAL,,True
2026-03,DISPATCHPRICE,MISSING,,False
2026-03,DISPATCHREGIONSUM,MISSING,,False
2026-03,DISPATCHINTERCONNECTORRES,MISSING,,False
2026-03,DISPATCHCONSTRAINT,MISSING,,False
2026-03,DISPATCH_UNIT_SCADA,MISSING,,False
2026-03,GENERATOR_OUTAGES,BLOCKED_EXTERNAL,,True
2026-03,UNIT_COMMITMENT,DERIVED_PARTIAL,,False
2026-03,RENEWABLE_GENERATION,DERIVED_PARTIAL,,False
2026-03,WEATHER,BLOCKED_EXTERNAL,,True
2026-03,FCAS,BLOCKED_EXTERNAL,,True
2026-04,DISPATCHPRICE,MISSING,,False
2026-04,DISPATCHREGIONSUM,MISSING,,False
2026-04,DISPATCHINTERCONNECTORRES,MISSING,,False
2026-04,DISPATCHCONSTRAINT,MISSING,,False
2026-04,DISPATCH_UNIT_SCADA,MISSING,,False
2026-04,GENERATOR_OUTAGES,BLOCKED_EXTERNAL,,True
2026-04,UNIT_COMMITMENT,DERIVED_PARTIAL,,False
2026-04,RENEWABLE_GENERATION,DERIVED_PARTIAL,,False
2026-04,WEATHER,BLOCKED_EXTERNAL,,True
2026-04,FCAS,BLOCKED_EXTERNAL,,True
2026-05,DISPATCHPRICE,MISSING,,False
2026-05,DISPATCHREGIONSUM,MISSING,,False
2026-05,DISPATCHINTERCONNECTORRES,MISSING,,False
2026-05,DISPATCHCONSTRAINT,MISSING,,False
2026-05,DISPATCH_UNIT_SCADA,MISSING,,False
2026-05,GENERATOR_OUTAGES,BLOCKED_EXTERNAL,,True
2026-05,UNIT_COMMITMENT,DERIVED_PARTIAL,,False
2026-05,RENEWABLE_GENERATION,DERIVED_PARTIAL,,False
2026-05,WEATHER,BLOCKED_EXTERNAL,,True
2026-05,FCAS,BLOCKED_EXTERNAL,,True
2026-06,DISPATCHPRICE,MISSING,,False
2026-06,DISPATCHREGIONSUM,MISSING,,False
2026-06,DISPATCHINTERCONNECTORRES,MISSING,,False
2026-06,DISPATCHCONSTRAINT,MISSING,,False
2026-06,DISPATCH_UNIT_SCADA,MISSING,,False
2026-06,GENERATOR_OUTAGES,BLOCKED_EXTERNAL,,True
2026-06,UNIT_COMMITMENT,DERIVED_PARTIAL,,False
2026-06,RENEWABLE_GENERATION,DERIVED_PARTIAL,,False
2026-06,WEATHER,BLOCKED_EXTERNAL,,True
2026-06,FCAS,BLOCKED_EXTERNAL,,True
2026-07,DISPATCHPRICE,MISSING,,False
2026-07,DISPATCHREGIONSUM,MISSING,,False
2026-07,DISPATCHINTERCONNECTORRES,MISSING,,False
2026-07,DISPATCHCONSTRAINT,MISSING,,False
2026-07,DISPATCH_UNIT_SCADA,MISSING,,False
2026-07,GENERATOR_OUTAGES,BLOCKED_EXTERNAL,,True
2026-07,UNIT_COMMITMENT,DERIVED_PARTIAL,,False
2026-07,RENEWABLE_GENERATION,DERIVED_PARTIAL,,False
2026-07,WEATHER,BLOCKED_EXTERNAL,,True
2026-07,FCAS,BLOCKED_EXTERNAL,,True
