month,dataset,dataset_status,rows,files,min_interval,max_interval,blocker
2020-01,DISPATCHPRICE,AVAILABLE,8928,1.0,2019-12-31T14:05:00Z,2020-01-31T14:00:00Z,
2020-01,DISPATCHREGIONSUM,MISSING,0,,,,
2020-01,DISPATCHINTERCONNECTORRES,MISSING,0,,,,
2020-01,DISPATCHCONSTRAINT,AVAILABLE,8928,1.0,2019-12-31T14:05:00Z,2020-01-31T14:00:00Z,
2020-01,DISPATCH_UNIT_SCADA,MISSING,0,,,,
2020-01,GENERATOR_OUTAGES,BLOCKED_EXTERNAL,0,0.0,,,External outage source not ingested yet
2020-01,UNIT_COMMITMENT,DERIVED_PARTIAL,0,0.0,,,Derived proxy from SCADA only (no unit technology register)
2020-01,RENEWABLE_GENERATION,DERIVED_PARTIAL,0,0.0,,,No DUID technology map in repo snapshot
2020-01,WEATHER,BLOCKED_EXTERNAL,0,0.0,,,No BOM weather ingest configured
2020-01,FCAS,BLOCKED_EXTERNAL,0,0.0,,,No FCAS dataset ingest in current snapshot
2020-02,DISPATCHPRICE,AVAILABLE,8352,1.0,2020-01-31T14:05:00Z,2020-02-29T14:00:00Z,
2020-02,DISPATCHREGIONSUM,MISSING,0,,,,
2020-02,DISPATCHINTERCONNECTORRES,MISSING,0,,,,
2020-02,DISPATCHCONSTRAINT,AVAILABLE,8352,1.0,2020-01-31T14:05:00Z,2020-02-29T14:00:00Z,
2020-02,DISPATCH_UNIT_SCADA,MISSING,0,,,,
2020-02,GENERATOR_OUTAGES,BLOCKED_EXTERNAL,0,0.0,,,External outage source not ingested yet
2020-02,UNIT_COMMITMENT,DERIVED_PARTIAL,0,0.0,,,Derived proxy from SCADA only (no unit technology register)
2020-02,RENEWABLE_GENERATION,DERIVED_PARTIAL,0,0.0,,,No DUID technology map in repo snapshot
2020-02,WEATHER,BLOCKED_EXTERNAL,0,0.0,,,No BOM weather ingest configured
2020-02,FCAS,BLOCKED_EXTERNAL,0,0.0,,,No FCAS dataset ingest in current snapshot
2020-03,DISPATCHPRICE,AVAILABLE,8928,1.0,2020-02-29T14:05:00Z,2020-03-31T14:00:00Z,
2020-03,DISPATCHREGIONSUM,MISSING,0,,,,
2020-03,DISPATCHINTERCONNECTORRES,MISSING,0,,,,
2020-03,DISPATCHCONSTRAINT,AVAILABLE,8928,1.0,2020-02-29T14:05:00Z,2020-03-31T14:00:00Z,
2020-03,DISPATCH_UNIT_SCADA,MISSING,0,,,,
2020-03,GENERATOR_OUTAGES,BLOCKED_EXTERNAL,0,0.0,,,External outage source not ingested yet
2020-03,UNIT_COMMITMENT,DERIVED_PARTIAL,0,0.0,,,Derived proxy from SCADA only (no unit technology register)
2020-03,RENEWABLE_GENERATION,DERIVED_PARTIAL,0,0.0,,,No DUID technology map in repo snapshot
2020-03,WEATHER,BLOCKED_EXTERNAL,0,0.0,,,No BOM weather ingest configured
2020-03,FCAS,BLOCKED_EXTERNAL,0,0.0,,,No FCAS dataset ingest in current snapshot
2020-04,DISPATCHPRICE,AVAILABLE,8640,1.0,2020-03-31T14:05:00Z,2020-04-30T14:00:00Z,
2020-04,DISPATCHREGIONSUM,MISSING,0,,,,
2020-04,DISPATCHINTERCONNECTORRES,MISSING,0,,,,
2020-04,DISPATCHCONSTRAINT,AVAILABLE,8640,1.0,2020-03-31T14:05:00Z,2020-04-30T14:00:00Z,
2020-04,DISPATCH_UNIT_SCADA,MISSING,0,,,,
2020-04,GENERATOR_OUTAGES,BLOCKED_EXTERNAL,0,0.0,,,External outage source not ingested yet
2020-04,UNIT_COMMITMENT,DERIVED_PARTIAL,0,0.0,,,Derived proxy from SCADA only (no unit technology register)
2020-04,RENEWABLE_GENERATION,DERIVED_PARTIAL,0,0.0,,,No DUID technology map in repo snapshot
2020-04,WEATHER,BLOCKED_EXTERNAL,0,0.0,,,No BOM weather ingest configured
2020-04,FCAS,BLOCKED_EXTERNAL,0,0.0,,,No FCAS dataset ingest in current snapshot
2020-05,DISPATCHPRICE,AVAILABLE,8928,1.0,2020-04-30T14:05:00Z,2020-05-31T14:00:00Z,
2020-05,DISPATCHREGIONSUM,MISSING,0,,,,
2020-05,DISPATCHINTERCONNECTORRES,MISSING,0,,,,
2020-05,DISPATCHCONSTRAINT,AVAILABLE,8928,1.0,2020-04-30T14:05:00Z,2020-05-31T14:00:00Z,
2020-05,DISPATCH_UNIT_SCADA,MISSING,0,,,,
2020-05,GENERATOR_OUTAGES,BLOCKED_EXTERNAL,0,0.0,,,External outage source not ingested yet
2020-05,UNIT_COMMITMENT,DERIVED_PARTIAL,0,0.0,,,Derived proxy from SCADA only (no unit technology register)
2020-05,RENEWABLE_GENERATION,DERIVED_PARTIAL,0,0.0,,,No DUID technology map in repo snapshot
2020-05,WEATHER,BLOCKED_EXTERNAL,0,0.0,,,No BOM weather ingest configured
2020-05,FCAS,BLOCKED_EXTERNAL,0,0.0,,,No FCAS dataset ingest in current snapshot
2020-06,DISPATCHPRICE,MISSING,0,,,,
2020-06,DISPATCHREGIONSUM,MISSING,0,,,,
2020-06,DISPATCHINTERCONNECTORRES,MISSING,0,,,,
2020-06,DISPATCHCONSTRAINT,AVAILABLE,8640,1.0,2020-05-31T14:05:00Z,2020-06-30T14:00:00Z,
2020-06,DISPATCH_UNIT_SCADA,MISSING,0,,,,
2020-06,GENERATOR_OUTAGES,BLOCKED_EXTERNAL,0,0.0,,,External outage source not ingested yet
2020-06,UNIT_COMMITMENT,DERIVED_PARTIAL,0,0.0,,,Derived proxy from SCADA only (no unit technology register)
2020-06,RENEWABLE_GENERATION,DERIVED_PARTIAL,0,0.0,,,No DUID technology map in repo snapshot
2020-06,WEATHER,BLOCKED_EXTERNAL,0,0.0,,,No BOM weather ingest configured
2020-06,FCAS,BLOCKED_EXTERNAL,0,0.0,,,No FCAS dataset ingest in current snapshot
2020-07,DISPATCHPRICE,MISSING,0,,,,
2020-07,DISPATCHREGIONSUM,MISSING,0,,,,
2020-07,DISPATCHINTERCONNECTORRES,MISSING,0,,,,
2020-07,DISPATCHCONSTRAINT,AVAILABLE,8928,1.0,2020-06-30T14:05:00Z,2020-07-31T14:00:00Z,
2020-07,DISPATCH_UNIT_SCADA,MISSING,0,,,,
2020-07,GENERATOR_OUTAGES,BLOCKED_EXTERNAL,0,0.0,,,External outage source not ingested yet
2020-07,UNIT_COMMITMENT,DERIVED_PARTIAL,0,0.0,,,Derived proxy from SCADA only (no unit technology register)
2020-07,RENEWABLE_GENERATION,DERIVED_PARTIAL,0,0.0,,,No DUID technology map in repo snapshot
2020-07,WEATHER,BLOCKED_EXTERNAL,0,0.0,,,No BOM weather ingest configured
2020-07,FCAS,BLOCKED_EXTERNAL,0,0.0,,,No FCAS dataset ingest in current snapshot
2020-08,DISPATCHPRICE,MISSING,0,,,,
2020-08,DISPATCHREGIONSUM,MISSING,0,,,,
2020-08,DISPATCHINTERCONNECTORRES,MISSING,0,,,,
2020-08,DISPATCHCONSTRAINT,AVAILABLE,8928,1.0,2020-07-31T14:05:00Z,2020-08-31T14:00:00Z,
2020-08,DISPATCH_UNIT_SCADA,MISSING,0,,,,
2020-08,GENERATOR_OUTAGES,BLOCKED_EXTERNAL,0,0.0,,,External outage source not ingested yet
2020-08,UNIT_COMMITMENT,DERIVED_PARTIAL,0,0.0,,,Derived proxy from SCADA only (no unit technology register)
2020-08,RENEWABLE_GENERATION,DERIVED_PARTIAL,0,0.0,,,No DUID technology map in repo snapshot
2020-08,WEATHER,BLOCKED_EXTERNAL,0,0.0,,,No BOM weather ingest configured
2020-08,FCAS,BLOCKED_EXTERNAL,0,0.0,,,No FCAS dataset ingest in current snapshot
2020-09,DISPATCHPRICE,MISSING,0,,,,
2020-09,DISPATCHREGIONSUM,MISSING,0,,,,
2020-09,DISPATCHINTERCONNECTORRES,MISSING,0,,,,
2020-09,DISPATCHCONSTRAINT,AVAILABLE,8640,1.0,2020-08-31T14:05:00Z,2020-09-30T14:00:00Z,
2020-09,DISPATCH_UNIT_SCADA,MISSING,0,,,,
2020-09,GENERATOR_OUTAGES,BLOCKED_EXTERNAL,0,0.0,,,External outage source not ingested yet
2020-09,UNIT_COMMITMENT,DERIVED_PARTIAL,0,0.0,,,Derived proxy from SCADA only (no unit technology register)
2020-09,RENEWABLE_GENERATION,DERIVED_PARTIAL,0,0.0,,,No DUID technology map in repo snapshot
2020-09,WEATHER,BLOCKED_EXTERNAL,0,0.0,,,No BOM weather ingest configured
2020-09,FCAS,BLOCKED_EXTERNAL,0,0.0,,,No FCAS dataset ingest in current snapshot
2020-10,DISPATCHPRICE,MISSING,0,,,,
2020-10,DISPATCHREGIONSUM,MISSING,0,,,,
2020-10,DISPATCHINTERCONNECTORRES,MISSING,0,,,,
2020-10,DISPATCHCONSTRAINT,AVAILABLE,8928,1.0,2020-09-30T14:05:00Z,2020-10-31T14:00:00Z,
2020-10,DISPATCH_UNIT_SCADA,MISSING,0,,,,
2020-10,GENERATOR_OUTAGES,BLOCKED_EXTERNAL,0,0.0,,,External outage source not ingested yet
2020-10,UNIT_COMMITMENT,DERIVED_PARTIAL,0,0.0,,,Derived proxy from SCADA only (no unit technology register)
2020-10,RENEWABLE_GENERATION,DERIVED_PARTIAL,0,0.0,,,No DUID technology map in repo snapshot
2020-10,WEATHER,BLOCKED_EXTERNAL,0,0.0,,,No BOM weather ingest configured
2020-10,FCAS,BLOCKED_EXTERNAL,0,0.0,,,No FCAS dataset ingest in current snapshot
2020-11,DISPATCHPRICE,MISSING,0,,,,
2020-11,DISPATCHREGIONSUM,MISSING,0,,,,
2020-11,DISPATCHINTERCONNECTORRES,MISSING,0,,,,
2020-11,DISPATCHCONSTRAINT,AVAILABLE,8640,1.0,2020-10-31T14:05:00Z,2020-11-30T14:00:00Z,
2020-11,DISPATCH_UNIT_SCADA,MISSING,0,,,,
2020-11,GENERATOR_OUTAGES,BLOCKED_EXTERNAL,0,0.0,,,External outage source not ingested yet
2020-11,UNIT_COMMITMENT,DERIVED_PARTIAL,0,0.0,,,Derived proxy from SCADA only (no unit technology register)
2020-11,RENEWABLE_GENERATION,DERIVED_PARTIAL,0,0.0,,,No DUID technology map in repo snapshot
2020-11,WEATHER,BLOCKED_EXTERNAL,0,0.0,,,No BOM weather ingest configured
2020-11,FCAS,BLOCKED_EXTERNAL,0,0.0,,,No FCAS dataset ingest in current snapshot
2020-12,DISPATCHPRICE,MISSING,0,,,,
2020-12,DISPATCHREGIONSUM,MISSING,0,,,,
2020-12,DISPATCHINTERCONNECTORRES,MISSING,0,,,,
2020-12,DISPATCHCONSTRAINT,AVAILABLE,8928,1.0,2020-11-30T14:05:00Z,2020-12-31T14:00:00Z,
2020-12,DISPATCH_UNIT_SCADA,MISSING,0,,,,
2020-12,GENERATOR_OUTAGES,BLOCKED_EXTERNAL,0,0.0,,,External outage source not ingested yet
2020-12,UNIT_COMMITMENT,DERIVED_PARTIAL,0,0.0,,,Derived proxy from SCADA only (no unit technology register)
2020-12,RENEWABLE_GENERATION,DERIVED_PARTIAL,0,0.0,,,No DUID technology map in repo snapshot
2020-12,WEATHER,BLOCKED_EXTERNAL,0,0.0,,,No BOM weather ingest configured
2020-12,FCAS,BLOCKED_EXTERNAL,0,0.0,,,No FCAS dataset ingest in current snapshot
2021-01,DISPATCHPRICE,MISSING,0,,,,
2021-01,DISPATCHREGIONSUM,MISSING,0,,,,
2021-01,DISPATCHINTERCONNECTORRES,MISSING,0,,,,
2021-01,DISPATCHCONSTRAINT,AVAILABLE,8928,1.0,2020-12-31T14:05:00Z,2021-01-31T14:00:00Z,
2021-01,DISPATCH_UNIT_SCADA,MISSING,0,,,,
2021-01,GENERATOR_OUTAGES,BLOCKED_EXTERNAL,0,0.0,,,External outage source not ingested yet
2021-01,UNIT_COMMITMENT,DERIVED_PARTIAL,0,0.0,,,Derived proxy from SCADA only (no unit technology register)
2021-01,RENEWABLE_GENERATION,DERIVED_PARTIAL,0,0.0,,,No DUID technology map in repo snapshot
2021-01,WEATHER,BLOCKED_EXTERNAL,0,0.0,,,No BOM weather ingest configured
2021-01,FCAS,BLOCKED_EXTERNAL,0,0.0,,,No FCAS dataset ingest in current snapshot
2021-02,DISPATCHPRICE,MISSING,0,,,,
2021-02,DISPATCHREGIONSUM,MISSING,0,,,,
2021-02,DISPATCHINTERCONNECTORRES,MISSING,0,,,,
2021-02,DISPATCHCONSTRAINT,AVAILABLE,8064,1.0,2021-01-31T14:05:00Z,2021-02-28T14:00:00Z,
2021-02,DISPATCH_UNIT_SCADA,MISSING,0,,,,
2021-02,GENERATOR_OUTAGES,BLOCKED_EXTERNAL,0,0.0,,,External outage source not ingested yet
2021-02,UNIT_COMMITMENT,DERIVED_PARTIAL,0,0.0,,,Derived proxy from SCADA only (no unit technology register)
2021-02,RENEWABLE_GENERATION,DERIVED_PARTIAL,0,0.0,,,No DUID technology map in repo snapshot
2021-02,WEATHER,BLOCKED_EXTERNAL,0,0.0,,,No BOM weather ingest configured
2021-02,FCAS,BLOCKED_EXTERNAL,0,0.0,,,No FCAS dataset ingest in current snapshot
2021-03,DISPATCHPRICE,MISSING,0,,,,
2021-03,DISPATCHREGIONSUM,MISSING,0,,,,
2021-03,DISPATCHINTERCONNECTORRES,MISSING,0,,,,
2021-03,DISPATCHCONSTRAINT,AVAILABLE,8928,1.0,2021-02-28T14:05:00Z,2021-03-31T14:00:00Z,
2021-03,DISPATCH_UNIT_SCADA,MISSING,0,,,,
2021-03,GENERATOR_OUTAGES,BLOCKED_EXTERNAL,0,0.0,,,External outage source not ingested yet
2021-03,UNIT_COMMITMENT,DERIVED_PARTIAL,0,0.0,,,Derived proxy from SCADA only (no unit technology register)
2021-03,RENEWABLE_GENERATION,DERIVED_PARTIAL,0,0.0,,,No DUID technology map in repo snapshot
2021-03,WEATHER,BLOCKED_EXTERNAL,0,0.0,,,No BOM weather ingest configured
2021-03,FCAS,BLOCKED_EXTERNAL,0,0.0,,,No FCAS dataset ingest in current snapshot
2021-04,DISPATCHPRICE,MISSING,0,,,,
2021-04,DISPATCHREGIONSUM,MISSING,0,,,,
2021-04,DISPATCHINTERCONNECTORRES,MISSING,0,,,,
2021-04,DISPATCHCONSTRAINT,AVAILABLE,8640,1.0,2021-03-31T14:05:00Z,2021-04-30T14:00:00Z,
2021-04,DISPATCH_UNIT_SCADA,MISSING,0,,,,
2021-04,GENERATOR_OUTAGES,BLOCKED_EXTERNAL,0,0.0,,,External outage source not ingested yet
2021-04,UNIT_COMMITMENT,DERIVED_PARTIAL,0,0.0,,,Derived proxy from SCADA only (no unit technology register)
2021-04,RENEWABLE_GENERATION,DERIVED_PARTIAL,0,0.0,,,No DUID technology map in repo snapshot
2021-04,WEATHER,BLOCKED_EXTERNAL,0,0.0,,,No BOM weather ingest configured
2021-04,FCAS,BLOCKED_EXTERNAL,0,0.0,,,No FCAS dataset ingest in current snapshot
2021-05,DISPATCHPRICE,MISSING,0,,,,
2021-05,DISPATCHREGIONSUM,MISSING,0,,,,
2021-05,DISPATCHINTERCONNECTORRES,MISSING,0,,,,
2021-05,DISPATCHCONSTRAINT,AVAILABLE,8928,1.0,2021-04-30T14:05:00Z,2021-05-31T14:00:00Z,
2021-05,DISPATCH_UNIT_SCADA,MISSING,0,,,,
2021-05,GENERATOR_OUTAGES,BLOCKED_EXTERNAL,0,0.0,,,External outage source not ingested yet
2021-05,UNIT_COMMITMENT,DERIVED_PARTIAL,0,0.0,,,Derived proxy from SCADA only (no unit technology register)
2021-05,RENEWABLE_GENERATION,DERIVED_PARTIAL,0,0.0,,,No DUID technology map in repo snapshot
2021-05,WEATHER,BLOCKED_EXTERNAL,0,0.0,,,No BOM weather ingest configured
2021-05,FCAS,BLOCKED_EXTERNAL,0,0.0,,,No FCAS dataset ingest in current snapshot
2021-06,DISPATCHPRICE,MISSING,0,,,,
2021-06,DISPATCHREGIONSUM,MISSING,0,,,,
2021-06,DISPATCHINTERCONNECTORRES,MISSING,0,,,,
2021-06,DISPATCHCONSTRAINT,AVAILABLE,8640,1.0,2021-05-31T14:05:00Z,2021-06-30T14:00:00Z,
2021-06,DISPATCH_UNIT_SCADA,MISSING,0,,,,
2021-06,GENERATOR_OUTAGES,BLOCKED_EXTERNAL,0,0.0,,,External outage source not ingested yet
2021-06,UNIT_COMMITMENT,DERIVED_PARTIAL,0,0.0,,,Derived proxy from SCADA only (no unit technology register)
2021-06,RENEWABLE_GENERATION,DERIVED_PARTIAL,0,0.0,,,No DUID technology map in repo snapshot
2021-06,WEATHER,BLOCKED_EXTERNAL,0,0.0,,,No BOM weather ingest configured
2021-06,FCAS,BLOCKED_EXTERNAL,0,0.0,,,No FCAS dataset ingest in current snapshot
2021-07,DISPATCHPRICE,MISSING,0,,,,
2021-07,DISPATCHREGIONSUM,MISSING,0,,,,
2021-07,DISPATCHINTERCONNECTORRES,MISSING,0,,,,
2021-07,DISPATCHCONSTRAINT,AVAILABLE,8928,1.0,2021-06-30T14:05:00Z,2021-07-31T14:00:00Z,
2021-07,DISPATCH_UNIT_SCADA,MISSING,0,,,,
2021-07,GENERATOR_OUTAGES,BLOCKED_EXTERNAL,0,0.0,,,External outage source not ingested yet
2021-07,UNIT_COMMITMENT,DERIVED_PARTIAL,0,0.0,,,Derived proxy from SCADA only (no unit technology register)
2021-07,RENEWABLE_GENERATION,DERIVED_PARTIAL,0,0.0,,,No DUID technology map in repo snapshot
2021-07,WEATHER,BLOCKED_EXTERNAL,0,0.0,,,No BOM weather ingest configured
2021-07,FCAS,BLOCKED_EXTERNAL,0,0.0,,,No FCAS dataset ingest in current snapshot
2021-08,DISPATCHPRICE,MISSING,0,,,,
2021-08,DISPATCHREGIONSUM,MISSING,0,,,,
2021-08,DISPATCHINTERCONNECTORRES,MISSING,0,,,,
2021-08,DISPATCHCONSTRAINT,AVAILABLE,8928,1.0,2021-07-31T14:05:00Z,2021-08-31T14:00:00Z,
2021-08,DISPATCH_UNIT_SCADA,MISSING,0,,,,
2021-08,GENERATOR_OUTAGES,BLOCKED_EXTERNAL,0,0.0,,,External outage source not ingested yet
2021-08,UNIT_COMMITMENT,DERIVED_PARTIAL,0,0.0,,,Derived proxy from SCADA only (no unit technology register)
2021-08,RENEWABLE_GENERATION,DERIVED_PARTIAL,0,0.0,,,No DUID technology map in repo snapshot
2021-08,WEATHER,BLOCKED_EXTERNAL,0,0.0,,,No BOM weather ingest configured
2021-08,FCAS,BLOCKED_EXTERNAL,0,0.0,,,No FCAS dataset ingest in current snapshot
2021-09,DISPATCHPRICE,MISSING,0,,,,
2021-09,DISPATCHREGIONSUM,MISSING,0,,,,
2021-09,DISPATCHINTERCONNECTORRES,MISSING,0,,,,
2021-09,DISPATCHCONSTRAINT,AVAILABLE,8640,1.0,2021-08-31T14:05:00Z,2021-09-30T14:00:00Z,
2021-09,DISPATCH_UNIT_SCADA,MISSING,0,,,,
2021-09,GENERATOR_OUTAGES,BLOCKED_EXTERNAL,0,0.0,,,External outage source not ingested yet
2021-09,UNIT_COMMITMENT,DERIVED_PARTIAL,0,0.0,,,Derived proxy from SCADA only (no unit technology register)
2021-09,RENEWABLE_GENERATION,DERIVED_PARTIAL,0,0.0,,,No DUID technology map in repo snapshot
2021-09,WEATHER,BLOCKED_EXTERNAL,0,0.0,,,No BOM weather ingest configured
2021-09,FCAS,BLOCKED_EXTERNAL,0,0.0,,,No FCAS dataset ingest in current snapshot
2021-10,DISPATCHPRICE,MISSING,0,,,,
2021-10,DISPATCHREGIONSUM,MISSING,0,,,,
2021-10,DISPATCHINTERCONNECTORRES,MISSING,0,,,,
2021-10,DISPATCHCONSTRAINT,AVAILABLE,8928,1.0,2021-09-30T14:05:00Z,2021-10-31T14:00:00Z,
2021-10,DISPATCH_UNIT_SCADA,MISSING,0,,,,
2021-10,GENERATOR_OUTAGES,BLOCKED_EXTERNAL,0,0.0,,,External outage source not ingested yet
2021-10,UNIT_COMMITMENT,DERIVED_PARTIAL,0,0.0,,,Derived proxy from SCADA only (no unit technology register)
2021-10,RENEWABLE_GENERATION,DERIVED_PARTIAL,0,0.0,,,No DUID technology map in repo snapshot
2021-10,WEATHER,BLOCKED_EXTERNAL,0,0.0,,,No BOM weather ingest configured
2021-10,FCAS,BLOCKED_EXTERNAL,0,0.0,,,No FCAS dataset ingest in current snapshot
2021-11,DISPATCHPRICE,MISSING,0,,,,
2021-11,DISPATCHREGIONSUM,MISSING,0,,,,
2021-11,DISPATCHINTERCONNECTORRES,MISSING,0,,,,
2021-11,DISPATCHCONSTRAINT,AVAILABLE,8640,1.0,2021-10-31T14:05:00Z,2021-11-30T14:00:00Z,
2021-11,DISPATCH_UNIT_SCADA,MISSING,0,,,,
2021-11,GENERATOR_OUTAGES,BLOCKED_EXTERNAL,0,0.0,,,External outage source not ingested yet
2021-11,UNIT_COMMITMENT,DERIVED_PARTIAL,0,0.0,,,Derived proxy from SCADA only (no unit technology register)
2021-11,RENEWABLE_GENERATION,DERIVED_PARTIAL,0,0.0,,,No DUID technology map in repo snapshot
2021-11,WEATHER,BLOCKED_EXTERNAL,0,0.0,,,No BOM weather ingest configured
2021-11,FCAS,BLOCKED_EXTERNAL,0,0.0,,,No FCAS dataset ingest in current snapshot
2021-12,DISPATCHPRICE,MISSING,0,,,,
2021-12,DISPATCHREGIONSUM,MISSING,0,,,,
2021-12,DISPATCHINTERCONNECTORRES,MISSING,0,,,,
2021-12,DISPATCHCONSTRAINT,AVAILABLE,8928,1.0,2021-11-30T14:05:00Z,2021-12-31T14:00:00Z,
2021-12,DISPATCH_UNIT_SCADA,MISSING,0,,,,
2021-12,GENERATOR_OUTAGES,BLOCKED_EXTERNAL,0,0.0,,,External outage source not ingested yet
2021-12,UNIT_COMMITMENT,DERIVED_PARTIAL,0,0.0,,,Derived proxy from SCADA only (no unit technology register)
2021-12,RENEWABLE_GENERATION,DERIVED_PARTIAL,0,0.0,,,No DUID technology map in repo snapshot
2021-12,WEATHER,BLOCKED_EXTERNAL,0,0.0,,,No BOM weather ingest configured
2021-12,FCAS,BLOCKED_EXTERNAL,0,0.0,,,No FCAS dataset ingest in current snapshot
2022-01,DISPATCHPRICE,MISSING,0,,,,
2022-01,DISPATCHREGIONSUM,MISSING,0,,,,
2022-01,DISPATCHINTERCONNECTORRES,MISSING,0,,,,
2022-01,DISPATCHCONSTRAINT,INVALID,0,,,,
2022-01,DISPATCH_UNIT_SCADA,MISSING,0,,,,
2022-01,GENERATOR_OUTAGES,BLOCKED_EXTERNAL,0,0.0,,,External outage source not ingested yet
2022-01,UNIT_COMMITMENT,DERIVED_PARTIAL,0,0.0,,,Derived proxy from SCADA only (no unit technology register)
2022-01,RENEWABLE_GENERATION,DERIVED_PARTIAL,0,0.0,,,No DUID technology map in repo snapshot
2022-01,WEATHER,BLOCKED_EXTERNAL,0,0.0,,,No BOM weather ingest configured
2022-01,FCAS,BLOCKED_EXTERNAL,0,0.0,,,No FCAS dataset ingest in current snapshot
2022-02,DISPATCHPRICE,MISSING,0,,,,
2022-02,DISPATCHREGIONSUM,MISSING,0,,,,
2022-02,DISPATCHINTERCONNECTORRES,MISSING,0,,,,
2022-02,DISPATCHCONSTRAINT,MISSING,0,,,,
2022-02,DISPATCH_UNIT_SCADA,MISSING,0,,,,
2022-02,GENERATOR_OUTAGES,BLOCKED_EXTERNAL,0,0.0,,,External outage source not ingested yet
2022-02,UNIT_COMMITMENT,DERIVED_PARTIAL,0,0.0,,,Derived proxy from SCADA only (no unit technology register)
2022-02,RENEWABLE_GENERATION,DERIVED_PARTIAL,0,0.0,,,No DUID technology map in repo snapshot
2022-02,WEATHER,BLOCKED_EXTERNAL,0,0.0,,,No BOM weather ingest configured
2022-02,FCAS,BLOCKED_EXTERNAL,0,0.0,,,No FCAS dataset ingest in current snapshot
2022-03,DISPATCHPRICE,MISSING,0,,,,
2022-03,DISPATCHREGIONSUM,MISSING,0,,,,
2022-03,DISPATCHINTERCONNECTORRES,MISSING,0,,,,
2022-03,DISPATCHCONSTRAINT,MISSING,0,,,,
2022-03,DISPATCH_UNIT_SCADA,MISSING,0,,,,
2022-03,GENERATOR_OUTAGES,BLOCKED_EXTERNAL,0,0.0,,,External outage source not ingested yet
2022-03,UNIT_COMMITMENT,DERIVED_PARTIAL,0,0.0,,,Derived proxy from SCADA only (no unit technology register)
2022-03,RENEWABLE_GENERATION,DERIVED_PARTIAL,0,0.0,,,No DUID technology map in repo snapshot
2022-03,WEATHER,BLOCKED_EXTERNAL,0,0.0,,,No BOM weather ingest configured
2022-03,FCAS,BLOCKED_EXTERNAL,0,0.0,,,No FCAS dataset ingest in current snapshot
2022-04,DISPATCHPRICE,MISSING,0,,,,
2022-04,DISPATCHREGIONSUM,MISSING,0,,,,
2022-04,DISPATCHINTERCONNECTORRES,MISSING,0,,,,
2022-04,DISPATCHCONSTRAINT,MISSING,0,,,,
2022-04,DISPATCH_UNIT_SCADA,MISSING,0,,,,
2022-04,GENERATOR_OUTAGES,BLOCKED_EXTERNAL,0,0.0,,,External outage source not ingested yet
2022-04,UNIT_COMMITMENT,DERIVED_PARTIAL,0,0.0,,,Derived proxy from SCADA only (no unit technology register)
2022-04,RENEWABLE_GENERATION,DERIVED_PARTIAL,0,0.0,,,No DUID technology map in repo snapshot
2022-04,WEATHER,BLOCKED_EXTERNAL,0,0.0,,,No BOM weather ingest configured
2022-04,FCAS,BLOCKED_EXTERNAL,0,0.0,,,No FCAS dataset ingest in current snapshot
2022-05,DISPATCHPRICE,MISSING,0,,,,
2022-05,DISPATCHREGIONSUM,MISSING,0,,,,
2022-05,DISPATCHINTERCONNECTORRES,MISSING,0,,,,
2022-05,DISPATCHCONSTRAINT,MISSING,0,,,,
2022-05,DISPATCH_UNIT_SCADA,MISSING,0,,,,
2022-05,GENERATOR_OUTAGES,BLOCKED_EXTERNAL,0,0.0,,,External outage source not ingested yet
2022-05,UNIT_COMMITMENT,DERIVED_PARTIAL,0,0.0,,,Derived proxy from SCADA only (no unit technology register)
2022-05,RENEWABLE_GENERATION,DERIVED_PARTIAL,0,0.0,,,No DUID technology map in repo snapshot
2022-05,WEATHER,BLOCKED_EXTERNAL,0,0.0,,,No BOM weather ingest configured
2022-05,FCAS,BLOCKED_EXTERNAL,0,0.0,,,No FCAS dataset ingest in current snapshot
2022-06,DISPATCHPRICE,MISSING,0,,,,
2022-06,DISPATCHREGIONSUM,MISSING,0,,,,
2022-06,DISPATCHINTERCONNECTORRES,MISSING,0,,,,
2022-06,DISPATCHCONSTRAINT,MISSING,0,,,,
2022-06,DISPATCH_UNIT_SCADA,MISSING,0,,,,
2022-06,GENERATOR_OUTAGES,BLOCKED_EXTERNAL,0,0.0,,,External outage source not ingested yet
2022-06,UNIT_COMMITMENT,DERIVED_PARTIAL,0,0.0,,,Derived proxy from SCADA only (no unit technology register)
2022-06,RENEWABLE_GENERATION,DERIVED_PARTIAL,0,0.0,,,No DUID technology map in repo snapshot
2022-06,WEATHER,BLOCKED_EXTERNAL,0,0.0,,,No BOM weather ingest configured
2022-06,FCAS,BLOCKED_EXTERNAL,0,0.0,,,No FCAS dataset ingest in current snapshot
2022-07,DISPATCHPRICE,MISSING,0,,,,
2022-07,DISPATCHREGIONSUM,MISSING,0,,,,
2022-07,DISPATCHINTERCONNECTORRES,MISSING,0,,,,
2022-07,DISPATCHCONSTRAINT,MISSING,0,,,,
2022-07,DISPATCH_UNIT_SCADA,MISSING,0,,,,
2022-07,GENERATOR_OUTAGES,BLOCKED_EXTERNAL,0,0.0,,,External outage source not ingested yet
2022-07,UNIT_COMMITMENT,DERIVED_PARTIAL,0,0.0,,,Derived proxy from SCADA only (no unit technology register)
2022-07,RENEWABLE_GENERATION,DERIVED_PARTIAL,0,0.0,,,No DUID technology map in repo snapshot
2022-07,WEATHER,BLOCKED_EXTERNAL,0,0.0,,,No BOM weather ingest configured
2022-07,FCAS,BLOCKED_EXTERNAL,0,0.0,,,No FCAS dataset ingest in current snapshot
2022-08,DISPATCHPRICE,MISSING,0,,,,
2022-08,DISPATCHREGIONSUM,MISSING,0,,,,
2022-08,DISPATCHINTERCONNECTORRES,MISSING,0,,,,
2022-08,DISPATCHCONSTRAINT,MISSING,0,,,,
2022-08,DISPATCH_UNIT_SCADA,MISSING,0,,,,
2022-08,GENERATOR_OUTAGES,BLOCKED_EXTERNAL,0,0.0,,,External outage source not ingested yet
2022-08,UNIT_COMMITMENT,DERIVED_PARTIAL,0,0.0,,,Derived proxy from SCADA only (no unit technology register)
2022-08,RENEWABLE_GENERATION,DERIVED_PARTIAL,0,0.0,,,No DUID technology map in repo snapshot
2022-08,WEATHER,BLOCKED_EXTERNAL,0,0.0,,,No BOM weather ingest configured
2022-08,FCAS,BLOCKED_EXTERNAL,0,0.0,,,No FCAS dataset ingest in current snapshot
2022-09,DISPATCHPRICE,MISSING,0,,,,
2022-09,DISPATCHREGIONSUM,MISSING,0,,,,
2022-09,DISPATCHINTERCONNECTORRES,MISSING,0,,,,
2022-09,DISPATCHCONSTRAINT,MISSING,0,,,,
2022-09,DISPATCH_UNIT_SCADA,MISSING,0,,,,
2022-09,GENERATOR_OUTAGES,BLOCKED_EXTERNAL,0,0.0,,,External outage source not ingested yet
2022-09,UNIT_COMMITMENT,DERIVED_PARTIAL,0,0.0,,,Derived proxy from SCADA only (no unit technology register)
2022-09,RENEWABLE_GENERATION,DERIVED_PARTIAL,0,0.0,,,No DUID technology map in repo snapshot
2022-09,WEATHER,BLOCKED_EXTERNAL,0,0.0,,,No BOM weather ingest configured
2022-09,FCAS,BLOCKED_EXTERNAL,0,0.0,,,No FCAS dataset ingest in current snapshot
2022-10,DISPATCHPRICE,MISSING,0,,,,
2022-10,DISPATCHREGIONSUM,MISSING,0,,,,
2022-10,DISPATCHINTERCONNECTORRES,MISSING,0,,,,
2022-10,DISPATCHCONSTRAINT,MISSING,0,,,,
2022-10,DISPATCH_UNIT_SCADA,MISSING,0,,,,
2022-10,GENERATOR_OUTAGES,BLOCKED_EXTERNAL,0,0.0,,,External outage source not ingested yet
2022-10,UNIT_COMMITMENT,DERIVED_PARTIAL,0,0.0,,,Derived proxy from SCADA only (no unit technology register)
2022-10,RENEWABLE_GENERATION,DERIVED_PARTIAL,0,0.0,,,No DUID technology map in repo snapshot
2022-10,WEATHER,BLOCKED_EXTERNAL,0,0.0,,,No BOM weather ingest configured
2022-10,FCAS,BLOCKED_EXTERNAL,0,0.0,,,No FCAS dataset ingest in current snapshot
2022-11,DISPATCHPRICE,MISSING,0,,,,
2022-11,DISPATCHREGIONSUM,MISSING,0,,,,
2022-11,DISPATCHINTERCONNECTORRES,MISSING,0,,,,
2022-11,DISPATCHCONSTRAINT,MISSING,0,,,,
2022-11,DISPATCH_UNIT_SCADA,MISSING,0,,,,
2022-11,GENERATOR_OUTAGES,BLOCKED_EXTERNAL,0,0.0,,,External outage source not ingested yet
2022-11,UNIT_COMMITMENT,DERIVED_PARTIAL,0,0.0,,,Derived proxy from SCADA only (no unit technology register)
2022-11,RENEWABLE_GENERATION,DERIVED_PARTIAL,0,0.0,,,No DUID technology map in repo snapshot
2022-11,WEATHER,BLOCKED_EXTERNAL,0,0.0,,,No BOM weather ingest configured
2022-11,FCAS,BLOCKED_EXTERNAL,0,0.0,,,No FCAS dataset ingest in current snapshot
2022-12,DISPATCHPRICE,MISSING,0,,,,
2022-12,DISPATCHREGIONSUM,MISSING,0,,,,
2022-12,DISPATCHINTERCONNECTORRES,MISSING,0,,,,
2022-12,DISPATCHCONSTRAINT,MISSING,0,,,,
2022-12,DISPATCH_UNIT_SCADA,MISSING,0,,,,
2022-12,GENERATOR_OUTAGES,BLOCKED_EXTERNAL,0,0.0,,,External outage source not ingested yet
2022-12,UNIT_COMMITMENT,DERIVED_PARTIAL,0,0.0,,,Derived proxy from SCADA only (no unit technology register)
2022-12,RENEWABLE_GENERATION,DERIVED_PARTIAL,0,0.0,,,No DUID technology map in repo snapshot
2022-12,WEATHER,BLOCKED_EXTERNAL,0,0.0,,,No BOM weather ingest configured
2022-12,FCAS,BLOCKED_EXTERNAL,0,0.0,,,No FCAS dataset ingest in current snapshot
2023-01,DISPATCHPRICE,MISSING,0,,,,
2023-01,DISPATCHREGIONSUM,MISSING,0,,,,
2023-01,DISPATCHINTERCONNECTORRES,MISSING,0,,,,
2023-01,DISPATCHCONSTRAINT,MISSING,0,,,,
2023-01,DISPATCH_UNIT_SCADA,MISSING,0,,,,
2023-01,GENERATOR_OUTAGES,BLOCKED_EXTERNAL,0,0.0,,,External outage source not ingested yet
2023-01,UNIT_COMMITMENT,DERIVED_PARTIAL,0,0.0,,,Derived proxy from SCADA only (no unit technology register)
2023-01,RENEWABLE_GENERATION,DERIVED_PARTIAL,0,0.0,,,No DUID technology map in repo snapshot
2023-01,WEATHER,BLOCKED_EXTERNAL,0,0.0,,,No BOM weather ingest configured
2023-01,FCAS,BLOCKED_EXTERNAL,0,0.0,,,No FCAS dataset ingest in current snapshot
2023-02,DISPATCHPRICE,MISSING,0,,,,
2023-02,DISPATCHREGIONSUM,MISSING,0,,,,
2023-02,DISPATCHINTERCONNECTORRES,MISSING,0,,,,
2023-02,DISPATCHCONSTRAINT,MISSING,0,,,,
2023-02,DISPATCH_UNIT_SCADA,MISSING,0,,,,
2023-02,GENERATOR_OUTAGES,BLOCKED_EXTERNAL,0,0.0,,,External outage source not ingested yet
2023-02,UNIT_COMMITMENT,DERIVED_PARTIAL,0,0.0,,,Derived proxy from SCADA only (no unit technology register)
2023-02,RENEWABLE_GENERATION,DERIVED_PARTIAL,0,0.0,,,No DUID technology map in repo snapshot
2023-02,WEATHER,BLOCKED_EXTERNAL,0,0.0,,,No BOM weather ingest configured
2023-02,FCAS,BLOCKED_EXTERNAL,0,0.0,,,No FCAS dataset ingest in current snapshot
2023-03,DISPATCHPRICE,MISSING,0,,,,
2023-03,DISPATCHREGIONSUM,MISSING,0,,,,
2023-03,DISPATCHINTERCONNECTORRES,MISSING,0,,,,
2023-03,DISPATCHCONSTRAINT,MISSING,0,,,,
2023-03,DISPATCH_UNIT_SCADA,MISSING,0,,,,
2023-03,GENERATOR_OUTAGES,BLOCKED_EXTERNAL,0,0.0,,,External outage source not ingested yet
2023-03,UNIT_COMMITMENT,DERIVED_PARTIAL,0,0.0,,,Derived proxy from SCADA only (no unit technology register)
2023-03,RENEWABLE_GENERATION,DERIVED_PARTIAL,0,0.0,,,No DUID technology map in repo snapshot
2023-03,WEATHER,BLOCKED_EXTERNAL,0,0.0,,,No BOM weather ingest configured
2023-03,FCAS,BLOCKED_EXTERNAL,0,0.0,,,No FCAS dataset ingest in current snapshot
2023-04,DISPATCHPRICE,MISSING,0,,,,
2023-04,DISPATCHREGIONSUM,MISSING,0,,,,
2023-04,DISPATCHINTERCONNECTORRES,MISSING,0,,,,
2023-04,DISPATCHCONSTRAINT,MISSING,0,,,,
2023-04,DISPATCH_UNIT_SCADA,MISSING,0,,,,
2023-04,GENERATOR_OUTAGES,BLOCKED_EXTERNAL,0,0.0,,,External outage source not ingested yet
2023-04,UNIT_COMMITMENT,DERIVED_PARTIAL,0,0.0,,,Derived proxy from SCADA only (no unit technology register)
2023-04,RENEWABLE_GENERATION,DERIVED_PARTIAL,0,0.0,,,No DUID technology map in repo snapshot
2023-04,WEATHER,BLOCKED_EXTERNAL,0,0.0,,,No BOM weather ingest configured
2023-04,FCAS,BLOCKED_EXTERNAL,0,0.0,,,No FCAS dataset ingest in current snapshot
2023-05,DISPATCHPRICE,MISSING,0,,,,
2023-05,DISPATCHREGIONSUM,MISSING,0,,,,
2023-05,DISPATCHINTERCONNECTORRES,MISSING,0,,,,
2023-05,DISPATCHCONSTRAINT,MISSING,0,,,,
2023-05,DISPATCH_UNIT_SCADA,MISSING,0,,,,
2023-05,GENERATOR_OUTAGES,BLOCKED_EXTERNAL,0,0.0,,,External outage source not ingested yet
2023-05,UNIT_COMMITMENT,DERIVED_PARTIAL,0,0.0,,,Derived proxy from SCADA only (no unit technology register)
2023-05,RENEWABLE_GENERATION,DERIVED_PARTIAL,0,0.0,,,No DUID technology map in repo snapshot
2023-05,WEATHER,BLOCKED_EXTERNAL,0,0.0,,,No BOM weather ingest configured
2023-05,FCAS,BLOCKED_EXTERNAL,0,0.0,,,No FCAS dataset ingest in current snapshot
2023-06,DISPATCHPRICE,MISSING,0,,,,
2023-06,DISPATCHREGIONSUM,MISSING,0,,,,
2023-06,DISPATCHINTERCONNECTORRES,MISSING,0,,,,
2023-06,DISPATCHCONSTRAINT,MISSING,0,,,,
2023-06,DISPATCH_UNIT_SCADA,MISSING,0,,,,
2023-06,GENERATOR_OUTAGES,BLOCKED_EXTERNAL,0,0.0,,,External outage source not ingested yet
2023-06,UNIT_COMMITMENT,DERIVED_PARTIAL,0,0.0,,,Derived proxy from SCADA only (no unit technology register)
2023-06,RENEWABLE_GENERATION,DERIVED_PARTIAL,0,0.0,,,No DUID technology map in repo snapshot
2023-06,WEATHER,BLOCKED_EXTERNAL,0,0.0,,,No BOM weather ingest configured
2023-06,FCAS,BLOCKED_EXTERNAL,0,0.0,,,No FCAS dataset ingest in current snapshot
2023-07,DISPATCHPRICE,MISSING,0,,,,
2023-07,DISPATCHREGIONSUM,MISSING,0,,,,
2023-07,DISPATCHINTERCONNECTORRES,MISSING,0,,,,
2023-07,DISPATCHCONSTRAINT,MISSING,0,,,,
2023-07,DISPATCH_UNIT_SCADA,MISSING,0,,,,
2023-07,GENERATOR_OUTAGES,BLOCKED_EXTERNAL,0,0.0,,,External outage source not ingested yet
2023-07,UNIT_COMMITMENT,DERIVED_PARTIAL,0,0.0,,,Derived proxy from SCADA only (no unit technology register)
2023-07,RENEWABLE_GENERATION,DERIVED_PARTIAL,0,0.0,,,No DUID technology map in repo snapshot
2023-07,WEATHER,BLOCKED_EXTERNAL,0,0.0,,,No BOM weather ingest configured
2023-07,FCAS,BLOCKED_EXTERNAL,0,0.0,,,No FCAS dataset ingest in current snapshot
2023-08,DISPATCHPRICE,MISSING,0,,,,
2023-08,DISPATCHREGIONSUM,MISSING,0,,,,
2023-08,DISPATCHINTERCONNECTORRES,MISSING,0,,,,
2023-08,DISPATCHCONSTRAINT,MISSING,0,,,,
2023-08,DISPATCH_UNIT_SCADA,MISSING,0,,,,
2023-08,GENERATOR_OUTAGES,BLOCKED_EXTERNAL,0,0.0,,,External outage source not ingested yet
2023-08,UNIT_COMMITMENT,DERIVED_PARTIAL,0,0.0,,,Derived proxy from SCADA only (no unit technology register)
2023-08,RENEWABLE_GENERATION,DERIVED_PARTIAL,0,0.0,,,No DUID technology map in repo snapshot
2023-08,WEATHER,BLOCKED_EXTERNAL,0,0.0,,,No BOM weather ingest configured
2023-08,FCAS,BLOCKED_EXTERNAL,0,0.0,,,No FCAS dataset ingest in current snapshot
2023-09,DISPATCHPRICE,MISSING,0,,,,
2023-09,DISPATCHREGIONSUM,MISSING,0,,,,
2023-09,DISPATCHINTERCONNECTORRES,MISSING,0,,,,
2023-09,DISPATCHCONSTRAINT,MISSING,0,,,,
2023-09,DISPATCH_UNIT_SCADA,MISSING,0,,,,
2023-09,GENERATOR_OUTAGES,BLOCKED_EXTERNAL,0,0.0,,,External outage source not ingested yet
2023-09,UNIT_COMMITMENT,DERIVED_PARTIAL,0,0.0,,,Derived proxy from SCADA only (no unit technology register)
2023-09,RENEWABLE_GENERATION,DERIVED_PARTIAL,0,0.0,,,No DUID technology map in repo snapshot
2023-09,WEATHER,BLOCKED_EXTERNAL,0,0.0,,,No BOM weather ingest configured
2023-09,FCAS,BLOCKED_EXTERNAL,0,0.0,,,No FCAS dataset ingest in current snapshot
2023-10,DISPATCHPRICE,MISSING,0,,,,
2023-10,DISPATCHREGIONSUM,MISSING,0,,,,
2023-10,DISPATCHINTERCONNECTORRES,MISSING,0,,,,
2023-10,DISPATCHCONSTRAINT,MISSING,0,,,,
2023-10,DISPATCH_UNIT_SCADA,MISSING,0,,,,
2023-10,GENERATOR_OUTAGES,BLOCKED_EXTERNAL,0,0.0,,,External outage source not ingested yet
2023-10,UNIT_COMMITMENT,DERIVED_PARTIAL,0,0.0,,,Derived proxy from SCADA only (no unit technology register)
2023-10,RENEWABLE_GENERATION,DERIVED_PARTIAL,0,0.0,,,No DUID technology map in repo snapshot
2023-10,WEATHER,BLOCKED_EXTERNAL,0,0.0,,,No BOM weather ingest configured
2023-10,FCAS,BLOCKED_EXTERNAL,0,0.0,,,No FCAS dataset ingest in current snapshot
2023-11,DISPATCHPRICE,MISSING,0,,,,
2023-11,DISPATCHREGIONSUM,MISSING,0,,,,
2023-11,DISPATCHINTERCONNECTORRES,MISSING,0,,,,
2023-11,DISPATCHCONSTRAINT,MISSING,0,,,,
2023-11,DISPATCH_UNIT_SCADA,MISSING,0,,,,
2023-11,GENERATOR_OUTAGES,BLOCKED_EXTERNAL,0,0.0,,,External outage source not ingested yet
2023-11,UNIT_COMMITMENT,DERIVED_PARTIAL,0,0.0,,,Derived proxy from SCADA only (no unit technology register)
2023-11,RENEWABLE_GENERATION,DERIVED_PARTIAL,0,0.0,,,No DUID technology map in repo snapshot
2023-11,WEATHER,BLOCKED_EXTERNAL,0,0.0,,,No BOM weather ingest configured
2023-11,FCAS,BLOCKED_EXTERNAL,0,0.0,,,No FCAS dataset ingest in current snapshot
2023-12,DISPATCHPRICE,MISSING,0,,,,
2023-12,DISPATCHREGIONSUM,MISSING,0,,,,
2023-12,DISPATCHINTERCONNECTORRES,MISSING,0,,,,
2023-12,DISPATCHCONSTRAINT,MISSING,0,,,,
2023-12,DISPATCH_UNIT_SCADA,AVAILABLE,8928,1.0,2023-11-30T14:05:00Z,2023-12-31T14:00:00Z,
2023-12,GENERATOR_OUTAGES,BLOCKED_EXTERNAL,0,0.0,,,External outage source not ingested yet
2023-12,UNIT_COMMITMENT,DERIVED_PARTIAL,8928,1.0,2023-11-30T14:05:00Z,2023-12-31T14:00:00Z,Derived proxy from SCADA only (no unit technology register)
2023-12,RENEWABLE_GENERATION,DERIVED_PARTIAL,8928,1.0,2023-11-30T14:05:00Z,2023-12-31T14:00:00Z,No DUID technology map in repo snapshot
2023-12,WEATHER,BLOCKED_EXTERNAL,0,0.0,,,No BOM weather ingest configured
2023-12,FCAS,BLOCKED_EXTERNAL,0,0.0,,,No FCAS dataset ingest in current snapshot
2024-01,DISPATCHPRICE,AVAILABLE,8928,1.0,2023-12-31T14:05:00Z,2024-01-31T14:00:00Z,
2024-01,DISPATCHREGIONSUM,AVAILABLE,8928,1.0,2023-12-31T14:05:00Z,2024-01-31T14:00:00Z,
2024-01,DISPATCHINTERCONNECTORRES,AVAILABLE,8928,1.0,2023-12-31T14:05:00Z,2024-01-31T14:00:00Z,
2024-01,DISPATCHCONSTRAINT,AVAILABLE,8928,1.0,2023-12-31T14:05:00Z,2024-01-31T14:00:00Z,
2024-01,DISPATCH_UNIT_SCADA,AVAILABLE,8928,1.0,2023-12-31T14:05:00Z,2024-01-31T14:00:00Z,
2024-01,GENERATOR_OUTAGES,BLOCKED_EXTERNAL,0,0.0,,,External outage source not ingested yet
2024-01,UNIT_COMMITMENT,DERIVED_PARTIAL,8928,1.0,2023-12-31T14:05:00Z,2024-01-31T14:00:00Z,Derived proxy from SCADA only (no unit technology register)
2024-01,RENEWABLE_GENERATION,DERIVED_PARTIAL,8928,1.0,2023-12-31T14:05:00Z,2024-01-31T14:00:00Z,No DUID technology map in repo snapshot
2024-01,WEATHER,BLOCKED_EXTERNAL,0,0.0,,,No BOM weather ingest configured
2024-01,FCAS,BLOCKED_EXTERNAL,0,0.0,,,No FCAS dataset ingest in current snapshot
2024-02,DISPATCHPRICE,MISSING,0,,,,
2024-02,DISPATCHREGIONSUM,MISSING,0,,,,
2024-02,DISPATCHINTERCONNECTORRES,MISSING,0,,,,
2024-02,DISPATCHCONSTRAINT,MISSING,0,,,,
2024-02,DISPATCH_UNIT_SCADA,AVAILABLE,8352,1.0,2024-01-31T14:05:00Z,2024-02-29T14:00:00Z,
2024-02,GENERATOR_OUTAGES,BLOCKED_EXTERNAL,0,0.0,,,External outage source not ingested yet
2024-02,UNIT_COMMITMENT,DERIVED_PARTIAL,8352,1.0,2024-01-31T14:05:00Z,2024-02-29T14:00:00Z,Derived proxy from SCADA only (no unit technology register)
2024-02,RENEWABLE_GENERATION,DERIVED_PARTIAL,8352,1.0,2024-01-31T14:05:00Z,2024-02-29T14:00:00Z,No DUID technology map in repo snapshot
2024-02,WEATHER,BLOCKED_EXTERNAL,0,0.0,,,No BOM weather ingest configured
2024-02,FCAS,BLOCKED_EXTERNAL,0,0.0,,,No FCAS dataset ingest in current snapshot
2024-03,DISPATCHPRICE,MISSING,0,,,,
2024-03,DISPATCHREGIONSUM,MISSING,0,,,,
2024-03,DISPATCHINTERCONNECTORRES,MISSING,0,,,,
2024-03,DISPATCHCONSTRAINT,MISSING,0,,,,
2024-03,DISPATCH_UNIT_SCADA,AVAILABLE,8928,1.0,2024-02-29T14:05:00Z,2024-03-31T14:00:00Z,
2024-03,GENERATOR_OUTAGES,BLOCKED_EXTERNAL,0,0.0,,,External outage source not ingested yet
2024-03,UNIT_COMMITMENT,DERIVED_PARTIAL,8928,1.0,2024-02-29T14:05:00Z,2024-03-31T14:00:00Z,Derived proxy from SCADA only (no unit technology register)
2024-03,RENEWABLE_GENERATION,DERIVED_PARTIAL,8928,1.0,2024-02-29T14:05:00Z,2024-03-31T14:00:00Z,No DUID technology map in repo snapshot
2024-03,WEATHER,BLOCKED_EXTERNAL,0,0.0,,,No BOM weather ingest configured
2024-03,FCAS,BLOCKED_EXTERNAL,0,0.0,,,No FCAS dataset ingest in current snapshot
2024-04,DISPATCHPRICE,MISSING,0,,,,
2024-04,DISPATCHREGIONSUM,MISSING,0,,,,
2024-04,DISPATCHINTERCONNECTORRES,MISSING,0,,,,
2024-04,DISPATCHCONSTRAINT,MISSING,0,,,,
2024-04,DISPATCH_UNIT_SCADA,AVAILABLE,8640,1.0,2024-03-31T14:05:00Z,2024-04-30T14:00:00Z,
2024-04,GENERATOR_OUTAGES,BLOCKED_EXTERNAL,0,0.0,,,External outage source not ingested yet
2024-04,UNIT_COMMITMENT,DERIVED_PARTIAL,8640,1.0,2024-03-31T14:05:00Z,2024-04-30T14:00:00Z,Derived proxy from SCADA only (no unit technology register)
2024-04,RENEWABLE_GENERATION,DERIVED_PARTIAL,8640,1.0,2024-03-31T14:05:00Z,2024-04-30T14:00:00Z,No DUID technology map in repo snapshot
2024-04,WEATHER,BLOCKED_EXTERNAL,0,0.0,,,No BOM weather ingest configured
2024-04,FCAS,BLOCKED_EXTERNAL,0,0.0,,,No FCAS dataset ingest in current snapshot
2024-05,DISPATCHPRICE,MISSING,0,,,,
2024-05,DISPATCHREGIONSUM,MISSING,0,,,,
2024-05,DISPATCHINTERCONNECTORRES,MISSING,0,,,,
2024-05,DISPATCHCONSTRAINT,MISSING,0,,,,
2024-05,DISPATCH_UNIT_SCADA,AVAILABLE,8928,1.0,2024-04-30T14:05:00Z,2024-05-31T14:00:00Z,
2024-05,GENERATOR_OUTAGES,BLOCKED_EXTERNAL,0,0.0,,,External outage source not ingested yet
2024-05,UNIT_COMMITMENT,DERIVED_PARTIAL,8928,1.0,2024-04-30T14:05:00Z,2024-05-31T14:00:00Z,Derived proxy from SCADA only (no unit technology register)
2024-05,RENEWABLE_GENERATION,DERIVED_PARTIAL,8928,1.0,2024-04-30T14:05:00Z,2024-05-31T14:00:00Z,No DUID technology map in repo snapshot
2024-05,WEATHER,BLOCKED_EXTERNAL,0,0.0,,,No BOM weather ingest configured
2024-05,FCAS,BLOCKED_EXTERNAL,0,0.0,,,No FCAS dataset ingest in current snapshot
2024-06,DISPATCHPRICE,MISSING,0,,,,
2024-06,DISPATCHREGIONSUM,MISSING,0,,,,
2024-06,DISPATCHINTERCONNECTORRES,MISSING,0,,,,
2024-06,DISPATCHCONSTRAINT,MISSING,0,,,,
2024-06,DISPATCH_UNIT_SCADA,AVAILABLE,8640,1.0,2024-05-31T14:05:00Z,2024-06-30T14:00:00Z,
2024-06,GENERATOR_OUTAGES,BLOCKED_EXTERNAL,0,0.0,,,External outage source not ingested yet
2024-06,UNIT_COMMITMENT,DERIVED_PARTIAL,8640,1.0,2024-05-31T14:05:00Z,2024-06-30T14:00:00Z,Derived proxy from SCADA only (no unit technology register)
2024-06,RENEWABLE_GENERATION,DERIVED_PARTIAL,8640,1.0,2024-05-31T14:05:00Z,2024-06-30T14:00:00Z,No DUID technology map in repo snapshot
2024-06,WEATHER,BLOCKED_EXTERNAL,0,0.0,,,No BOM weather ingest configured
2024-06,FCAS,BLOCKED_EXTERNAL,0,0.0,,,No FCAS dataset ingest in current snapshot
2024-07,DISPATCHPRICE,MISSING,0,,,,
2024-07,DISPATCHREGIONSUM,MISSING,0,,,,
2024-07,DISPATCHINTERCONNECTORRES,MISSING,0,,,,
2024-07,DISPATCHCONSTRAINT,MISSING,0,,,,
2024-07,DISPATCH_UNIT_SCADA,AVAILABLE,8928,1.0,2024-06-30T14:05:00Z,2024-07-31T14:00:00Z,
2024-07,GENERATOR_OUTAGES,BLOCKED_EXTERNAL,0,0.0,,,External outage source not ingested yet
2024-07,UNIT_COMMITMENT,DERIVED_PARTIAL,8928,1.0,2024-06-30T14:05:00Z,2024-07-31T14:00:00Z,Derived proxy from SCADA only (no unit technology register)
2024-07,RENEWABLE_GENERATION,DERIVED_PARTIAL,8928,1.0,2024-06-30T14:05:00Z,2024-07-31T14:00:00Z,No DUID technology map in repo snapshot
2024-07,WEATHER,BLOCKED_EXTERNAL,0,0.0,,,No BOM weather ingest configured
2024-07,FCAS,BLOCKED_EXTERNAL,0,0.0,,,No FCAS dataset ingest in current snapshot
2024-08,DISPATCHPRICE,MISSING,0,,,,
2024-08,DISPATCHREGIONSUM,MISSING,0,,,,
2024-08,DISPATCHINTERCONNECTORRES,MISSING,0,,,,
2024-08,DISPATCHCONSTRAINT,MISSING,0,,,,
2024-08,DISPATCH_UNIT_SCADA,MISSING,0,,,,
2024-08,GENERATOR_OUTAGES,BLOCKED_EXTERNAL,0,0.0,,,External outage source not ingested yet
2024-08,UNIT_COMMITMENT,DERIVED_PARTIAL,0,0.0,,,Derived proxy from SCADA only (no unit technology register)
2024-08,RENEWABLE_GENERATION,DERIVED_PARTIAL,0,0.0,,,No DUID technology map in repo snapshot
2024-08,WEATHER,BLOCKED_EXTERNAL,0,0.0,,,No BOM weather ingest configured
2024-08,FCAS,BLOCKED_EXTERNAL,0,0.0,,,No FCAS dataset ingest in current snapshot
2024-09,DISPATCHPRICE,MISSING,0,,,,
2024-09,DISPATCHREGIONSUM,MISSING,0,,,,
2024-09,DISPATCHINTERCONNECTORRES,MISSING,0,,,,
2024-09,DISPATCHCONSTRAINT,MISSING,0,,,,
2024-09,DISPATCH_UNIT_SCADA,MISSING,0,,,,
2024-09,GENERATOR_OUTAGES,BLOCKED_EXTERNAL,0,0.0,,,External outage source not ingested yet
2024-09,UNIT_COMMITMENT,DERIVED_PARTIAL,0,0.0,,,Derived proxy from SCADA only (no unit technology register)
2024-09,RENEWABLE_GENERATION,DERIVED_PARTIAL,0,0.0,,,No DUID technology map in repo snapshot
2024-09,WEATHER,BLOCKED_EXTERNAL,0,0.0,,,No BOM weather ingest configured
2024-09,FCAS,BLOCKED_EXTERNAL,0,0.0,,,No FCAS dataset ingest in current snapshot
2024-10,DISPATCHPRICE,MISSING,0,,,,
2024-10,DISPATCHREGIONSUM,AVAILABLE,8928,1.0,2024-09-30T14:05:00Z,2024-10-31T14:00:00Z,
2024-10,DISPATCHINTERCONNECTORRES,AVAILABLE,8928,1.0,2024-09-30T14:05:00Z,2024-10-31T14:00:00Z,
2024-10,DISPATCHCONSTRAINT,MISSING,0,,,,
2024-10,DISPATCH_UNIT_SCADA,MISSING,0,,,,
2024-10,GENERATOR_OUTAGES,BLOCKED_EXTERNAL,0,0.0,,,External outage source not ingested yet
2024-10,UNIT_COMMITMENT,DERIVED_PARTIAL,0,0.0,,,Derived proxy from SCADA only (no unit technology register)
2024-10,RENEWABLE_GENERATION,DERIVED_PARTIAL,0,0.0,,,No DUID technology map in repo snapshot
2024-10,WEATHER,BLOCKED_EXTERNAL,0,0.0,,,No BOM weather ingest configured
2024-10,FCAS,BLOCKED_EXTERNAL,0,0.0,,,No FCAS dataset ingest in current snapshot
2024-11,DISPATCHPRICE,MISSING,0,,,,
2024-11,DISPATCHREGIONSUM,AVAILABLE,8640,1.0,2024-10-31T14:05:00Z,2024-11-30T14:00:00Z,
2024-11,DISPATCHINTERCONNECTORRES,AVAILABLE,8640,1.0,2024-10-31T14:05:00Z,2024-11-30T14:00:00Z,
2024-11,DISPATCHCONSTRAINT,MISSING,0,,,,
2024-11,DISPATCH_UNIT_SCADA,MISSING,0,,,,
2024-11,GENERATOR_OUTAGES,BLOCKED_EXTERNAL,0,0.0,,,External outage source not ingested yet
2024-11,UNIT_COMMITMENT,DERIVED_PARTIAL,0,0.0,,,Derived proxy from SCADA only (no unit technology register)
2024-11,RENEWABLE_GENERATION,DERIVED_PARTIAL,0,0.0,,,No DUID technology map in repo snapshot
2024-11,WEATHER,BLOCKED_EXTERNAL,0,0.0,,,No BOM weather ingest configured
2024-11,FCAS,BLOCKED_EXTERNAL,0,0.0,,,No FCAS dataset ingest in current snapshot
2024-12,DISPATCHPRICE,MISSING,0,,,,
2024-12,DISPATCHREGIONSUM,AVAILABLE,8928,1.0,2024-11-30T14:05:00Z,2024-12-31T14:00:00Z,
2024-12,DISPATCHINTERCONNECTORRES,AVAILABLE,8928,1.0,2024-11-30T14:05:00Z,2024-12-31T14:00:00Z,
2024-12,DISPATCHCONSTRAINT,MISSING,0,,,,
2024-12,DISPATCH_UNIT_SCADA,MISSING,0,,,,
2024-12,GENERATOR_OUTAGES,BLOCKED_EXTERNAL,0,0.0,,,External outage source not ingested yet
2024-12,UNIT_COMMITMENT,DERIVED_PARTIAL,0,0.0,,,Derived proxy from SCADA only (no unit technology register)
2024-12,RENEWABLE_GENERATION,DERIVED_PARTIAL,0,0.0,,,No DUID technology map in repo snapshot
2024-12,WEATHER,BLOCKED_EXTERNAL,0,0.0,,,No BOM weather ingest configured
2024-12,FCAS,BLOCKED_EXTERNAL,0,0.0,,,No FCAS dataset ingest in current snapshot
2025-01,DISPATCHPRICE,MISSING,0,,,,
2025-01,DISPATCHREGIONSUM,MISSING,0,,,,
2025-01,DISPATCHINTERCONNECTORRES,MISSING,0,,,,
2025-01,DISPATCHCONSTRAINT,MISSING,0,,,,
2025-01,DISPATCH_UNIT_SCADA,MISSING,0,,,,
2025-01,GENERATOR_OUTAGES,BLOCKED_EXTERNAL,0,0.0,,,External outage source not ingested yet
2025-01,UNIT_COMMITMENT,DERIVED_PARTIAL,0,0.0,,,Derived proxy from SCADA only (no unit technology register)
2025-01,RENEWABLE_GENERATION,DERIVED_PARTIAL,0,0.0,,,No DUID technology map in repo snapshot
2025-01,WEATHER,BLOCKED_EXTERNAL,0,0.0,,,No BOM weather ingest configured
2025-01,FCAS,BLOCKED_EXTERNAL,0,0.0,,,No FCAS dataset ingest in current snapshot
2025-02,DISPATCHPRICE,MISSING,0,,,,
2025-02,DISPATCHREGIONSUM,MISSING,0,,,,
2025-02,DISPATCHINTERCONNECTORRES,MISSING,0,,,,
2025-02,DISPATCHCONSTRAINT,MISSING,0,,,,
2025-02,DISPATCH_UNIT_SCADA,MISSING,0,,,,
2025-02,GENERATOR_OUTAGES,BLOCKED_EXTERNAL,0,0.0,,,External outage source not ingested yet
2025-02,UNIT_COMMITMENT,DERIVED_PARTIAL,0,0.0,,,Derived proxy from SCADA only (no unit technology register)
2025-02,RENEWABLE_GENERATION,DERIVED_PARTIAL,0,0.0,,,No DUID technology map in repo snapshot
2025-02,WEATHER,BLOCKED_EXTERNAL,0,0.0,,,No BOM weather ingest configured
2025-02,FCAS,BLOCKED_EXTERNAL,0,0.0,,,No FCAS dataset ingest in current snapshot
2025-03,DISPATCHPRICE,MISSING,0,,,,
2025-03,DISPATCHREGIONSUM,MISSING,0,,,,
2025-03,DISPATCHINTERCONNECTORRES,MISSING,0,,,,
2025-03,DISPATCHCONSTRAINT,MISSING,0,,,,
2025-03,DISPATCH_UNIT_SCADA,MISSING,0,,,,
2025-03,GENERATOR_OUTAGES,BLOCKED_EXTERNAL,0,0.0,,,External outage source not ingested yet
2025-03,UNIT_COMMITMENT,DERIVED_PARTIAL,0,0.0,,,Derived proxy from SCADA only (no unit technology register)
2025-03,RENEWABLE_GENERATION,DERIVED_PARTIAL,0,0.0,,,No DUID technology map in repo snapshot
2025-03,WEATHER,BLOCKED_EXTERNAL,0,0.0,,,No BOM weather ingest configured
2025-03,FCAS,BLOCKED_EXTERNAL,0,0.0,,,No FCAS dataset ingest in current snapshot
2025-04,DISPATCHPRICE,MISSING,0,,,,
2025-04,DISPATCHREGIONSUM,MISSING,0,,,,
2025-04,DISPATCHINTERCONNECTORRES,MISSING,0,,,,
2025-04,DISPATCHCONSTRAINT,MISSING,0,,,,
2025-04,DISPATCH_UNIT_SCADA,MISSING,0,,,,
2025-04,GENERATOR_OUTAGES,BLOCKED_EXTERNAL,0,0.0,,,External outage source not ingested yet
2025-04,UNIT_COMMITMENT,DERIVED_PARTIAL,0,0.0,,,Derived proxy from SCADA only (no unit technology register)
2025-04,RENEWABLE_GENERATION,DERIVED_PARTIAL,0,0.0,,,No DUID technology map in repo snapshot
2025-04,WEATHER,BLOCKED_EXTERNAL,0,0.0,,,No BOM weather ingest configured
2025-04,FCAS,BLOCKED_EXTERNAL,0,0.0,,,No FCAS dataset ingest in current snapshot
2025-05,DISPATCHPRICE,MISSING,0,,,,
2025-05,DISPATCHREGIONSUM,MISSING,0,,,,
2025-05,DISPATCHINTERCONNECTORRES,MISSING,0,,,,
2025-05,DISPATCHCONSTRAINT,MISSING,0,,,,
2025-05,DISPATCH_UNIT_SCADA,MISSING,0,,,,
2025-05,GENERATOR_OUTAGES,BLOCKED_EXTERNAL,0,0.0,,,External outage source not ingested yet
2025-05,UNIT_COMMITMENT,DERIVED_PARTIAL,0,0.0,,,Derived proxy from SCADA only (no unit technology register)
2025-05,RENEWABLE_GENERATION,DERIVED_PARTIAL,0,0.0,,,No DUID technology map in repo snapshot
2025-05,WEATHER,BLOCKED_EXTERNAL,0,0.0,,,No BOM weather ingest configured
2025-05,FCAS,BLOCKED_EXTERNAL,0,0.0,,,No FCAS dataset ingest in current snapshot
2025-06,DISPATCHPRICE,MISSING,0,,,,
2025-06,DISPATCHREGIONSUM,MISSING,0,,,,
2025-06,DISPATCHINTERCONNECTORRES,MISSING,0,,,,
2025-06,DISPATCHCONSTRAINT,MISSING,0,,,,
2025-06,DISPATCH_UNIT_SCADA,MISSING,0,,,,
2025-06,GENERATOR_OUTAGES,BLOCKED_EXTERNAL,0,0.0,,,External outage source not ingested yet
2025-06,UNIT_COMMITMENT,DERIVED_PARTIAL,0,0.0,,,Derived proxy from SCADA only (no unit technology register)
2025-06,RENEWABLE_GENERATION,DERIVED_PARTIAL,0,0.0,,,No DUID technology map in repo snapshot
2025-06,WEATHER,BLOCKED_EXTERNAL,0,0.0,,,No BOM weather ingest configured
2025-06,FCAS,BLOCKED_EXTERNAL,0,0.0,,,No FCAS dataset ingest in current snapshot
2025-07,DISPATCHPRICE,MISSING,0,,,,
2025-07,DISPATCHREGIONSUM,MISSING,0,,,,
2025-07,DISPATCHINTERCONNECTORRES,MISSING,0,,,,
2025-07,DISPATCHCONSTRAINT,MISSING,0,,,,
2025-07,DISPATCH_UNIT_SCADA,MISSING,0,,,,
2025-07,GENERATOR_OUTAGES,BLOCKED_EXTERNAL,0,0.0,,,External outage source not ingested yet
2025-07,UNIT_COMMITMENT,DERIVED_PARTIAL,0,0.0,,,Derived proxy from SCADA only (no unit technology register)
2025-07,RENEWABLE_GENERATION,DERIVED_PARTIAL,0,0.0,,,No DUID technology map in repo snapshot
2025-07,WEATHER,BLOCKED_EXTERNAL,0,0.0,,,No BOM weather ingest configured
2025-07,FCAS,BLOCKED_EXTERNAL,0,0.0,,,No FCAS dataset ingest in current snapshot
2025-08,DISPATCHPRICE,MISSING,0,,,,
2025-08,DISPATCHREGIONSUM,MISSING,0,,,,
2025-08,DISPATCHINTERCONNECTORRES,MISSING,0,,,,
2025-08,DISPATCHCONSTRAINT,MISSING,0,,,,
2025-08,DISPATCH_UNIT_SCADA,MISSING,0,,,,
2025-08,GENERATOR_OUTAGES,BLOCKED_EXTERNAL,0,0.0,,,External outage source not ingested yet
2025-08,UNIT_COMMITMENT,DERIVED_PARTIAL,0,0.0,,,Derived proxy from SCADA only (no unit technology register)
2025-08,RENEWABLE_GENERATION,DERIVED_PARTIAL,0,0.0,,,No DUID technology map in repo snapshot
2025-08,WEATHER,BLOCKED_EXTERNAL,0,0.0,,,No BOM weather ingest configured
2025-08,FCAS,BLOCKED_EXTERNAL,0,0.0,,,No FCAS dataset ingest in current snapshot
2025-09,DISPATCHPRICE,MISSING,0,,,,
2025-09,DISPATCHREGIONSUM,MISSING,0,,,,
2025-09,DISPATCHINTERCONNECTORRES,MISSING,0,,,,
2025-09,DISPATCHCONSTRAINT,MISSING,0,,,,
2025-09,DISPATCH_UNIT_SCADA,MISSING,0,,,,
2025-09,GENERATOR_OUTAGES,BLOCKED_EXTERNAL,0,0.0,,,External outage source not ingested yet
2025-09,UNIT_COMMITMENT,DERIVED_PARTIAL,0,0.0,,,Derived proxy from SCADA only (no unit technology register)
2025-09,RENEWABLE_GENERATION,DERIVED_PARTIAL,0,0.0,,,No DUID technology map in repo snapshot
2025-09,WEATHER,BLOCKED_EXTERNAL,0,0.0,,,No BOM weather ingest configured
2025-09,FCAS,BLOCKED_EXTERNAL,0,0.0,,,No FCAS dataset ingest in current snapshot
2025-10,DISPATCHPRICE,MISSING,0,,,,
2025-10,DISPATCHREGIONSUM,MISSING,0,,,,
2025-10,DISPATCHINTERCONNECTORRES,MISSING,0,,,,
2025-10,DISPATCHCONSTRAINT,MISSING,0,,,,
2025-10,DISPATCH_UNIT_SCADA,MISSING,0,,,,
2025-10,GENERATOR_OUTAGES,BLOCKED_EXTERNAL,0,0.0,,,External outage source not ingested yet
2025-10,UNIT_COMMITMENT,DERIVED_PARTIAL,0,0.0,,,Derived proxy from SCADA only (no unit technology register)
2025-10,RENEWABLE_GENERATION,DERIVED_PARTIAL,0,0.0,,,No DUID technology map in repo snapshot
2025-10,WEATHER,BLOCKED_EXTERNAL,0,0.0,,,No BOM weather ingest configured
2025-10,FCAS,BLOCKED_EXTERNAL,0,0.0,,,No FCAS dataset ingest in current snapshot
2025-11,DISPATCHPRICE,MISSING,0,,,,
2025-11,DISPATCHREGIONSUM,MISSING,0,,,,
2025-11,DISPATCHINTERCONNECTORRES,MISSING,0,,,,
2025-11,DISPATCHCONSTRAINT,MISSING,0,,,,
2025-11,DISPATCH_UNIT_SCADA,MISSING,0,,,,
2025-11,GENERATOR_OUTAGES,BLOCKED_EXTERNAL,0,0.0,,,External outage source not ingested yet
2025-11,UNIT_COMMITMENT,DERIVED_PARTIAL,0,0.0,,,Derived proxy from SCADA only (no unit technology register)
2025-11,RENEWABLE_GENERATION,DERIVED_PARTIAL,0,0.0,,,No DUID technology map in repo snapshot
2025-11,WEATHER,BLOCKED_EXTERNAL,0,0.0,,,No BOM weather ingest configured
2025-11,FCAS,BLOCKED_EXTERNAL,0,0.0,,,No FCAS dataset ingest in current snapshot
2025-12,DISPATCHPRICE,MISSING,0,,,,
2025-12,DISPATCHREGIONSUM,MISSING,0,,,,
2025-12,DISPATCHINTERCONNECTORRES,MISSING,0,,,,
2025-12,DISPATCHCONSTRAINT,MISSING,0,,,,
2025-12,DISPATCH_UNIT_SCADA,MISSING,0,,,,
2025-12,GENERATOR_OUTAGES,BLOCKED_EXTERNAL,0,0.0,,,External outage source not ingested yet
2025-12,UNIT_COMMITMENT,DERIVED_PARTIAL,0,0.0,,,Derived proxy from SCADA only (no unit technology register)
2025-12,RENEWABLE_GENERATION,DERIVED_PARTIAL,0,0.0,,,No DUID technology map in repo snapshot
2025-12,WEATHER,BLOCKED_EXTERNAL,0,0.0,,,No BOM weather ingest configured
2025-12,FCAS,BLOCKED_EXTERNAL,0,0.0,,,No FCAS dataset ingest in current snapshot
2026-01,DISPATCHPRICE,MISSING,0,,,,
2026-01,DISPATCHREGIONSUM,MISSING,0,,,,
2026-01,DISPATCHINTERCONNECTORRES,MISSING,0,,,,
2026-01,DISPATCHCONSTRAINT,MISSING,0,,,,
2026-01,DISPATCH_UNIT_SCADA,MISSING,0,,,,
2026-01,GENERATOR_OUTAGES,BLOCKED_EXTERNAL,0,0.0,,,External outage source not ingested yet
2026-01,UNIT_COMMITMENT,DERIVED_PARTIAL,0,0.0,,,Derived proxy from SCADA only (no unit technology register)
2026-01,RENEWABLE_GENERATION,DERIVED_PARTIAL,0,0.0,,,No DUID technology map in repo snapshot
2026-01,WEATHER,BLOCKED_EXTERNAL,0,0.0,,,No BOM weather ingest configured
2026-01,FCAS,BLOCKED_EXTERNAL,0,0.0,,,No FCAS dataset ingest in current snapshot
2026-02,DISPATCHPRICE,MISSING,0,,,,
2026-02,DISPATCHREGIONSUM,MISSING,0,,,,
2026-02,DISPATCHINTERCONNECTORRES,MISSING,0,,,,
2026-02,DISPATCHCONSTRAINT,MISSING,0,,,,
2026-02,DISPATCH_UNIT_SCADA,MISSING,0,,,,
2026-02,GENERATOR_OUTAGES,BLOCKED_EXTERNAL,0,0.0,,,External outage source not ingested yet
2026-02,UNIT_COMMITMENT,DERIVED_PARTIAL,0,0.0,,,Derived proxy from SCADA only (no unit technology register)
2026-02,RENEWABLE_GENERATION,DERIVED_PARTIAL,0,0.0,,,No DUID technology map in repo snapshot
2026-02,WEATHER,BLOCKED_EXTERNAL,0,0.0,,,No BOM weather ingest configured
2026-02,FCAS,BLOCKED_EXTERNAL,0,0.0,,,No FCAS dataset ingest in current snapshot
2026-03,DISPATCHPRICE,MISSING,0,,,,
2026-03,DISPATCHREGIONSUM,MISSING,0,,,,
2026-03,DISPATCHINTERCONNECTORRES,MISSING,0,,,,
2026-03,DISPATCHCONSTRAINT,MISSING,0,,,,
2026-03,DISPATCH_UNIT_SCADA,MISSING,0,,,,
2026-03,GENERATOR_OUTAGES,BLOCKED_EXTERNAL,0,0.0,,,External outage source not ingested yet
2026-03,UNIT_COMMITMENT,DERIVED_PARTIAL,0,0.0,,,Derived proxy from SCADA only (no unit technology register)
2026-03,RENEWABLE_GENERATION,DERIVED_PARTIAL,0,0.0,,,No DUID technology map in repo snapshot
2026-03,WEATHER,BLOCKED_EXTERNAL,0,0.0,,,No BOM weather ingest configured
2026-03,FCAS,BLOCKED_EXTERNAL,0,0.0,,,No FCAS dataset ingest in current snapshot
2026-04,DISPATCHPRICE,MISSING,0,,,,
2026-04,DISPATCHREGIONSUM,MISSING,0,,,,
2026-04,DISPATCHINTERCONNECTORRES,MISSING,0,,,,
2026-04,DISPATCHCONSTRAINT,MISSING,0,,,,
2026-04,DISPATCH_UNIT_SCADA,MISSING,0,,,,
2026-04,GENERATOR_OUTAGES,BLOCKED_EXTERNAL,0,0.0,,,External outage source not ingested yet
2026-04,UNIT_COMMITMENT,DERIVED_PARTIAL,0,0.0,,,Derived proxy from SCADA only (no unit technology register)
2026-04,RENEWABLE_GENERATION,DERIVED_PARTIAL,0,0.0,,,No DUID technology map in repo snapshot
2026-04,WEATHER,BLOCKED_EXTERNAL,0,0.0,,,No BOM weather ingest configured
2026-04,FCAS,BLOCKED_EXTERNAL,0,0.0,,,No FCAS dataset ingest in current snapshot
2026-05,DISPATCHPRICE,MISSING,0,,,,
2026-05,DISPATCHREGIONSUM,MISSING,0,,,,
2026-05,DISPATCHINTERCONNECTORRES,MISSING,0,,,,
2026-05,DISPATCHCONSTRAINT,MISSING,0,,,,
2026-05,DISPATCH_UNIT_SCADA,MISSING,0,,,,
2026-05,GENERATOR_OUTAGES,BLOCKED_EXTERNAL,0,0.0,,,External outage source not ingested yet
2026-05,UNIT_COMMITMENT,DERIVED_PARTIAL,0,0.0,,,Derived proxy from SCADA only (no unit technology register)
2026-05,RENEWABLE_GENERATION,DERIVED_PARTIAL,0,0.0,,,No DUID technology map in repo snapshot
2026-05,WEATHER,BLOCKED_EXTERNAL,0,0.0,,,No BOM weather ingest configured
2026-05,FCAS,BLOCKED_EXTERNAL,0,0.0,,,No FCAS dataset ingest in current snapshot
2026-06,DISPATCHPRICE,MISSING,0,,,,
2026-06,DISPATCHREGIONSUM,MISSING,0,,,,
2026-06,DISPATCHINTERCONNECTORRES,MISSING,0,,,,
2026-06,DISPATCHCONSTRAINT,MISSING,0,,,,
2026-06,DISPATCH_UNIT_SCADA,MISSING,0,,,,
2026-06,GENERATOR_OUTAGES,BLOCKED_EXTERNAL,0,0.0,,,External outage source not ingested yet
2026-06,UNIT_COMMITMENT,DERIVED_PARTIAL,0,0.0,,,Derived proxy from SCADA only (no unit technology register)
2026-06,RENEWABLE_GENERATION,DERIVED_PARTIAL,0,0.0,,,No DUID technology map in repo snapshot
2026-06,WEATHER,BLOCKED_EXTERNAL,0,0.0,,,No BOM weather ingest configured
2026-06,FCAS,BLOCKED_EXTERNAL,0,0.0,,,No FCAS dataset ingest in current snapshot
2026-07,DISPATCHPRICE,MISSING,0,,,,
2026-07,DISPATCHREGIONSUM,MISSING,0,,,,
2026-07,DISPATCHINTERCONNECTORRES,MISSING,0,,,,
2026-07,DISPATCHCONSTRAINT,MISSING,0,,,,
2026-07,DISPATCH_UNIT_SCADA,MISSING,0,,,,
2026-07,GENERATOR_OUTAGES,BLOCKED_EXTERNAL,0,0.0,,,External outage source not ingested yet
2026-07,UNIT_COMMITMENT,DERIVED_PARTIAL,0,0.0,,,Derived proxy from SCADA only (no unit technology register)
2026-07,RENEWABLE_GENERATION,DERIVED_PARTIAL,0,0.0,,,No DUID technology map in repo snapshot
2026-07,WEATHER,BLOCKED_EXTERNAL,0,0.0,,,No BOM weather ingest configured
2026-07,FCAS,BLOCKED_EXTERNAL,0,0.0,,,No FCAS dataset ingest in current snapshot
