month,schema_version,column_count,schema_signature,schema_integrity
2020-01,a83f4e0b7113f9c8,20,interval_timestamp_utc:str|dispatchprice_nsw_rrp:float64|dispatchprice_qld_rrp:float64|dispatchprice_sa_rrp:float64|dispatchprice_tas_rrp:float64|dispatchprice_vic_rrp:float64|dispatchprice_price_spread_max_min:float64|dispatchconstraint_constraint_count:float64|dispatchconstraint_max_marginal_value:float64|dispatchconstraint_mean_marginal_value:float64|dispatchconstraint_violation_count:float64|dispatchconstraint_max_violation_degree:float64|dispatchconstraint_binding_flag:object|observation_timestamp_utc:str|effective_timestamp_utc:str|publication_timestamp_utc:str|source:str|point_in_time_available:bool|quality_score:float64|lineage_hash:str,True
2020-02,a83f4e0b7113f9c8,20,interval_timestamp_utc:str|dispatchprice_nsw_rrp:float64|dispatchprice_qld_rrp:float64|dispatchprice_sa_rrp:float64|dispatchprice_tas_rrp:float64|dispatchprice_vic_rrp:float64|dispatchprice_price_spread_max_min:float64|dispatchconstraint_constraint_count:float64|dispatchconstraint_max_marginal_value:float64|dispatchconstraint_mean_marginal_value:float64|dispatchconstraint_violation_count:float64|dispatchconstraint_max_violation_degree:float64|dispatchconstraint_binding_flag:object|observation_timestamp_utc:str|effective_timestamp_utc:str|publication_timestamp_utc:str|source:str|point_in_time_available:bool|quality_score:float64|lineage_hash:str,True
2020-03,a83f4e0b7113f9c8,20,interval_timestamp_utc:str|dispatchprice_nsw_rrp:float64|dispatchprice_qld_rrp:float64|dispatchprice_sa_rrp:float64|dispatchprice_tas_rrp:float64|dispatchprice_vic_rrp:float64|dispatchprice_price_spread_max_min:float64|dispatchconstraint_constraint_count:float64|dispatchconstraint_max_marginal_value:float64|dispatchconstraint_mean_marginal_value:float64|dispatchconstraint_violation_count:float64|dispatchconstraint_max_violation_degree:float64|dispatchconstraint_binding_flag:object|observation_timestamp_utc:str|effective_timestamp_utc:str|publication_timestamp_utc:str|source:str|point_in_time_available:bool|quality_score:float64|lineage_hash:str,True
2020-04,a83f4e0b7113f9c8,20,interval_timestamp_utc:str|dispatchprice_nsw_rrp:float64|dispatchprice_qld_rrp:float64|dispatchprice_sa_rrp:float64|dispatchprice_tas_rrp:float64|dispatchprice_vic_rrp:float64|dispatchprice_price_spread_max_min:float64|dispatchconstraint_constraint_count:float64|dispatchconstraint_max_marginal_value:float64|dispatchconstraint_mean_marginal_value:float64|dispatchconstraint_violation_count:float64|dispatchconstraint_max_violation_degree:float64|dispatchconstraint_binding_flag:object|observation_timestamp_utc:str|effective_timestamp_utc:str|publication_timestamp_utc:str|source:str|point_in_time_available:bool|quality_score:float64|lineage_hash:str,True
2020-05,a83f4e0b7113f9c8,20,interval_timestamp_utc:str|dispatchprice_nsw_rrp:float64|dispatchprice_qld_rrp:float64|dispatchprice_sa_rrp:float64|dispatchprice_tas_rrp:float64|dispatchprice_vic_rrp:float64|dispatchprice_price_spread_max_min:float64|dispatchconstraint_constraint_count:float64|dispatchconstraint_max_marginal_value:float64|dispatchconstraint_mean_marginal_value:float64|dispatchconstraint_violation_count:float64|dispatchconstraint_max_violation_degree:float64|dispatchconstraint_binding_flag:object|observation_timestamp_utc:str|effective_timestamp_utc:str|publication_timestamp_utc:str|source:str|point_in_time_available:bool|quality_score:float64|lineage_hash:str,True
2020-06,7dfdc88bbb51f866,14,interval_timestamp_utc:str|dispatchconstraint_constraint_count:float64|dispatchconstraint_max_marginal_value:float64|dispatchconstraint_mean_marginal_value:float64|dispatchconstraint_violation_count:float64|dispatchconstraint_max_violation_degree:float64|dispatchconstraint_binding_flag:object|observation_timestamp_utc:str|effective_timestamp_utc:str|publication_timestamp_utc:str|source:str|point_in_time_available:bool|quality_score:float64|lineage_hash:str,True
2020-07,7dfdc88bbb51f866,14,interval_timestamp_utc:str|dispatchconstraint_constraint_count:float64|dispatchconstraint_max_marginal_value:float64|dispatchconstraint_mean_marginal_value:float64|dispatchconstraint_violation_count:float64|dispatchconstraint_max_violation_degree:float64|dispatchconstraint_binding_flag:object|observation_timestamp_utc:str|effective_timestamp_utc:str|publication_timestamp_utc:str|source:str|point_in_time_available:bool|quality_score:float64|lineage_hash:str,True
2020-08,7dfdc88bbb51f866,14,interval_timestamp_utc:str|dispatchconstraint_constraint_count:float64|dispatchconstraint_max_marginal_value:float64|dispatchconstraint_mean_marginal_value:float64|dispatchconstraint_violation_count:float64|dispatchconstraint_max_violation_degree:float64|dispatchconstraint_binding_flag:object|observation_timestamp_utc:str|effective_timestamp_utc:str|publication_timestamp_utc:str|source:str|point_in_time_available:bool|quality_score:float64|lineage_hash:str,True
2020-09,7dfdc88bbb51f866,14,interval_timestamp_utc:str|dispatchconstraint_constraint_count:float64|dispatchconstraint_max_marginal_value:float64|dispatchconstraint_mean_marginal_value:float64|dispatchconstraint_violation_count:float64|dispatchconstraint_max_violation_degree:float64|dispatchconstraint_binding_flag:object|observation_timestamp_utc:str|effective_timestamp_utc:str|publication_timestamp_utc:str|source:str|point_in_time_available:bool|quality_score:float64|lineage_hash:str,True
2020-10,7dfdc88bbb51f866,14,interval_timestamp_utc:str|dispatchconstraint_constraint_count:float64|dispatchconstraint_max_marginal_value:float64|dispatchconstraint_mean_marginal_value:float64|dispatchconstraint_violation_count:float64|dispatchconstraint_max_violation_degree:float64|dispatchconstraint_binding_flag:object|observation_timestamp_utc:str|effective_timestamp_utc:str|publication_timestamp_utc:str|source:str|point_in_time_available:bool|quality_score:float64|lineage_hash:str,True
2020-11,7dfdc88bbb51f866,14,interval_timestamp_utc:str|dispatchconstraint_constraint_count:float64|dispatchconstraint_max_marginal_value:float64|dispatchconstraint_mean_marginal_value:float64|dispatchconstraint_violation_count:float64|dispatchconstraint_max_violation_degree:float64|dispatchconstraint_binding_flag:object|observation_timestamp_utc:str|effective_timestamp_utc:str|publication_timestamp_utc:str|source:str|point_in_time_available:bool|quality_score:float64|lineage_hash:str,True
2020-12,7dfdc88bbb51f866,14,interval_timestamp_utc:str|dispatchconstraint_constraint_count:float64|dispatchconstraint_max_marginal_value:float64|dispatchconstraint_mean_marginal_value:float64|dispatchconstraint_violation_count:float64|dispatchconstraint_max_violation_degree:float64|dispatchconstraint_binding_flag:object|observation_timestamp_utc:str|effective_timestamp_utc:str|publication_timestamp_utc:str|source:str|point_in_time_available:bool|quality_score:float64|lineage_hash:str,True
2021-01,7dfdc88bbb51f866,14,interval_timestamp_utc:str|dispatchconstraint_constraint_count:float64|dispatchconstraint_max_marginal_value:float64|dispatchconstraint_mean_marginal_value:float64|dispatchconstraint_violation_count:float64|dispatchconstraint_max_violation_degree:float64|dispatchconstraint_binding_flag:object|observation_timestamp_utc:str|effective_timestamp_utc:str|publication_timestamp_utc:str|source:str|point_in_time_available:bool|quality_score:float64|lineage_hash:str,True
2021-02,7dfdc88bbb51f866,14,interval_timestamp_utc:str|dispatchconstraint_constraint_count:float64|dispatchconstraint_max_marginal_value:float64|dispatchconstraint_mean_marginal_value:float64|dispatchconstraint_violation_count:float64|dispatchconstraint_max_violation_degree:float64|dispatchconstraint_binding_flag:object|observation_timestamp_utc:str|effective_timestamp_utc:str|publication_timestamp_utc:str|source:str|point_in_time_available:bool|quality_score:float64|lineage_hash:str,True
2021-03,7dfdc88bbb51f866,14,interval_timestamp_utc:str|dispatchconstraint_constraint_count:float64|dispatchconstraint_max_marginal_value:float64|dispatchconstraint_mean_marginal_value:float64|dispatchconstraint_violation_count:float64|dispatchconstraint_max_violation_degree:float64|dispatchconstraint_binding_flag:object|observation_timestamp_utc:str|effective_timestamp_utc:str|publication_timestamp_utc:str|source:str|point_in_time_available:bool|quality_score:float64|lineage_hash:str,True
2021-04,7dfdc88bbb51f866,14,interval_timestamp_utc:str|dispatchconstraint_constraint_count:float64|dispatchconstraint_max_marginal_value:float64|dispatchconstraint_mean_marginal_value:float64|dispatchconstraint_violation_count:float64|dispatchconstraint_max_violation_degree:float64|dispatchconstraint_binding_flag:object|observation_timestamp_utc:str|effective_timestamp_utc:str|publication_timestamp_utc:str|source:str|point_in_time_available:bool|quality_score:float64|lineage_hash:str,True
2021-05,7dfdc88bbb51f866,14,interval_timestamp_utc:str|dispatchconstraint_constraint_count:float64|dispatchconstraint_max_marginal_value:float64|dispatchconstraint_mean_marginal_value:float64|dispatchconstraint_violation_count:float64|dispatchconstraint_max_violation_degree:float64|dispatchconstraint_binding_flag:object|observation_timestamp_utc:str|effective_timestamp_utc:str|publication_timestamp_utc:str|source:str|point_in_time_available:bool|quality_score:float64|lineage_hash:str,True
2021-06,7dfdc88bbb51f866,14,interval_timestamp_utc:str|dispatchconstraint_constraint_count:float64|dispatchconstraint_max_marginal_value:float64|dispatchconstraint_mean_marginal_value:float64|dispatchconstraint_violation_count:float64|dispatchconstraint_max_violation_degree:float64|dispatchconstraint_binding_flag:object|observation_timestamp_utc:str|effective_timestamp_utc:str|publication_timestamp_utc:str|source:str|point_in_time_available:bool|quality_score:float64|lineage_hash:str,True
2021-07,7dfdc88bbb51f866,14,interval_timestamp_utc:str|dispatchconstraint_constraint_count:float64|dispatchconstraint_max_marginal_value:float64|dispatchconstraint_mean_marginal_value:float64|dispatchconstraint_violation_count:float64|dispatchconstraint_max_violation_degree:float64|dispatchconstraint_binding_flag:object|observation_timestamp_utc:str|effective_timestamp_utc:str|publication_timestamp_utc:str|source:str|point_in_time_available:bool|quality_score:float64|lineage_hash:str,True
2021-08,7dfdc88bbb51f866,14,interval_timestamp_utc:str|dispatchconstraint_constraint_count:float64|dispatchconstraint_max_marginal_value:float64|dispatchconstraint_mean_marginal_value:float64|dispatchconstraint_violation_count:float64|dispatchconstraint_max_violation_degree:float64|dispatchconstraint_binding_flag:object|observation_timestamp_utc:str|effective_timestamp_utc:str|publication_timestamp_utc:str|source:str|point_in_time_available:bool|quality_score:float64|lineage_hash:str,True
2021-09,7dfdc88bbb51f866,14,interval_timestamp_utc:str|dispatchconstraint_constraint_count:float64|dispatchconstraint_max_marginal_value:float64|dispatchconstraint_mean_marginal_value:float64|dispatchconstraint_violation_count:float64|dispatchconstraint_max_violation_degree:float64|dispatchconstraint_binding_flag:object|observation_timestamp_utc:str|effective_timestamp_utc:str|publication_timestamp_utc:str|source:str|point_in_time_available:bool|quality_score:float64|lineage_hash:str,True
2021-10,7dfdc88bbb51f866,14,interval_timestamp_utc:str|dispatchconstraint_constraint_count:float64|dispatchconstraint_max_marginal_value:float64|dispatchconstraint_mean_marginal_value:float64|dispatchconstraint_violation_count:float64|dispatchconstraint_max_violation_degree:float64|dispatchconstraint_binding_flag:object|observation_timestamp_utc:str|effective_timestamp_utc:str|publication_timestamp_utc:str|source:str|point_in_time_available:bool|quality_score:float64|lineage_hash:str,True
2021-11,7dfdc88bbb51f866,14,interval_timestamp_utc:str|dispatchconstraint_constraint_count:float64|dispatchconstraint_max_marginal_value:float64|dispatchconstraint_mean_marginal_value:float64|dispatchconstraint_violation_count:float64|dispatchconstraint_max_violation_degree:float64|dispatchconstraint_binding_flag:object|observation_timestamp_utc:str|effective_timestamp_utc:str|publication_timestamp_utc:str|source:str|point_in_time_available:bool|quality_score:float64|lineage_hash:str,True
2021-12,7dfdc88bbb51f866,14,interval_timestamp_utc:str|dispatchconstraint_constraint_count:float64|dispatchconstraint_max_marginal_value:float64|dispatchconstraint_mean_marginal_value:float64|dispatchconstraint_violation_count:float64|dispatchconstraint_max_violation_degree:float64|dispatchconstraint_binding_flag:object|observation_timestamp_utc:str|effective_timestamp_utc:str|publication_timestamp_utc:str|source:str|point_in_time_available:bool|quality_score:float64|lineage_hash:str,True
2022-01,5bd6bd9423870ac8,8,interval_timestamp_utc:str|observation_timestamp_utc:str|effective_timestamp_utc:str|publication_timestamp_utc:str|source:str|point_in_time_available:bool|quality_score:float64|lineage_hash:str,True
2022-02,5bd6bd9423870ac8,8,interval_timestamp_utc:str|observation_timestamp_utc:str|effective_timestamp_utc:str|publication_timestamp_utc:str|source:str|point_in_time_available:bool|quality_score:float64|lineage_hash:str,True
2022-03,5bd6bd9423870ac8,8,interval_timestamp_utc:str|observation_timestamp_utc:str|effective_timestamp_utc:str|publication_timestamp_utc:str|source:str|point_in_time_available:bool|quality_score:float64|lineage_hash:str,True
2022-04,5bd6bd9423870ac8,8,interval_timestamp_utc:str|observation_timestamp_utc:str|effective_timestamp_utc:str|publication_timestamp_utc:str|source:str|point_in_time_available:bool|quality_score:float64|lineage_hash:str,True
2022-05,5bd6bd9423870ac8,8,interval_timestamp_utc:str|observation_timestamp_utc:str|effective_timestamp_utc:str|publication_timestamp_utc:str|source:str|point_in_time_available:bool|quality_score:float64|lineage_hash:str,True
2022-06,5bd6bd9423870ac8,8,interval_timestamp_utc:str|observation_timestamp_utc:str|effective_timestamp_utc:str|publication_timestamp_utc:str|source:str|point_in_time_available:bool|quality_score:float64|lineage_hash:str,True
2022-07,5bd6bd9423870ac8,8,interval_timestamp_utc:str|observation_timestamp_utc:str|effective_timestamp_utc:str|publication_timestamp_utc:str|source:str|point_in_time_available:bool|quality_score:float64|lineage_hash:str,True
2022-08,5bd6bd9423870ac8,8,interval_timestamp_utc:str|observation_timestamp_utc:str|effective_timestamp_utc:str|publication_timestamp_utc:str|source:str|point_in_time_available:bool|quality_score:float64|lineage_hash:str,True
2022-09,5bd6bd9423870ac8,8,interval_timestamp_utc:str|observation_timestamp_utc:str|effective_timestamp_utc:str|publication_timestamp_utc:str|source:str|point_in_time_available:bool|quality_score:float64|lineage_hash:str,True
2022-10,5bd6bd9423870ac8,8,interval_timestamp_utc:str|observation_timestamp_utc:str|effective_timestamp_utc:str|publication_timestamp_utc:str|source:str|point_in_time_available:bool|quality_score:float64|lineage_hash:str,True
2022-11,5bd6bd9423870ac8,8,interval_timestamp_utc:str|observation_timestamp_utc:str|effective_timestamp_utc:str|publication_timestamp_utc:str|source:str|point_in_time_available:bool|quality_score:float64|lineage_hash:str,True
2022-12,5bd6bd9423870ac8,8,interval_timestamp_utc:str|observation_timestamp_utc:str|effective_timestamp_utc:str|publication_timestamp_utc:str|source:str|point_in_time_available:bool|quality_score:float64|lineage_hash:str,True
2023-01,5bd6bd9423870ac8,8,interval_timestamp_utc:str|observation_timestamp_utc:str|effective_timestamp_utc:str|publication_timestamp_utc:str|source:str|point_in_time_available:bool|quality_score:float64|lineage_hash:str,True
2023-02,5bd6bd9423870ac8,8,interval_timestamp_utc:str|observation_timestamp_utc:str|effective_timestamp_utc:str|publication_timestamp_utc:str|source:str|point_in_time_available:bool|quality_score:float64|lineage_hash:str,True
2023-03,5bd6bd9423870ac8,8,interval_timestamp_utc:str|observation_timestamp_utc:str|effective_timestamp_utc:str|publication_timestamp_utc:str|source:str|point_in_time_available:bool|quality_score:float64|lineage_hash:str,True
2023-04,5bd6bd9423870ac8,8,interval_timestamp_utc:str|observation_timestamp_utc:str|effective_timestamp_utc:str|publication_timestamp_utc:str|source:str|point_in_time_available:bool|quality_score:float64|lineage_hash:str,True
2023-05,5bd6bd9423870ac8,8,interval_timestamp_utc:str|observation_timestamp_utc:str|effective_timestamp_utc:str|publication_timestamp_utc:str|source:str|point_in_time_available:bool|quality_score:float64|lineage_hash:str,True
2023-06,5bd6bd9423870ac8,8,interval_timestamp_utc:str|observation_timestamp_utc:str|effective_timestamp_utc:str|publication_timestamp_utc:str|source:str|point_in_time_available:bool|quality_score:float64|lineage_hash:str,True
2023-07,5bd6bd9423870ac8,8,interval_timestamp_utc:str|observation_timestamp_utc:str|effective_timestamp_utc:str|publication_timestamp_utc:str|source:str|point_in_time_available:bool|quality_score:float64|lineage_hash:str,True
2023-08,5bd6bd9423870ac8,8,interval_timestamp_utc:str|observation_timestamp_utc:str|effective_timestamp_utc:str|publication_timestamp_utc:str|source:str|point_in_time_available:bool|quality_score:float64|lineage_hash:str,True
2023-09,5bd6bd9423870ac8,8,interval_timestamp_utc:str|observation_timestamp_utc:str|effective_timestamp_utc:str|publication_timestamp_utc:str|source:str|point_in_time_available:bool|quality_score:float64|lineage_hash:str,True
2023-10,5bd6bd9423870ac8,8,interval_timestamp_utc:str|observation_timestamp_utc:str|effective_timestamp_utc:str|publication_timestamp_utc:str|source:str|point_in_time_available:bool|quality_score:float64|lineage_hash:str,True
2023-11,5bd6bd9423870ac8,8,interval_timestamp_utc:str|observation_timestamp_utc:str|effective_timestamp_utc:str|publication_timestamp_utc:str|source:str|point_in_time_available:bool|quality_score:float64|lineage_hash:str,True
2023-12,e8865e9a267956d6,15,interval_timestamp_utc:str|dispatch_unit_scada_duid_count:float64|dispatch_unit_scada_total_mw:float64|dispatch_unit_scada_abs_total_mw:float64|dispatch_unit_scada_mean_mw:float64|dispatch_unit_scada_positive_mw:float64|dispatch_unit_scada_negative_mw:float64|dispatch_unit_scada_active_units:object|observation_timestamp_utc:str|effective_timestamp_utc:str|publication_timestamp_utc:str|source:str|point_in_time_available:bool|quality_score:float64|lineage_hash:str,True
2024-01,b3a7583b89a63f19,51,interval_timestamp_utc:str|dispatchprice_nsw_rrp:float64|dispatchprice_qld_rrp:float64|dispatchprice_sa_rrp:float64|dispatchprice_tas_rrp:float64|dispatchprice_vic_rrp:float64|dispatchprice_price_spread_max_min:float64|dispatchregionsum_total_demand_mw:float64|dispatchregionsum_nsw_demand_mw:float64|dispatchregionsum_qld_demand_mw:float64|dispatchregionsum_sa_demand_mw:float64|dispatchregionsum_tas_demand_mw:float64|dispatchregionsum_vic_demand_mw:float64|dispatchregionsum_total_forecast_demand_mw:float64|dispatchinterconnectorres_interconnector_count:float64|dispatchinterconnectorres_net_flow_mw:float64|dispatchinterconnectorres_metered_flow_mw:float64|dispatchinterconnectorres_total_abs_flow_mw:float64|dispatchinterconnectorres_export_limit_mw:float64|dispatchinterconnectorres_import_limit_mw:float64|dispatchinterconnectorres_directional_limit_mw:float64|dispatchinterconnectorres_utilisation_pct:float64|dispatchinterconnectorres_over_limit_count:float64|dispatchinterconnectorres_limit_invalid_count:float64|dispatchinterconnectorres_latest_publication_timestamp:str|qni_flow_mw:float64|qni_utilisation_pct:float64|qni_directional_limit_mw:float64|qni_over_limit_count:float64|dispatchinterconnectorres_intervention1_excluded:float64|dispatchinterconnectorres_intervention_pair_diff_count:float64|dispatchconstraint_constraint_count:float64|dispatchconstraint_max_marginal_value:float64|dispatchconstraint_mean_marginal_value:float64|dispatchconstraint_violation_count:float64|dispatchconstraint_max_violation_degree:float64|dispatchconstraint_binding_flag:object|dispatch_unit_scada_duid_count:float64|dispatch_unit_scada_total_mw:float64|dispatch_unit_scada_abs_total_mw:float64|dispatch_unit_scada_mean_mw:float64|dispatch_unit_scada_positive_mw:float64|dispatch_unit_scada_negative_mw:float64|dispatch_unit_scada_active_units:object|observation_timestamp_utc:str|effective_timestamp_utc:str|publication_timestamp_utc:str|source:str|point_in_time_available:bool|quality_score:float64|lineage_hash:str,True
2024-02,e8865e9a267956d6,15,interval_timestamp_utc:str|dispatch_unit_scada_duid_count:float64|dispatch_unit_scada_total_mw:float64|dispatch_unit_scada_abs_total_mw:float64|dispatch_unit_scada_mean_mw:float64|dispatch_unit_scada_positive_mw:float64|dispatch_unit_scada_negative_mw:float64|dispatch_unit_scada_active_units:object|observation_timestamp_utc:str|effective_timestamp_utc:str|publication_timestamp_utc:str|source:str|point_in_time_available:bool|quality_score:float64|lineage_hash:str,True
2024-03,e8865e9a267956d6,15,interval_timestamp_utc:str|dispatch_unit_scada_duid_count:float64|dispatch_unit_scada_total_mw:float64|dispatch_unit_scada_abs_total_mw:float64|dispatch_unit_scada_mean_mw:float64|dispatch_unit_scada_positive_mw:float64|dispatch_unit_scada_negative_mw:float64|dispatch_unit_scada_active_units:object|observation_timestamp_utc:str|effective_timestamp_utc:str|publication_timestamp_utc:str|source:str|point_in_time_available:bool|quality_score:float64|lineage_hash:str,True
2024-04,e8865e9a267956d6,15,interval_timestamp_utc:str|dispatch_unit_scada_duid_count:float64|dispatch_unit_scada_total_mw:float64|dispatch_unit_scada_abs_total_mw:float64|dispatch_unit_scada_mean_mw:float64|dispatch_unit_scada_positive_mw:float64|dispatch_unit_scada_negative_mw:float64|dispatch_unit_scada_active_units:object|observation_timestamp_utc:str|effective_timestamp_utc:str|publication_timestamp_utc:str|source:str|point_in_time_available:bool|quality_score:float64|lineage_hash:str,True
2024-05,e8865e9a267956d6,15,interval_timestamp_utc:str|dispatch_unit_scada_duid_count:float64|dispatch_unit_scada_total_mw:float64|dispatch_unit_scada_abs_total_mw:float64|dispatch_unit_scada_mean_mw:float64|dispatch_unit_scada_positive_mw:float64|dispatch_unit_scada_negative_mw:float64|dispatch_unit_scada_active_units:object|observation_timestamp_utc:str|effective_timestamp_utc:str|publication_timestamp_utc:str|source:str|point_in_time_available:bool|quality_score:float64|lineage_hash:str,True
2024-06,e8865e9a267956d6,15,interval_timestamp_utc:str|dispatch_unit_scada_duid_count:float64|dispatch_unit_scada_total_mw:float64|dispatch_unit_scada_abs_total_mw:float64|dispatch_unit_scada_mean_mw:float64|dispatch_unit_scada_positive_mw:float64|dispatch_unit_scada_negative_mw:float64|dispatch_unit_scada_active_units:object|observation_timestamp_utc:str|effective_timestamp_utc:str|publication_timestamp_utc:str|source:str|point_in_time_available:bool|quality_score:float64|lineage_hash:str,True
2024-07,e8865e9a267956d6,15,interval_timestamp_utc:str|dispatch_unit_scada_duid_count:float64|dispatch_unit_scada_total_mw:float64|dispatch_unit_scada_abs_total_mw:float64|dispatch_unit_scada_mean_mw:float64|dispatch_unit_scada_positive_mw:float64|dispatch_unit_scada_negative_mw:float64|dispatch_unit_scada_active_units:object|observation_timestamp_utc:str|effective_timestamp_utc:str|publication_timestamp_utc:str|source:str|point_in_time_available:bool|quality_score:float64|lineage_hash:str,True
2024-08,5bd6bd9423870ac8,8,interval_timestamp_utc:str|observation_timestamp_utc:str|effective_timestamp_utc:str|publication_timestamp_utc:str|source:str|point_in_time_available:bool|quality_score:float64|lineage_hash:str,True
2024-09,5bd6bd9423870ac8,8,interval_timestamp_utc:str|observation_timestamp_utc:str|effective_timestamp_utc:str|publication_timestamp_utc:str|source:str|point_in_time_available:bool|quality_score:float64|lineage_hash:str,True
2024-10,72ef6ed16b66880d,31,interval_timestamp_utc:str|dispatchregionsum_total_demand_mw:float64|dispatchregionsum_nsw_demand_mw:float64|dispatchregionsum_qld_demand_mw:float64|dispatchregionsum_sa_demand_mw:float64|dispatchregionsum_tas_demand_mw:float64|dispatchregionsum_vic_demand_mw:float64|dispatchinterconnectorres_interconnector_count:float64|dispatchinterconnectorres_net_flow_mw:float64|dispatchinterconnectorres_metered_flow_mw:float64|dispatchinterconnectorres_total_abs_flow_mw:float64|dispatchinterconnectorres_export_limit_mw:float64|dispatchinterconnectorres_import_limit_mw:float64|dispatchinterconnectorres_directional_limit_mw:float64|dispatchinterconnectorres_utilisation_pct:float64|dispatchinterconnectorres_over_limit_count:float64|dispatchinterconnectorres_limit_invalid_count:float64|dispatchinterconnectorres_latest_publication_timestamp:str|qni_flow_mw:float64|qni_utilisation_pct:float64|qni_directional_limit_mw:float64|qni_over_limit_count:float64|dispatchinterconnectorres_intervention1_excluded:float64|dispatchinterconnectorres_intervention_pair_diff_count:float64|observation_timestamp_utc:str|effective_timestamp_utc:str|publication_timestamp_utc:str|source:str|point_in_time_available:bool|quality_score:float64|lineage_hash:str,True
2024-11,72ef6ed16b66880d,31,interval_timestamp_utc:str|dispatchregionsum_total_demand_mw:float64|dispatchregionsum_nsw_demand_mw:float64|dispatchregionsum_qld_demand_mw:float64|dispatchregionsum_sa_demand_mw:float64|dispatchregionsum_tas_demand_mw:float64|dispatchregionsum_vic_demand_mw:float64|dispatchinterconnectorres_interconnector_count:float64|dispatchinterconnectorres_net_flow_mw:float64|dispatchinterconnectorres_metered_flow_mw:float64|dispatchinterconnectorres_total_abs_flow_mw:float64|dispatchinterconnectorres_export_limit_mw:float64|dispatchinterconnectorres_import_limit_mw:float64|dispatchinterconnectorres_directional_limit_mw:float64|dispatchinterconnectorres_utilisation_pct:float64|dispatchinterconnectorres_over_limit_count:float64|dispatchinterconnectorres_limit_invalid_count:float64|dispatchinterconnectorres_latest_publication_timestamp:str|qni_flow_mw:float64|qni_utilisation_pct:float64|qni_directional_limit_mw:float64|qni_over_limit_count:float64|dispatchinterconnectorres_intervention1_excluded:float64|dispatchinterconnectorres_intervention_pair_diff_count:float64|observation_timestamp_utc:str|effective_timestamp_utc:str|publication_timestamp_utc:str|source:str|point_in_time_available:bool|quality_score:float64|lineage_hash:str,True
2024-12,72ef6ed16b66880d,31,interval_timestamp_utc:str|dispatchregionsum_total_demand_mw:float64|dispatchregionsum_nsw_demand_mw:float64|dispatchregionsum_qld_demand_mw:float64|dispatchregionsum_sa_demand_mw:float64|dispatchregionsum_tas_demand_mw:float64|dispatchregionsum_vic_demand_mw:float64|dispatchinterconnectorres_interconnector_count:float64|dispatchinterconnectorres_net_flow_mw:float64|dispatchinterconnectorres_metered_flow_mw:float64|dispatchinterconnectorres_total_abs_flow_mw:float64|dispatchinterconnectorres_export_limit_mw:float64|dispatchinterconnectorres_import_limit_mw:float64|dispatchinterconnectorres_directional_limit_mw:float64|dispatchinterconnectorres_utilisation_pct:float64|dispatchinterconnectorres_over_limit_count:float64|dispatchinterconnectorres_limit_invalid_count:float64|dispatchinterconnectorres_latest_publication_timestamp:str|qni_flow_mw:float64|qni_utilisation_pct:float64|qni_directional_limit_mw:float64|qni_over_limit_count:float64|dispatchinterconnectorres_intervention1_excluded:float64|dispatchinterconnectorres_intervention_pair_diff_count:float64|observation_timestamp_utc:str|effective_timestamp_utc:str|publication_timestamp_utc:str|source:str|point_in_time_available:bool|quality_score:float64|lineage_hash:str,True
2025-01,5bd6bd9423870ac8,8,interval_timestamp_utc:str|observation_timestamp_utc:str|effective_timestamp_utc:str|publication_timestamp_utc:str|source:str|point_in_time_available:bool|quality_score:float64|lineage_hash:str,True
2025-02,5bd6bd9423870ac8,8,interval_timestamp_utc:str|observation_timestamp_utc:str|effective_timestamp_utc:str|publication_timestamp_utc:str|source:str|point_in_time_available:bool|quality_score:float64|lineage_hash:str,True
2025-03,5bd6bd9423870ac8,8,interval_timestamp_utc:str|observation_timestamp_utc:str|effective_timestamp_utc:str|publication_timestamp_utc:str|source:str|point_in_time_available:bool|quality_score:float64|lineage_hash:str,True
2025-04,5bd6bd9423870ac8,8,interval_timestamp_utc:str|observation_timestamp_utc:str|effective_timestamp_utc:str|publication_timestamp_utc:str|source:str|point_in_time_available:bool|quality_score:float64|lineage_hash:str,True
2025-05,5bd6bd9423870ac8,8,interval_timestamp_utc:str|observation_timestamp_utc:str|effective_timestamp_utc:str|publication_timestamp_utc:str|source:str|point_in_time_available:bool|quality_score:float64|lineage_hash:str,True
2025-06,5bd6bd9423870ac8,8,interval_timestamp_utc:str|observation_timestamp_utc:str|effective_timestamp_utc:str|publication_timestamp_utc:str|source:str|point_in_time_available:bool|quality_score:float64|lineage_hash:str,True
2025-07,5bd6bd9423870ac8,8,interval_timestamp_utc:str|observation_timestamp_utc:str|effective_timestamp_utc:str|publication_timestamp_utc:str|source:str|point_in_time_available:bool|quality_score:float64|lineage_hash:str,True
2025-08,5bd6bd9423870ac8,8,interval_timestamp_utc:str|observation_timestamp_utc:str|effective_timestamp_utc:str|publication_timestamp_utc:str|source:str|point_in_time_available:bool|quality_score:float64|lineage_hash:str,True
2025-09,5bd6bd9423870ac8,8,interval_timestamp_utc:str|observation_timestamp_utc:str|effective_timestamp_utc:str|publication_timestamp_utc:str|source:str|point_in_time_available:bool|quality_score:float64|lineage_hash:str,True
2025-10,5bd6bd9423870ac8,8,interval_timestamp_utc:str|observation_timestamp_utc:str|effective_timestamp_utc:str|publication_timestamp_utc:str|source:str|point_in_time_available:bool|quality_score:float64|lineage_hash:str,True
2025-11,5bd6bd9423870ac8,8,interval_timestamp_utc:str|observation_timestamp_utc:str|effective_timestamp_utc:str|publication_timestamp_utc:str|source:str|point_in_time_available:bool|quality_score:float64|lineage_hash:str,True
2025-12,5bd6bd9423870ac8,8,interval_timestamp_utc:str|observation_timestamp_utc:str|effective_timestamp_utc:str|publication_timestamp_utc:str|source:str|point_in_time_available:bool|quality_score:float64|lineage_hash:str,True
2026-01,5bd6bd9423870ac8,8,interval_timestamp_utc:str|observation_timestamp_utc:str|effective_timestamp_utc:str|publication_timestamp_utc:str|source:str|point_in_time_available:bool|quality_score:float64|lineage_hash:str,True
2026-02,5bd6bd9423870ac8,8,interval_timestamp_utc:str|observation_timestamp_utc:str|effective_timestamp_utc:str|publication_timestamp_utc:str|source:str|point_in_time_available:bool|quality_score:float64|lineage_hash:str,True
2026-03,5bd6bd9423870ac8,8,interval_timestamp_utc:str|observation_timestamp_utc:str|effective_timestamp_utc:str|publication_timestamp_utc:str|source:str|point_in_time_available:bool|quality_score:float64|lineage_hash:str,True
2026-04,5bd6bd9423870ac8,8,interval_timestamp_utc:str|observation_timestamp_utc:str|effective_timestamp_utc:str|publication_timestamp_utc:str|source:str|point_in_time_available:bool|quality_score:float64|lineage_hash:str,True
2026-05,5bd6bd9423870ac8,8,interval_timestamp_utc:str|observation_timestamp_utc:str|effective_timestamp_utc:str|publication_timestamp_utc:str|source:str|point_in_time_available:bool|quality_score:float64|lineage_hash:str,True
2026-06,5bd6bd9423870ac8,8,interval_timestamp_utc:str|observation_timestamp_utc:str|effective_timestamp_utc:str|publication_timestamp_utc:str|source:str|point_in_time_available:bool|quality_score:float64|lineage_hash:str,True
2026-07,5bd6bd9423870ac8,8,interval_timestamp_utc:str|observation_timestamp_utc:str|effective_timestamp_utc:str|publication_timestamp_utc:str|source:str|point_in_time_available:bool|quality_score:float64|lineage_hash:str,True
