quarter,model_risk_discount,liquidity_discount,total_discount,discount_shortfall,mape_actual_per_unit,mape_clearing_price,weighted_score
C2025Q3,0.05,0.05,0.1,0.0,9.999977812053515,170.2355201454976,74.09419474543115
C2025Q3,0.01,0.09,0.09999999999999999,1.3877787807814457e-17,9.999977812053515,170.2355201454976,74.09419474543115
C2025Q3,0.07,0.03,0.1,0.0,9.999977812053515,170.2355201454976,74.09419474543115
C2025Q3,0.06,0.04,0.1,0.0,9.999977812053515,170.2355201454976,74.09419474543115
C2025Q3,0.08,0.02,0.1,0.0,9.999977812053515,170.2355201454976,74.09419474543115
C2025Q3,0.0,0.1,0.1,0.0,9.999977812053515,170.2355201454976,74.09419474543115
C2025Q3,0.04,0.06,0.1,0.0,9.999977812053515,170.2355201454976,74.09419474543115
C2025Q3,0.03,0.07,0.1,0.0,9.999977812053515,170.2355201454976,74.09419474543115
C2025Q3,0.1,0.0,0.1,0.0,9.999977812053515,170.2355201454976,74.09419474543115
C2025Q3,0.09,0.01,0.09999999999999999,1.3877787807814457e-17,9.999977812053515,170.2355201454976,74.09419474543115
C2025Q3,0.02,0.08,0.1,0.0,9.999977812053515,170.2355201454976,74.09419474543115
C2025Q3,0.04,0.05,0.09,0.010000000000000009,9.00001214339202,170.16938147554538,74.46775987625335
C2025Q3,0.0,0.09,0.09,0.010000000000000009,9.00001214339202,170.16938147554538,74.46775987625335
C2025Q3,0.03,0.06,0.09,0.010000000000000009,9.00001214339202,170.16938147554538,74.46775987625335
C2025Q3,0.09,0.0,0.09,0.010000000000000009,9.00001214339202,170.16938147554538,74.46775987625335
C2025Q3,0.08,0.01,0.09,0.010000000000000009,9.00001214339202,170.16938147554538,74.46775987625335
C2025Q3,0.05,0.04,0.09,0.010000000000000009,9.00001214339202,170.16938147554538,74.46775987625335
C2025Q3,0.07,0.02,0.09000000000000001,0.009999999999999995,9.00001214339202,170.16938147554538,74.46775987625335
C2025Q3,0.01,0.08,0.09,0.010000000000000009,9.00001214339202,170.16938147554538,74.46775987625335
C2025Q3,0.02,0.07,0.09000000000000001,0.009999999999999995,9.00001214339202,170.16938147554538,74.46775987625335
C2025Q3,0.06,0.03,0.09,0.010000000000000009,9.00001214339202,170.16938147554538,74.46775987625335
C2025Q3,0.07,0.04,0.11000000000000001,0.0,10.999996217322758,170.30169521419933,74.72067581607338
C2025Q3,0.02,0.09,0.11,0.0,10.999996217322758,170.30169521419933,74.72067581607338
C2025Q3,0.05,0.06,0.11,0.0,10.999996217322758,170.30169521419933,74.72067581607338
C2025Q3,0.03,0.08,0.11,0.0,10.999996217322758,170.30169521419933,74.72067581607338
C2025Q3,0.08,0.03,0.11,0.0,10.999996217322758,170.30169521419933,74.72067581607338
C2025Q3,0.1,0.01,0.11,0.0,10.999996217322758,170.30169521419933,74.72067581607338
C2025Q3,0.09,0.02,0.11,0.0,10.999996217322758,170.30169521419933,74.72067581607338
C2025Q3,0.04,0.07,0.11000000000000001,0.0,10.999996217322758,170.30169521419933,74.72067581607338
C2025Q3,0.01,0.1,0.11,0.0,10.999996217322758,170.30169521419933,74.72067581607338
C2025Q3,0.06,0.05,0.11,0.0,10.999996217322758,170.30169521419933,74.72067581607338
C2025Q3,0.06,0.02,0.08,0.020000000000000004,8.000004197817004,170.08342412799007,74.83337216988623
C2025Q3,0.03,0.05,0.08,0.020000000000000004,8.000004197817004,170.08342412799007,74.83337216988623
C2025Q3,0.04,0.04,0.08,0.020000000000000004,8.000004197817004,170.08342412799007,74.83337216988623
C2025Q3,0.07,0.01,0.08,0.020000000000000004,8.000004197817004,170.08342412799007,74.83337216988623
C2025Q3,0.02,0.06,0.08,0.020000000000000004,8.000004197817004,170.08342412799007,74.83337216988623
C2025Q3,0.0,0.08,0.08,0.020000000000000004,8.000004197817004,170.08342412799007,74.83337216988623
C2025Q3,0.05,0.03,0.08,0.020000000000000004,8.000004197817004,170.08342412799007,74.83337216988623
C2025Q3,0.01,0.07,0.08,0.020000000000000004,8.000004197817004,170.08342412799007,74.83337216988623
C2025Q3,0.08,0.0,0.08,0.020000000000000004,8.000004197817004,170.08342412799007,74.83337216988623
C2025Q3,0.07,0.0,0.07,0.03,6.999987305245064,169.9393942760707,75.17575009357532
C2025Q3,0.0,0.07,0.07,0.03,6.999987305245064,169.9393942760707,75.17575009357532
C2025Q3,0.04,0.03,0.07,0.03,6.999987305245064,169.9393942760707,75.17575009357532
C2025Q3,0.05,0.02,0.07,0.03,6.999987305245064,169.9393942760707,75.17575009357532
C2025Q3,0.01,0.06,0.06999999999999999,0.030000000000000013,6.999987305245064,169.9393942760707,75.17575009357532
C2025Q3,0.02,0.05,0.07,0.03,6.999987305245064,169.9393942760707,75.17575009357532
C2025Q3,0.03,0.04,0.07,0.03,6.999987305245064,169.9393942760707,75.17575009357532
C2025Q3,0.06,0.01,0.06999999999999999,0.030000000000000013,6.999987305245064,169.9393942760707,75.17575009357532
C2025Q3,0.06,0.06,0.12,0.0,12.000004008095582,170.36787028290107,75.34715051801777
C2025Q3,0.1,0.02,0.12000000000000001,0.0,12.000004008095582,170.36787028290107,75.34715051801777
C2025Q3,0.07,0.05,0.12000000000000001,0.0,12.000004008095582,170.36787028290107,75.34715051801777
C2025Q3,0.08,0.04,0.12,0.0,12.000004008095582,170.36787028290107,75.34715051801777
C2025Q3,0.09,0.03,0.12,0.0,12.000004008095582,170.36787028290107,75.34715051801777
C2025Q3,0.05,0.07,0.12000000000000001,0.0,12.000004008095582,170.36787028290107,75.34715051801777
C2025Q3,0.04,0.08,0.12,0.0,12.000004008095582,170.36787028290107,75.34715051801777
C2025Q3,0.02,0.1,0.12000000000000001,0.0,12.000004008095582,170.36787028290107,75.34715051801777
C2025Q3,0.03,0.09,0.12,0.0,12.000004008095582,170.36787028290107,75.34715051801777
C2025Q3,0.05,0.01,0.060000000000000005,0.04,5.999978001774937,169.79536442415133,75.5181325707255
C2025Q3,0.0,0.06,0.06,0.04000000000000001,5.999978001774937,169.79536442415133,75.5181325707255
C2025Q3,0.04,0.02,0.06,0.04000000000000001,5.999978001774937,169.79536442415133,75.5181325707255
C2025Q3,0.01,0.05,0.060000000000000005,0.04,5.999978001774937,169.79536442415133,75.5181325707255
C2025Q3,0.02,0.04,0.06,0.04000000000000001,5.999978001774937,169.79536442415133,75.5181325707255
C2025Q3,0.03,0.03,0.06,0.04000000000000001,5.999978001774937,169.79536442415133,75.5181325707255
C2025Q3,0.06,0.0,0.06,0.04000000000000001,5.999978001774937,169.79536442415133,75.5181325707255
C2025Q3,0.05,0.0,0.05,0.05,5.000010037283385,169.65137097098147,75.86055441076262
C2025Q3,0.0,0.05,0.05,0.05,5.000010037283385,169.65137097098147,75.86055441076262
C2025Q3,0.01,0.04,0.05,0.05,5.000010037283385,169.65137097098147,75.86055441076262
C2025Q3,0.03,0.02,0.05,0.05,5.000010037283385,169.65137097098147,75.86055441076262
C2025Q3,0.02,0.03,0.05,0.05,5.000010037283385,169.65137097098147,75.86055441076262
C2025Q3,0.04,0.01,0.05,0.05,5.000010037283385,169.65137097098147,75.86055441076262
C2025Q3,0.07,0.06,0.13,0.0,13.000007068222189,170.4340453516028,75.97362238157444
C2025Q3,0.08,0.05,0.13,0.0,13.000007068222189,170.4340453516028,75.97362238157444
C2025Q3,0.03,0.1,0.13,0.0,13.000007068222189,170.4340453516028,75.97362238157444
C2025Q3,0.05,0.08,0.13,0.0,13.000007068222189,170.4340453516028,75.97362238157444
C2025Q3,0.09,0.04,0.13,0.0,13.000007068222189,170.4340453516028,75.97362238157444
C2025Q3,0.1,0.03,0.13,0.0,13.000007068222189,170.4340453516028,75.97362238157444
C2025Q3,0.06,0.07,0.13,0.0,13.000007068222189,170.4340453516028,75.97362238157444
C2025Q3,0.04,0.09,0.13,0.0,13.000007068222189,170.4340453516028,75.97362238157444
C2025Q3,0.0,0.04,0.04,0.060000000000000005,3.999993927844194,169.5073411190621,76.20293280433135
C2025Q3,0.02,0.02,0.04,0.060000000000000005,3.999993927844194,169.5073411190621,76.20293280433135
C2025Q3,0.03,0.01,0.04,0.060000000000000005,3.999993927844194,169.5073411190621,76.20293280433135
C2025Q3,0.01,0.03,0.04,0.060000000000000005,3.999993927844194,169.5073411190621,76.20293280433135
C2025Q3,0.04,0.0,0.04,0.060000000000000005,3.999993927844194,169.5073411190621,76.20293280433135
C2025Q3,0.03,0.0,0.03,0.07,2.9999861370713683,169.36331126714273,76.54531618909992
C2025Q3,0.02,0.01,0.03,0.07,2.9999861370713683,169.36331126714273,76.54531618909992
C2025Q3,0.0,0.03,0.03,0.07,2.9999861370713683,169.36331126714273,76.54531618909992
C2025Q3,0.01,0.02,0.03,0.07,2.9999861370713683,169.36331126714273,76.54531618909992
C2025Q3,0.08,0.06,0.14,0.0,13.999979542852742,170.50018402155501,76.60006133433365
C2025Q3,0.09,0.05,0.14,0.0,13.999979542852742,170.50018402155501,76.60006133433365
C2025Q3,0.07,0.07,0.14,0.0,13.999979542852742,170.50018402155501,76.60006133433365
C2025Q3,0.04,0.1,0.14,0.0,13.999979542852742,170.50018402155501,76.60006133433365
C2025Q3,0.1,0.04,0.14,0.0,13.999979542852742,170.50018402155501,76.60006133433365
C2025Q3,0.06,0.08,0.14,0.0,13.999979542852742,170.50018402155501,76.60006133433365
C2025Q3,0.05,0.09,0.14,0.0,13.999979542852742,170.50018402155501,76.60006133433365
C2025Q3,0.01,0.01,0.02,0.08,1.999983076944768,169.21928141522335,76.8877024122562
C2025Q3,0.02,0.0,0.02,0.08,1.999983076944768,169.21928141522335,76.8877024122562
C2025Q3,0.0,0.02,0.02,0.08,1.999983076944768,169.21928141522335,76.8877024122562
C2025Q3,0.07,0.08,0.15000000000000002,0.0,14.99998884632287,170.56635909025675,77.22653694389642
C2025Q3,0.08,0.07,0.15000000000000002,0.0,14.99998884632287,170.56635909025675,77.22653694389642
C2025Q3,0.06,0.09,0.15,0.0,14.99998884632287,170.56635909025675,77.22653694389642
C2025Q3,0.09,0.06,0.15,0.0,14.99998884632287,170.56635909025675,77.22653694389642
C2025Q3,0.1,0.05,0.15000000000000002,0.0,14.99998884632287,170.56635909025675,77.22653694389642
C2025Q3,0.05,0.1,0.15000000000000002,0.0,14.99998884632287,170.56635909025675,77.22653694389642
C2025Q3,0.01,0.0,0.01,0.09000000000000001,1.000017408283276,169.07528796205352,77.23012562979137
C2025Q3,0.0,0.01,0.01,0.09000000000000001,1.000017408283276,169.07528796205352,77.23012562979137
C2025Q3,0.0,0.0,0.0,0.1,5.4928769194028855e-06,168.93125811013414,77.57250653977981
C2025Q3,0.09,0.07,0.16,0.0,15.999998932925752,170.59054193967668,77.83621613562613
C2025Q3,0.08,0.08,0.16,0.0,15.999998932925752,170.59054193967668,77.83621613562613
C2025Q3,0.07,0.09,0.16,0.0,15.999998932925752,170.59054193967668,77.83621613562613
C2025Q3,0.06,0.1,0.16,0.0,15.999998932925752,170.59054193967668,77.83621613562613
C2025Q3,0.1,0.06,0.16,0.0,15.999998932925752,170.59054193967668,77.83621613562613
C2025Q3,0.09,0.08,0.16999999999999998,0.0,17.00000672369858,170.52966588301967,78.41187038742702
C2025Q3,0.08,0.09,0.16999999999999998,0.0,17.00000672369858,170.52966588301967,78.41187038742702
C2025Q3,0.07,0.1,0.17,0.0,17.00000672369858,170.52966588301967,78.41187038742702
C2025Q3,0.1,0.07,0.17,0.0,17.00000672369858,170.52966588301967,78.41187038742702
C2025Q3,0.09,0.09,0.18,0.0,17.999980711026435,170.4687534276131,78.9874897976611
C2025Q3,0.1,0.08,0.18,0.0,17.999980711026435,170.4687534276131,78.9874897976611
C2025Q3,0.08,0.1,0.18,0.0,17.999980711026435,170.4687534276131,78.9874897976611
C2025Q3,0.09,0.1,0.19,0.0,18.99999079762932,170.38398246420738,79.55358746426054
C2025Q3,0.1,0.09,0.19,0.0,18.99999079762932,170.38398246420738,79.55358746426054
C2025Q3,0.1,0.1,0.2,0.0,20.00000010109945,170.2352179760421,80.09408725107652
C2025Q4,0.05,0.05,0.1,0.0,10.000004371702058,101.98837210716492,46.79535146588721
C2025Q4,0.09,0.01,0.09999999999999999,1.3877787807814457e-17,10.000004371702058,101.98837210716492,46.79535146588721
C2025Q4,0.02,0.08,0.1,0.0,10.000004371702058,101.98837210716492,46.79535146588721
C2025Q4,0.1,0.0,0.1,0.0,10.000004371702058,101.98837210716492,46.79535146588721
C2025Q4,0.03,0.07,0.1,0.0,10.000004371702058,101.98837210716492,46.79535146588721
C2025Q4,0.0,0.1,0.1,0.0,10.000004371702058,101.98837210716492,46.79535146588721
C2025Q4,0.08,0.02,0.1,0.0,10.000004371702058,101.98837210716492,46.79535146588721
C2025Q4,0.01,0.09,0.09999999999999999,1.3877787807814457e-17,10.000004371702058,101.98837210716492,46.79535146588721
C2025Q4,0.06,0.04,0.1,0.0,10.000004371702058,101.98837210716492,46.79535146588721
C2025Q4,0.07,0.03,0.1,0.0,10.000004371702058,101.98837210716492,46.79535146588721
C2025Q4,0.04,0.06,0.1,0.0,10.000004371702058,101.98837210716492,46.79535146588721
C2025Q4,0.04,0.07,0.11000000000000001,0.0,10.999985794398453,101.08666543304305,47.03465764985629
C2025Q4,0.01,0.1,0.11,0.0,10.999985794398453,101.08666543304305,47.03465764985629
C2025Q4,0.05,0.06,0.11,0.0,10.999985794398453,101.08666543304305,47.03465764985629
C2025Q4,0.06,0.05,0.11,0.0,10.999985794398453,101.08666543304305,47.03465764985629
C2025Q4,0.02,0.09,0.11,0.0,10.999985794398453,101.08666543304305,47.03465764985629
C2025Q4,0.07,0.04,0.11000000000000001,0.0,10.999985794398453,101.08666543304305,47.03465764985629
C2025Q4,0.09,0.02,0.11,0.0,10.999985794398453,101.08666543304305,47.03465764985629
C2025Q4,0.08,0.03,0.11,0.0,10.999985794398453,101.08666543304305,47.03465764985629
C2025Q4,0.03,0.08,0.11,0.0,10.999985794398453,101.08666543304305,47.03465764985629
C2025Q4,0.1,0.01,0.11,0.0,10.999985794398453,101.08666543304305,47.03465764985629
C2025Q4,0.06,0.06,0.12,0.0,11.99999940984954,100.19072398259367,47.2762892389472
C2025Q4,0.09,0.03,0.12,0.0,11.99999940984954,100.19072398259367,47.2762892389472
C2025Q4,0.05,0.07,0.12000000000000001,0.0,11.99999940984954,100.19072398259367,47.2762892389472
C2025Q4,0.04,0.08,0.12,0.0,11.99999940984954,100.19072398259367,47.2762892389472
C2025Q4,0.1,0.02,0.12000000000000001,0.0,11.99999940984954,100.19072398259367,47.2762892389472
C2025Q4,0.08,0.04,0.12,0.0,11.99999940984954,100.19072398259367,47.2762892389472
C2025Q4,0.02,0.1,0.12000000000000001,0.0,11.99999940984954,100.19072398259367,47.2762892389472
C2025Q4,0.03,0.09,0.12,0.0,11.99999940984954,100.19072398259367,47.2762892389472
C2025Q4,0.07,0.05,0.12000000000000001,0.0,11.99999940984954,100.19072398259367,47.2762892389472
C2025Q4,0.1,0.03,0.13,0.0,12.999998716986362,99.26918092083172,47.5076715985245
C2025Q4,0.06,0.07,0.13,0.0,12.999998716986362,99.26918092083172,47.5076715985245
C2025Q4,0.05,0.08,0.13,0.0,12.999998716986362,99.26918092083172,47.5076715985245
C2025Q4,0.04,0.09,0.13,0.0,12.999998716986362,99.26918092083172,47.5076715985245
C2025Q4,0.08,0.05,0.13,0.0,12.999998716986362,99.26918092083172,47.5076715985245
C2025Q4,0.03,0.1,0.13,0.0,12.999998716986362,99.26918092083172,47.5076715985245
C2025Q4,0.07,0.06,0.13,0.0,12.999998716986362,99.26918092083172,47.5076715985245
C2025Q4,0.09,0.04,0.13,0.0,12.999998716986362,99.26918092083172,47.5076715985245
C2025Q4,0.09,0.0,0.09,0.010000000000000009,9.000002527994303,102.8900963272779,47.55604004770774
C2025Q4,0.07,0.02,0.09000000000000001,0.009999999999999995,9.000002527994303,102.8900963272779,47.55604004770774
C2025Q4,0.03,0.06,0.09,0.010000000000000009,9.000002527994303,102.8900963272779,47.55604004770774
C2025Q4,0.05,0.04,0.09,0.010000000000000009,9.000002527994303,102.8900963272779,47.55604004770774
C2025Q4,0.06,0.03,0.09,0.010000000000000009,9.000002527994303,102.8900963272779,47.55604004770774
C2025Q4,0.02,0.07,0.09000000000000001,0.009999999999999995,9.000002527994303,102.8900963272779,47.55604004770774
C2025Q4,0.0,0.09,0.09,0.010000000000000009,9.000002527994303,102.8900963272779,47.55604004770774
C2025Q4,0.08,0.01,0.09,0.010000000000000009,9.000002527994303,102.8900963272779,47.55604004770774
C2025Q4,0.04,0.05,0.09,0.010000000000000009,9.000002527994303,102.8900963272779,47.55604004770774
C2025Q4,0.01,0.08,0.09,0.010000000000000009,9.000002527994303,102.8900963272779,47.55604004770774
C2025Q4,0.05,0.09,0.14,0.0,13.999982676253687,98.38265627075074,47.75305211405251
C2025Q4,0.1,0.04,0.14,0.0,13.999982676253687,98.38265627075074,47.75305211405251
C2025Q4,0.04,0.1,0.14,0.0,13.999982676253687,98.38265627075074,47.75305211405251
C2025Q4,0.08,0.06,0.14,0.0,13.999982676253687,98.38265627075074,47.75305211405251
C2025Q4,0.06,0.08,0.14,0.0,13.999982676253687,98.38265627075074,47.75305211405251
C2025Q4,0.07,0.07,0.14,0.0,13.999982676253687,98.38265627075074,47.75305211405251
C2025Q4,0.09,0.05,0.14,0.0,13.999982676253687,98.38265627075074,47.75305211405251
C2025Q4,0.09,0.06,0.15,0.0,15.000003433073623,97.50510990232351,48.00204602077358
C2025Q4,0.1,0.05,0.15000000000000002,0.0,15.000003433073623,97.50510990232351,48.00204602077358
C2025Q4,0.06,0.09,0.15,0.0,15.000003433073623,97.50510990232351,48.00204602077358
C2025Q4,0.08,0.07,0.15000000000000002,0.0,15.000003433073623,97.50510990232351,48.00204602077358
C2025Q4,0.05,0.1,0.15000000000000002,0.0,15.000003433073623,97.50510990232351,48.00204602077358
C2025Q4,0.07,0.08,0.15000000000000002,0.0,15.000003433073623,97.50510990232351,48.00204602077358
C2025Q4,0.07,0.09,0.16,0.0,16.000005276781376,96.6275953145285,48.25104129188023
C2025Q4,0.1,0.06,0.16,0.0,16.000005276781376,96.6275953145285,48.25104129188023
C2025Q4,0.06,0.1,0.16,0.0,16.000005276781376,96.6275953145285,48.25104129188023
C2025Q4,0.09,0.07,0.16,0.0,16.000005276781376,96.6275953145285,48.25104129188023
C2025Q4,0.08,0.08,0.16,0.0,16.000005276781376,96.6275953145285,48.25104129188023
C2025Q4,0.06,0.02,0.08,0.020000000000000004,8.000003220857483,103.79182054739086,48.316730151470836
C2025Q4,0.07,0.01,0.08,0.020000000000000004,8.000003220857483,103.79182054739086,48.316730151470836
C2025Q4,0.01,0.07,0.08,0.020000000000000004,8.000003220857483,103.79182054739086,48.316730151470836
C2025Q4,0.08,0.0,0.08,0.020000000000000004,8.000003220857483,103.79182054739086,48.316730151470836
C2025Q4,0.02,0.06,0.08,0.020000000000000004,8.000003220857483,103.79182054739086,48.316730151470836
C2025Q4,0.04,0.04,0.08,0.020000000000000004,8.000003220857483,103.79182054739086,48.316730151470836
C2025Q4,0.0,0.08,0.08,0.020000000000000004,8.000003220857483,103.79182054739086,48.316730151470836
C2025Q4,0.03,0.05,0.08,0.020000000000000004,8.000003220857483,103.79182054739086,48.316730151470836
C2025Q4,0.05,0.03,0.08,0.020000000000000004,8.000003220857483,103.79182054739086,48.316730151470836
C2025Q4,0.07,0.1,0.17,0.0,17.000008491264175,95.75009957253452,48.500044923772315
C2025Q4,0.09,0.08,0.16999999999999998,0.0,17.000008491264175,95.75009957253452,48.500044923772315
C2025Q4,0.08,0.09,0.16999999999999998,0.0,17.000008491264175,95.75009957253452,48.500044923772315
C2025Q4,0.1,0.07,0.17,0.0,17.000008491264175,95.75009957253452,48.500044923772315
C2025Q4,0.09,0.09,0.18,0.0,18.000003708249167,94.66449209258454,48.66579906198332
C2025Q4,0.08,0.1,0.18,0.0,18.000003708249167,94.66449209258454,48.66579906198332
C2025Q4,0.1,0.08,0.18,0.0,18.000003708249167,94.66449209258454,48.66579906198332
C2025Q4,0.09,0.1,0.19,0.0,19.000003015385985,93.54072243643824,48.81629078380689
C2025Q4,0.1,0.09,0.19,0.0,19.000003015385985,93.54072243643824,48.81629078380689
C2025Q4,0.1,0.1,0.2,0.0,19.999993601376072,92.3601903892364,48.944072316520206
C2025Q4,0.06,0.01,0.06999999999999999,0.030000000000000013,7.000019261590156,104.69352722151274,49.07742244555919
C2025Q4,0.05,0.02,0.07,0.03,7.000019261590156,104.69352722151274,49.07742244555919
C2025Q4,0.01,0.06,0.06999999999999999,0.030000000000000013,7.000019261590156,104.69352722151274,49.07742244555919
C2025Q4,0.04,0.03,0.07,0.03,7.000019261590156,104.69352722151274,49.07742244555919
C2025Q4,0.0,0.07,0.07,0.03,7.000019261590156,104.69352722151274,49.07742244555919
C2025Q4,0.07,0.0,0.07,0.03,7.000019261590156,104.69352722151274,49.07742244555919
C2025Q4,0.03,0.04,0.07,0.03,7.000019261590156,104.69352722151274,49.07742244555919
C2025Q4,0.02,0.05,0.07,0.03,7.000019261590156,104.69352722151274,49.07742244555919
C2025Q4,0.06,0.0,0.06,0.04000000000000001,5.999983339706578,105.59529081529104,49.838106329940366
C2025Q4,0.05,0.01,0.060000000000000005,0.04,5.999983339706578,105.59529081529104,49.838106329940366
C2025Q4,0.04,0.02,0.06,0.04000000000000001,5.999983339706578,105.59529081529104,49.838106329940366
C2025Q4,0.03,0.03,0.06,0.04000000000000001,5.999983339706578,105.59529081529104,49.838106329940366
C2025Q4,0.01,0.05,0.060000000000000005,0.04,5.999983339706578,105.59529081529104,49.838106329940366
C2025Q4,0.0,0.06,0.06,0.04000000000000001,5.999983339706578,105.59529081529104,49.838106329940366
C2025Q4,0.02,0.04,0.06,0.04000000000000001,5.999983339706578,105.59529081529104,49.838106329940366
C2025Q4,0.02,0.03,0.05,0.05,4.999981495998823,106.497015035404,50.5987949117609
C2025Q4,0.03,0.02,0.05,0.05,4.999981495998823,106.497015035404,50.5987949117609
C2025Q4,0.04,0.01,0.05,0.05,4.999981495998823,106.497015035404,50.5987949117609
C2025Q4,0.05,0.0,0.05,0.05,4.999981495998823,106.497015035404,50.5987949117609
C2025Q4,0.0,0.05,0.05,0.05,4.999981495998823,106.497015035404,50.5987949117609
C2025Q4,0.01,0.04,0.05,0.05,4.999981495998823,106.497015035404,50.5987949117609
C2025Q4,0.0,0.04,0.04,0.060000000000000005,4.000000073302431,107.4429583152709,51.37718337008982
C2025Q4,0.01,0.03,0.04,0.060000000000000005,4.000000073302431,107.4429583152709,51.37718337008982
C2025Q4,0.02,0.02,0.04,0.060000000000000005,4.000000073302431,107.4429583152709,51.37718337008982
C2025Q4,0.03,0.01,0.04,0.060000000000000005,4.000000073302431,107.4429583152709,51.37718337008982
C2025Q4,0.04,0.0,0.04,0.060000000000000005,4.000000073302431,107.4429583152709,51.37718337008982
C2025Q4,0.01,0.02,0.03,0.07,2.9999982295946785,108.43194766902441,52.172778005366574
C2025Q4,0.02,0.01,0.03,0.07,2.9999982295946785,108.43194766902441,52.172778005366574
C2025Q4,0.03,0.0,0.03,0.07,2.9999982295946785,108.43194766902441,52.172778005366574
C2025Q4,0.0,0.03,0.03,0.07,2.9999982295946785,108.43194766902441,52.172778005366574
C2025Q4,0.01,0.01,0.02,0.08,1.9999989224578576,109.43196473723674,52.97278524836941
C2025Q4,0.0,0.02,0.02,0.08,1.9999989224578576,109.43196473723674,52.97278524836941
C2025Q4,0.02,0.0,0.02,0.08,1.9999989224578576,109.43196473723674,52.97278524836941
C2025Q4,0.01,0.0,0.01,0.09000000000000001,0.9999965647244344,110.54861161462557,53.81944258468489
C2025Q4,0.0,0.01,0.01,0.09000000000000001,0.9999965647244344,110.54861161462557,53.81944258468489
C2025Q4,0.0,0.0,0.0,0.1,1.3006378344989941e-05,111.66526276830405,54.66611291114863
C2026Q1,0.05,0.05,0.1,0.0,10.000001816617603,187.80481834143703,81.12192842654538
C2026Q1,0.02,0.08,0.1,0.0,10.000001816617603,187.80481834143703,81.12192842654538
C2026Q1,0.1,0.0,0.1,0.0,10.000001816617603,187.80481834143703,81.12192842654538
C2026Q1,0.06,0.04,0.1,0.0,10.000001816617603,187.80481834143703,81.12192842654538
C2026Q1,0.04,0.06,0.1,0.0,10.000001816617603,187.80481834143703,81.12192842654538
C2026Q1,0.07,0.03,0.1,0.0,10.000001816617603,187.80481834143703,81.12192842654538
C2026Q1,0.09,0.01,0.09999999999999999,1.3877787807814457e-17,10.000001816617603,187.80481834143703,81.12192842654538
C2026Q1,0.03,0.07,0.1,0.0,10.000001816617603,187.80481834143703,81.12192842654538
C2026Q1,0.0,0.1,0.1,0.0,10.000001816617603,187.80481834143703,81.12192842654538
C2026Q1,0.01,0.09,0.09999999999999999,1.3877787807814457e-17,10.000001816617603,187.80481834143703,81.12192842654538
C2026Q1,0.08,0.02,0.1,0.0,10.000001816617603,187.80481834143703,81.12192842654538
C2026Q1,0.07,0.04,0.11000000000000001,0.0,11.000002824477168,187.38476668017285,81.55390836675544
C2026Q1,0.01,0.1,0.11,0.0,11.000002824477168,187.38476668017285,81.55390836675544
C2026Q1,0.03,0.08,0.11,0.0,11.000002824477168,187.38476668017285,81.55390836675544
C2026Q1,0.02,0.09,0.11,0.0,11.000002824477168,187.38476668017285,81.55390836675544
C2026Q1,0.06,0.05,0.11,0.0,11.000002824477168,187.38476668017285,81.55390836675544
C2026Q1,0.08,0.03,0.11,0.0,11.000002824477168,187.38476668017285,81.55390836675544
C2026Q1,0.1,0.01,0.11,0.0,11.000002824477168,187.38476668017285,81.55390836675544
C2026Q1,0.04,0.07,0.11000000000000001,0.0,11.000002824477168,187.38476668017285,81.55390836675544
C2026Q1,0.09,0.02,0.11,0.0,11.000002824477168,187.38476668017285,81.55390836675544
C2026Q1,0.05,0.06,0.11,0.0,11.000002824477168,187.38476668017285,81.55390836675544
C2026Q1,0.05,0.04,0.09,0.010000000000000009,8.999998978248735,188.22487844408425,81.68995076458295
C2026Q1,0.0,0.09,0.09,0.010000000000000009,8.999998978248735,188.22487844408425,81.68995076458295
C2026Q1,0.04,0.05,0.09,0.010000000000000009,8.999998978248735,188.22487844408425,81.68995076458295
C2026Q1,0.09,0.0,0.09,0.010000000000000009,8.999998978248735,188.22487844408425,81.68995076458295
C2026Q1,0.08,0.01,0.09,0.010000000000000009,8.999998978248735,188.22487844408425,81.68995076458295
C2026Q1,0.07,0.02,0.09000000000000001,0.009999999999999995,8.999998978248735,188.22487844408425,81.68995076458295
C2026Q1,0.03,0.06,0.09,0.010000000000000009,8.999998978248735,188.22487844408425,81.68995076458295
C2026Q1,0.06,0.03,0.09,0.010000000000000009,8.999998978248735,188.22487844408425,81.68995076458295
C2026Q1,0.02,0.07,0.09000000000000001,0.009999999999999995,8.999998978248735,188.22487844408425,81.68995076458295
C2026Q1,0.01,0.08,0.09,0.010000000000000009,8.999998978248735,188.22487844408425,81.68995076458295
C2026Q1,0.03,0.09,0.12,0.0,11.999998045186224,186.96471501890866,81.9858848346752
C2026Q1,0.05,0.07,0.12000000000000001,0.0,11.999998045186224,186.96471501890866,81.9858848346752
C2026Q1,0.1,0.02,0.12000000000000001,0.0,11.999998045186224,186.96471501890866,81.9858848346752
C2026Q1,0.02,0.1,0.12000000000000001,0.0,11.999998045186224,186.96471501890866,81.9858848346752
C2026Q1,0.09,0.03,0.12,0.0,11.999998045186224,186.96471501890866,81.9858848346752
C2026Q1,0.04,0.08,0.12,0.0,11.999998045186224,186.96471501890866,81.9858848346752
C2026Q1,0.07,0.05,0.12000000000000001,0.0,11.999998045186224,186.96471501890866,81.9858848346752
C2026Q1,0.08,0.04,0.12,0.0,11.999998045186224,186.96471501890866,81.9858848346752
C2026Q1,0.06,0.06,0.12,0.0,11.999998045186224,186.96471501890866,81.9858848346752
C2026Q1,0.0,0.08,0.08,0.020000000000000004,7.999998610143586,188.64493010534844,82.25797120822553
C2026Q1,0.04,0.04,0.08,0.020000000000000004,7.999998610143586,188.64493010534844,82.25797120822553
C2026Q1,0.05,0.03,0.08,0.020000000000000004,7.999998610143586,188.64493010534844,82.25797120822553
C2026Q1,0.08,0.0,0.08,0.020000000000000004,7.999998610143586,188.64493010534844,82.25797120822553
C2026Q1,0.07,0.01,0.08,0.020000000000000004,7.999998610143586,188.64493010534844,82.25797120822553
C2026Q1,0.01,0.07,0.08,0.020000000000000004,7.999998610143586,188.64493010534844,82.25797120822553
C2026Q1,0.03,0.05,0.08,0.020000000000000004,7.999998610143586,188.64493010534844,82.25797120822553
C2026Q1,0.06,0.02,0.08,0.020000000000000004,7.999998610143586,188.64493010534844,82.25797120822553
C2026Q1,0.02,0.06,0.08,0.020000000000000004,7.999998610143586,188.64493010534844,82.25797120822553
C2026Q1,0.08,0.05,0.13,0.0,12.999999429106964,186.54466335764448,82.41786500052199
C2026Q1,0.06,0.07,0.13,0.0,12.999999429106964,186.54466335764448,82.41786500052199
C2026Q1,0.09,0.04,0.13,0.0,12.999999429106964,186.54466335764448,82.41786500052199
C2026Q1,0.07,0.06,0.13,0.0,12.999999429106964,186.54466335764448,82.41786500052199
C2026Q1,0.05,0.08,0.13,0.0,12.999999429106964,186.54466335764448,82.41786500052199
C2026Q1,0.1,0.03,0.13,0.0,12.999999429106964,186.54466335764448,82.41786500052199
C2026Q1,0.04,0.09,0.13,0.0,12.999999429106964,186.54466335764448,82.41786500052199
C2026Q1,0.03,0.1,0.13,0.0,12.999999429106964,186.54466335764448,82.41786500052199
C2026Q1,0.06,0.01,0.06999999999999999,0.030000000000000013,6.999997231061044,189.06498176661262,82.82599104528168
C2026Q1,0.05,0.02,0.07,0.03,6.999997231061044,189.06498176661262,82.82599104528168
C2026Q1,0.04,0.03,0.07,0.03,6.999997231061044,189.06498176661262,82.82599104528168
C2026Q1,0.07,0.0,0.07,0.03,6.999997231061044,189.06498176661262,82.82599104528168
C2026Q1,0.0,0.07,0.07,0.03,6.999997231061044,189.06498176661262,82.82599104528168
C2026Q1,0.02,0.05,0.07,0.03,6.999997231061044,189.06498176661262,82.82599104528168
C2026Q1,0.03,0.04,0.07,0.03,6.999997231061044,189.06498176661262,82.82599104528168
C2026Q1,0.01,0.06,0.06999999999999999,0.030000000000000013,6.999997231061044,189.06498176661262,82.82599104528168
C2026Q1,0.04,0.1,0.14,0.0,14.000001251660239,186.12460325499728,82.84984205299506
C2026Q1,0.06,0.08,0.14,0.0,14.000001251660239,186.12460325499728,82.84984205299506
C2026Q1,0.08,0.06,0.14,0.0,14.000001251660239,186.12460325499728,82.84984205299506
C2026Q1,0.07,0.07,0.14,0.0,14.000001251660239,186.12460325499728,82.84984205299506
C2026Q1,0.05,0.09,0.14,0.0,14.000001251660239,186.12460325499728,82.84984205299506
C2026Q1,0.09,0.05,0.14,0.0,14.000001251660239,186.12460325499728,82.84984205299506
C2026Q1,0.1,0.04,0.14,0.0,14.000001251660239,186.12460325499728,82.84984205299506
C2026Q1,0.05,0.1,0.15000000000000002,0.0,15.000002259519801,185.7045515937331,83.28182199320511
C2026Q1,0.1,0.05,0.15000000000000002,0.0,15.000002259519801,185.7045515937331,83.28182199320511
C2026Q1,0.07,0.08,0.15000000000000002,0.0,15.000002259519801,185.7045515937331,83.28182199320511
C2026Q1,0.06,0.09,0.15,0.0,15.000002259519801,185.7045515937331,83.28182199320511
C2026Q1,0.09,0.06,0.15,0.0,15.000002259519801,185.7045515937331,83.28182199320511
C2026Q1,0.08,0.07,0.15000000000000002,0.0,15.000002259519801,185.7045515937331,83.28182199320511
C2026Q1,0.01,0.05,0.060000000000000005,0.04,6.000004007923408,189.4850334278768,83.39401577590478
C2026Q1,0.0,0.06,0.06,0.04000000000000001,6.000004007923408,189.4850334278768,83.39401577590478
C2026Q1,0.05,0.01,0.060000000000000005,0.04,6.000004007923408,189.4850334278768,83.39401577590478
C2026Q1,0.06,0.0,0.06,0.04000000000000001,6.000004007923408,189.4850334278768,83.39401577590478
C2026Q1,0.02,0.04,0.06,0.04000000000000001,6.000004007923408,189.4850334278768,83.39401577590478
C2026Q1,0.03,0.03,0.06,0.04000000000000001,6.000004007923408,189.4850334278768,83.39401577590478
C2026Q1,0.04,0.02,0.06,0.04000000000000001,6.000004007923408,189.4850334278768,83.39401577590478
C2026Q1,0.06,0.1,0.16,0.0,15.99999812482147,185.28449993246892,83.71379884788044
C2026Q1,0.07,0.09,0.16,0.0,15.99999812482147,185.28449993246892,83.71379884788044
C2026Q1,0.1,0.06,0.16,0.0,15.99999812482147,185.28449993246892,83.71379884788044
C2026Q1,0.09,0.07,0.16,0.0,15.99999812482147,185.28449993246892,83.71379884788044
C2026Q1,0.08,0.08,0.16,0.0,15.99999812482147,185.28449993246892,83.71379884788044
C2026Q1,0.05,0.0,0.05,0.05,5.000002892534102,189.90508508914098,83.96203577117686
C2026Q1,0.03,0.02,0.05,0.05,5.000002892534102,189.90508508914098,83.96203577117686
C2026Q1,0.01,0.04,0.05,0.05,5.000002892534102,189.90508508914098,83.96203577117686
C2026Q1,0.02,0.03,0.05,0.05,5.000002892534102,189.90508508914098,83.96203577117686
C2026Q1,0.0,0.05,0.05,0.05,5.000002892534102,189.90508508914098,83.96203577117686
C2026Q1,0.04,0.01,0.05,0.05,5.000002892534102,189.90508508914098,83.96203577117686
C2026Q1,0.09,0.08,0.16999999999999998,0.0,16.999996598046742,184.86444827120474,84.14577726730995
C2026Q1,0.1,0.07,0.17,0.0,16.999996598046742,184.86444827120474,84.14577726730995
C2026Q1,0.08,0.09,0.16999999999999998,0.0,16.999996598046742,184.86444827120474,84.14577726730995
C2026Q1,0.07,0.1,0.17,0.0,16.999996598046742,184.86444827120474,84.14577726730995
C2026Q1,0.04,0.0,0.04,0.060000000000000005,3.999998535346539,190.3251451917882,84.53005719792321
C2026Q1,0.02,0.02,0.04,0.060000000000000005,3.999998535346539,190.3251451917882,84.53005719792321
C2026Q1,0.0,0.04,0.04,0.060000000000000005,3.999998535346539,190.3251451917882,84.53005719792321
C2026Q1,0.01,0.03,0.04,0.060000000000000005,3.999998535346539,190.3251451917882,84.53005719792321
C2026Q1,0.03,0.01,0.04,0.060000000000000005,3.999998535346539,190.3251451917882,84.53005719792321
C2026Q1,0.09,0.09,0.18,0.0,17.999997605906305,184.44439660994055,84.57775720752001
C2026Q1,0.1,0.08,0.18,0.0,17.999997605906305,184.44439660994055,84.57775720752001
C2026Q1,0.08,0.1,0.18,0.0,17.999997605906305,184.44439660994055,84.57775720752001
C2026Q1,0.1,0.09,0.19,0.0,19.00000233431685,184.02433650729333,85.00973600350744
C2026Q1,0.09,0.1,0.19,0.0,19.00000233431685,184.02433650729333,85.00973600350744
C2026Q1,0.01,0.02,0.03,0.07,2.999999793589828,190.7451968530524,85.09807861737485
C2026Q1,0.0,0.03,0.03,0.07,2.999999793589828,190.7451968530524,85.09807861737485
C2026Q1,0.03,0.0,0.03,0.07,2.999999793589828,190.7451968530524,85.09807861737485
C2026Q1,0.02,0.01,0.03,0.07,2.999999793589828,190.7451968530524,85.09807861737485
C2026Q1,0.1,0.1,0.2,0.0,20.000003078483175,183.60428484602915,85.44171578550157
C2026Q1,0.01,0.01,0.02,0.08,1.9999986782005266,191.16524851431654,85.66609861264693
C2026Q1,0.0,0.02,0.02,0.08,1.9999986782005266,191.16524851431654,85.66609861264693
C2026Q1,0.02,0.0,0.02,0.08,1.9999986782005266,191.16524851431654,85.66609861264693
C2026Q1,0.01,0.0,0.01,0.09000000000000001,1.000003188960036,191.58530017558076,86.23412198360832
C2026Q1,0.0,0.01,0.01,0.09000000000000001,1.000003188960036,191.58530017558076,86.23412198360832
C2026Q1,0.0,0.0,0.0,0.1,3.90342930972769e-06,192.00536027822795,86.80214645334877
