C,NEMP.WORLD,SROFFER,AEMO,PUBLIC,2025/06/16,14:26:39,0000000467959189,,0000000467959189
I,RESIDUE_PRICE_OFFER,,1,:AUCTIONID,TRANCHEID,INTERCONNECTORID,FROMREGIONID,OFFERUNITS,OFFERPRICE
D,RESIDUE_PRICE_OFFER,,1,A202506,C2025Q3T12,NSW1-QLD1,NSW1,14,5500.11
D,RESIDUE_PRICE_OFFER,,1,A202506,C2025Q3T12,NSW1-QLD1,NSW1,55,0
D,RESIDUE_PRICE_OFFER,,1,A202506,C2025Q3T12,NSW1-QLD1,QLD1,1,33066.379990
D,RESIDUE_PRICE_OFFER,,1,A202506,C2025Q3T12,NSW1-QLD1,QLD1,1,33132.379990
D,RESIDUE_PRICE_OFFER,,1,A202506,C2025Q3T12,NSW1-QLD1,QLD1,1,33198.379990
D,RESIDUE_PRICE_OFFER,,1,A202506,C2025Q3T12,NSW1-QLD1,QLD1,1,33264.379990
D,RESIDUE_PRICE_OFFER,,1,A202506,C2025Q3T12,NSW1-QLD1,QLD1,1,33330.379990
D,RESIDUE_PRICE_OFFER,,1,A202506,C2025Q3T12,NSW1-QLD1,QLD1,1,33396.379990
D,RESIDUE_PRICE_OFFER,,1,A202506,C2025Q3T12,NSW1-QLD1,QLD1,1,33462.379990
D,RESIDUE_PRICE_OFFER,,1,A202506,C2025Q3T12,NSW1-QLD1,QLD1,1,33528.379990
D,RESIDUE_PRICE_OFFER,,1,A202506,C2025Q3T12,NSW1-QLD1,QLD1,1,33594.379990
D,RESIDUE_PRICE_OFFER,,1,A202506,C2025Q3T12,NSW1-QLD1,QLD1,1,33660.379990
D,RESIDUE_PRICE_OFFER,,1,A202506,C2025Q3T12,NSW1-QLD1,QLD1,1,33726.379990
D,RESIDUE_PRICE_OFFER,,1,A202506,C2025Q3T12,NSW1-QLD1,QLD1,1,33792.379990
D,RESIDUE_PRICE_OFFER,,1,A202506,C2025Q3T12,NSW1-QLD1,QLD1,1,33858.379990
D,RESIDUE_PRICE_OFFER,,1,A202506,C2025Q3T12,NSW1-QLD1,QLD1,1,33924.379990
D,RESIDUE_PRICE_OFFER,,1,A202506,C2025Q3T12,NSW1-QLD1,QLD1,1,33990.379990
D,RESIDUE_PRICE_OFFER,,1,A202506,C2025Q3T12,NSW1-QLD1,QLD1,1,40400.379990
D,RESIDUE_PRICE_OFFER,,1,A202506,C2025Q3T12,NSW1-QLD1,QLD1,1,40800.379990
D,RESIDUE_PRICE_OFFER,,1,A202506,C2025Q3T12,NSW1-QLD1,QLD1,1,41200.379990
D,RESIDUE_PRICE_OFFER,,1,A202506,C2025Q3T12,NSW1-QLD1,QLD1,1,41600.379990
D,RESIDUE_PRICE_OFFER,,1,A202506,C2025Q3T12,NSW1-QLD1,QLD1,1,42000.379990
D,RESIDUE_PRICE_OFFER,,1,A202506,C2025Q3T12,NSW1-QLD1,QLD1,1,42400.379990
D,RESIDUE_PRICE_OFFER,,1,A202506,C2025Q3T12,NSW1-QLD1,QLD1,1,42800.379990
D,RESIDUE_PRICE_OFFER,,1,A202506,C2025Q3T12,NSW1-QLD1,QLD1,1,43200.38
D,RESIDUE_PRICE_OFFER,,1,A202506,C2025Q3T12,NSW1-QLD1,QLD1,1,43600.38
D,RESIDUE_PRICE_OFFER,,1,A202506,C2025Q3T12,NSW1-QLD1,QLD1,1,44000.38
D,RESIDUE_PRICE_OFFER,,1,A202506,C2025Q3T12,NSW1-QLD1,QLD1,1,44400.38
D,RESIDUE_PRICE_OFFER,,1,A202506,C2025Q3T12,NSW1-QLD1,QLD1,1,44800.38
D,RESIDUE_PRICE_OFFER,,1,A202506,C2025Q3T12,NSW1-QLD1,QLD1,1,45200.38
D,RESIDUE_PRICE_OFFER,,1,A202506,C2025Q3T12,NSW1-QLD1,QLD1,1,45600.38
D,RESIDUE_PRICE_OFFER,,1,A202506,C2025Q3T12,NSW1-QLD1,QLD1,1,46000.38
D,RESIDUE_PRICE_OFFER,,1,A202506,C2025Q3T12,NSW1-QLD1,QLD1,1,46400.38
D,RESIDUE_PRICE_OFFER,,1,A202506,C2025Q3T12,NSW1-QLD1,QLD1,1,46800.38
D,RESIDUE_PRICE_OFFER,,1,A202506,C2025Q3T12,NSW1-QLD1,QLD1,1,47200.38
D,RESIDUE_PRICE_OFFER,,1,A202506,C2025Q3T12,NSW1-QLD1,QLD1,1,47600.38
D,RESIDUE_PRICE_OFFER,,1,A202506,C2025Q3T12,NSW1-QLD1,QLD1,1,48000.38
D,RESIDUE_PRICE_OFFER,,1,A202506,C2025Q3T12,NSW1-QLD1,QLD1,1,48400.38
D,RESIDUE_PRICE_OFFER,,1,A202506,C2025Q3T12,NSW1-QLD1,QLD1,1,48800.38
D,RESIDUE_PRICE_OFFER,,1,A202506,C2025Q3T12,NSW1-QLD1,QLD1,1,49200.38
D,RESIDUE_PRICE_OFFER,,1,A202506,C2025Q3T12,NSW1-QLD1,QLD1,1,49600.38
D,RESIDUE_PRICE_OFFER,,1,A202506,C2025Q3T12,NSW1-QLD1,QLD1,1,50000.38
D,RESIDUE_PRICE_OFFER,,1,A202506,C2025Q3T12,NSW1-QLD1,QLD1,3,32229
D,RESIDUE_PRICE_OFFER,,1,A202506,C2025Q3T12,NSW1-QLD1,QLD1,3,33195.87
D,RESIDUE_PRICE_OFFER,,1,A202506,C2025Q3T12,NSW1-QLD1,QLD1,3,34191.746090
D,RESIDUE_PRICE_OFFER,,1,A202506,C2025Q3T12,NSW1-QLD1,QLD1,3,35217.498480
D,RESIDUE_PRICE_OFFER,,1,A202506,C2025Q3T12,NSW1-QLD1,QLD1,5,36274.023430
D,RESIDUE_PRICE_OFFER,,1,A202506,C2025Q3T12,NSW1-QLD1,QLD1,5,37362.244140
D,RESIDUE_PRICE_OFFER,,1,A202506,C2025Q3T12,NSW1-QLD1,QLD1,30,32000
D,RESIDUE_PRICE_OFFER,,1,A202506,C2025Q3T12,NSW1-QLD1,QLD1,100,0
D,RESIDUE_PRICE_OFFER,,1,A202506,C2025Q3T12,V-SA,SA1,1,5560.24
D,RESIDUE_PRICE_OFFER,,1,A202506,C2025Q3T12,V-SA,SA1,1,5620.24
D,RESIDUE_PRICE_OFFER,,1,A202506,C2025Q3T12,V-SA,SA1,1,5680.24
D,RESIDUE_PRICE_OFFER,,1,A202506,C2025Q3T12,V-SA,SA1,1,5740.24
D,RESIDUE_PRICE_OFFER,,1,A202506,C2025Q3T12,V-SA,SA1,1,5800.24
D,RESIDUE_PRICE_OFFER,,1,A202506,C2025Q3T12,V-SA,SA1,1,5860.24
D,RESIDUE_PRICE_OFFER,,1,A202506,C2025Q3T12,V-SA,SA1,1,5920.24
D,RESIDUE_PRICE_OFFER,,1,A202506,C2025Q3T12,V-SA,SA1,1,5980.24
D,RESIDUE_PRICE_OFFER,,1,A202506,C2025Q3T12,V-SA,SA1,1,6040.24
D,RESIDUE_PRICE_OFFER,,1,A202506,C2025Q3T12,V-SA,SA1,1,6100.24
D,RESIDUE_PRICE_OFFER,,1,A202506,C2025Q3T12,V-SA,SA1,1,6160.24
D,RESIDUE_PRICE_OFFER,,1,A202506,C2025Q3T12,V-SA,SA1,1,6220.24
D,RESIDUE_PRICE_OFFER,,1,A202506,C2025Q3T12,V-SA,SA1,1,6280.24
D,RESIDUE_PRICE_OFFER,,1,A202506,C2025Q3T12,V-SA,SA1,1,6340.24
D,RESIDUE_PRICE_OFFER,,1,A202506,C2025Q3T12,V-SA,SA1,1,6400.24
D,RESIDUE_PRICE_OFFER,,1,A202506,C2025Q3T12,V-SA,SA1,1,6460.24
D,RESIDUE_PRICE_OFFER,,1,A202506,C2025Q3T12,V-SA,SA1,1,6520.24
D,RESIDUE_PRICE_OFFER,,1,A202506,C2025Q3T12,V-SA,SA1,1,6580.24
D,RESIDUE_PRICE_OFFER,,1,A202506,C2025Q3T12,V-SA,SA1,1,6640.24
D,RESIDUE_PRICE_OFFER,,1,A202506,C2025Q3T12,V-SA,SA1,1,6700.24
D,RESIDUE_PRICE_OFFER,,1,A202506,C2025Q3T12,V-SA,SA1,1,6760.24
D,RESIDUE_PRICE_OFFER,,1,A202506,C2025Q3T12,V-SA,SA1,1,6820.24
D,RESIDUE_PRICE_OFFER,,1,A202506,C2025Q3T12,V-SA,SA1,1,6880.24
D,RESIDUE_PRICE_OFFER,,1,A202506,C2025Q3T12,V-SA,SA1,1,6940.24
D,RESIDUE_PRICE_OFFER,,1,A202506,C2025Q3T12,V-SA,SA1,1,7000.24
D,RESIDUE_PRICE_OFFER,,1,A202506,C2025Q3T12,V-SA,SA1,3,5955
D,RESIDUE_PRICE_OFFER,,1,A202506,C2025Q3T12,V-SA,SA1,3,6252.75
D,RESIDUE_PRICE_OFFER,,1,A202506,C2025Q3T12,V-SA,SA1,3,6565.3875
D,RESIDUE_PRICE_OFFER,,1,A202506,C2025Q3T12,V-SA,SA1,3,10000
D,RESIDUE_PRICE_OFFER,,1,A202506,C2025Q3T12,V-SA,SA1,5,6893.656870
D,RESIDUE_PRICE_OFFER,,1,A202506,C2025Q3T12,V-SA,SA1,5,7238.339710
D,RESIDUE_PRICE_OFFER,,1,A202506,C2025Q3T12,V-SA,SA1,5,7600.2567
D,RESIDUE_PRICE_OFFER,,1,A202506,C2025Q3T12,V-SA,SA1,66,0
D,RESIDUE_PRICE_OFFER,,1,A202506,C2025Q3T12,V-SA,VIC1,2,12000.67
D,RESIDUE_PRICE_OFFER,,1,A202506,C2025Q3T12,V-SA,VIC1,2,18998
D,RESIDUE_PRICE_OFFER,,1,A202506,C2025Q3T12,V-SA,VIC1,2,19498
D,RESIDUE_PRICE_OFFER,,1,A202506,C2025Q3T12,V-SA,VIC1,2,19998
D,RESIDUE_PRICE_OFFER,,1,A202506,C2025Q3T12,V-SA,VIC1,2,20498
D,RESIDUE_PRICE_OFFER,,1,A202506,C2025Q3T12,V-SA,VIC1,2,20998
D,RESIDUE_PRICE_OFFER,,1,A202506,C2025Q3T12,V-SA,VIC1,3,17502.492530
D,RESIDUE_PRICE_OFFER,,1,A202506,C2025Q3T12,V-SA,VIC1,3,17765.029910
D,RESIDUE_PRICE_OFFER,,1,A202506,C2025Q3T12,V-SA,VIC1,3,18031.505360
D,RESIDUE_PRICE_OFFER,,1,A202506,C2025Q3T12,V-SA,VIC1,3,18301.977940
D,RESIDUE_PRICE_OFFER,,1,A202506,C2025Q3T12,V-SA,VIC1,8,16989
D,RESIDUE_PRICE_OFFER,,1,A202506,C2025Q3T12,V-SA,VIC1,8,17243.8350
D,RESIDUE_PRICE_OFFER,,1,A202506,C2025Q3T12,V-SA,VIC1,77,0
D,RESIDUE_PRICE_OFFER,,1,A202506,C2025Q3T12,VIC1-NSW1,NSW1,2,4232.9086
D,RESIDUE_PRICE_OFFER,,1,A202506,C2025Q3T12,VIC1-NSW1,NSW1,2,4359.895850
D,RESIDUE_PRICE_OFFER,,1,A202506,C2025Q3T12,VIC1-NSW1,NSW1,2,5633.67
D,RESIDUE_PRICE_OFFER,,1,A202506,C2025Q3T12,VIC1-NSW1,NSW1,2,5766.67
D,RESIDUE_PRICE_OFFER,,1,A202506,C2025Q3T12,VIC1-NSW1,NSW1,2,5899.67
D,RESIDUE_PRICE_OFFER,,1,A202506,C2025Q3T12,VIC1-NSW1,NSW1,2,6032.67
D,RESIDUE_PRICE_OFFER,,1,A202506,C2025Q3T12,VIC1-NSW1,NSW1,2,6165.67
D,RESIDUE_PRICE_OFFER,,1,A202506,C2025Q3T12,VIC1-NSW1,NSW1,2,6298.67
D,RESIDUE_PRICE_OFFER,,1,A202506,C2025Q3T12,VIC1-NSW1,NSW1,2,6431.67
D,RESIDUE_PRICE_OFFER,,1,A202506,C2025Q3T12,VIC1-NSW1,NSW1,2,6564.67
D,RESIDUE_PRICE_OFFER,,1,A202506,C2025Q3T12,VIC1-NSW1,NSW1,2,6697.67
D,RESIDUE_PRICE_OFFER,,1,A202506,C2025Q3T12,VIC1-NSW1,NSW1,2,6830.67
D,RESIDUE_PRICE_OFFER,,1,A202506,C2025Q3T12,VIC1-NSW1,NSW1,2,6963.67
D,RESIDUE_PRICE_OFFER,,1,A202506,C2025Q3T12,VIC1-NSW1,NSW1,2,7096.67
D,RESIDUE_PRICE_OFFER,,1,A202506,C2025Q3T12,VIC1-NSW1,NSW1,2,7229.67
D,RESIDUE_PRICE_OFFER,,1,A202506,C2025Q3T12,VIC1-NSW1,NSW1,2,7362.67
D,RESIDUE_PRICE_OFFER,,1,A202506,C2025Q3T12,VIC1-NSW1,NSW1,2,7495.67
D,RESIDUE_PRICE_OFFER,,1,A202506,C2025Q3T12,VIC1-NSW1,NSW1,5,3877
D,RESIDUE_PRICE_OFFER,,1,A202506,C2025Q3T12,VIC1-NSW1,NSW1,5,4109.62
D,RESIDUE_PRICE_OFFER,,1,A202506,C2025Q3T12,VIC1-NSW1,NSW1,5,4795.885440
D,RESIDUE_PRICE_OFFER,,1,A202506,C2025Q3T12,VIC1-NSW1,NSW1,5,5275.473980
D,RESIDUE_PRICE_OFFER,,1,A202506,C2025Q3T12,VIC1-NSW1,NSW1,5,5782
D,RESIDUE_PRICE_OFFER,,1,A202506,C2025Q3T12,VIC1-NSW1,NSW1,10,4399
D,RESIDUE_PRICE_OFFER,,1,A202506,C2025Q3T12,VIC1-NSW1,NSW1,10,5000.67
D,RESIDUE_PRICE_OFFER,,1,A202506,C2025Q3T12,VIC1-NSW1,NSW1,10,6652
D,RESIDUE_PRICE_OFFER,,1,A202506,C2025Q3T12,VIC1-NSW1,NSW1,112,0
D,RESIDUE_PRICE_OFFER,,1,A202506,C2025Q3T12,VIC1-NSW1,VIC1,1,27998
D,RESIDUE_PRICE_OFFER,,1,A202506,C2025Q3T12,VIC1-NSW1,VIC1,2,20120.68
D,RESIDUE_PRICE_OFFER,,1,A202506,C2025Q3T12,VIC1-NSW1,VIC1,2,20240.68
D,RESIDUE_PRICE_OFFER,,1,A202506,C2025Q3T12,VIC1-NSW1,VIC1,2,20360.68
D,RESIDUE_PRICE_OFFER,,1,A202506,C2025Q3T12,VIC1-NSW1,VIC1,2,20480.68
D,RESIDUE_PRICE_OFFER,,1,A202506,C2025Q3T12,VIC1-NSW1,VIC1,2,20600.68
D,RESIDUE_PRICE_OFFER,,1,A202506,C2025Q3T12,VIC1-NSW1,VIC1,2,20720.68
D,RESIDUE_PRICE_OFFER,,1,A202506,C2025Q3T12,VIC1-NSW1,VIC1,2,20840.68
D,RESIDUE_PRICE_OFFER,,1,A202506,C2025Q3T12,VIC1-NSW1,VIC1,2,20960.68
D,RESIDUE_PRICE_OFFER,,1,A202506,C2025Q3T12,VIC1-NSW1,VIC1,2,21080.68
D,RESIDUE_PRICE_OFFER,,1,A202506,C2025Q3T12,VIC1-NSW1,VIC1,2,21200.68
D,RESIDUE_PRICE_OFFER,,1,A202506,C2025Q3T12,VIC1-NSW1,VIC1,2,21250
D,RESIDUE_PRICE_OFFER,,1,A202506,C2025Q3T12,VIC1-NSW1,VIC1,2,21320.68
D,RESIDUE_PRICE_OFFER,,1,A202506,C2025Q3T12,VIC1-NSW1,VIC1,2,21440.68
D,RESIDUE_PRICE_OFFER,,1,A202506,C2025Q3T12,VIC1-NSW1,VIC1,2,21560.68
D,RESIDUE_PRICE_OFFER,,1,A202506,C2025Q3T12,VIC1-NSW1,VIC1,2,21680.68
D,RESIDUE_PRICE_OFFER,,1,A202506,C2025Q3T12,VIC1-NSW1,VIC1,2,21800.68
D,RESIDUE_PRICE_OFFER,,1,A202506,C2025Q3T12,VIC1-NSW1,VIC1,2,21920.68
D,RESIDUE_PRICE_OFFER,,1,A202506,C2025Q3T12,VIC1-NSW1,VIC1,2,22040.68
D,RESIDUE_PRICE_OFFER,,1,A202506,C2025Q3T12,VIC1-NSW1,VIC1,2,22160.68
D,RESIDUE_PRICE_OFFER,,1,A202506,C2025Q3T12,VIC1-NSW1,VIC1,2,22280.68
D,RESIDUE_PRICE_OFFER,,1,A202506,C2025Q3T12,VIC1-NSW1,VIC1,2,22400.68
D,RESIDUE_PRICE_OFFER,,1,A202506,C2025Q3T12,VIC1-NSW1,VIC1,2,22520.68
D,RESIDUE_PRICE_OFFER,,1,A202506,C2025Q3T12,VIC1-NSW1,VIC1,2,22640.68
D,RESIDUE_PRICE_OFFER,,1,A202506,C2025Q3T12,VIC1-NSW1,VIC1,2,22760.68
D,RESIDUE_PRICE_OFFER,,1,A202506,C2025Q3T12,VIC1-NSW1,VIC1,2,22880.68
D,RESIDUE_PRICE_OFFER,,1,A202506,C2025Q3T12,VIC1-NSW1,VIC1,2,23000.68
D,RESIDUE_PRICE_OFFER,,1,A202506,C2025Q3T12,VIC1-NSW1,VIC1,2,25998
D,RESIDUE_PRICE_OFFER,,1,A202506,C2025Q3T12,VIC1-NSW1,VIC1,2,26998
D,RESIDUE_PRICE_OFFER,,1,A202506,C2025Q3T12,VIC1-NSW1,VIC1,3,28300.68
D,RESIDUE_PRICE_OFFER,,1,A202506,C2025Q3T12,VIC1-NSW1,VIC1,3,29600.68
D,RESIDUE_PRICE_OFFER,,1,A202506,C2025Q3T12,VIC1-NSW1,VIC1,3,30900.68
D,RESIDUE_PRICE_OFFER,,1,A202506,C2025Q3T12,VIC1-NSW1,VIC1,3,32200.68
D,RESIDUE_PRICE_OFFER,,1,A202506,C2025Q3T12,VIC1-NSW1,VIC1,3,33500.68
D,RESIDUE_PRICE_OFFER,,1,A202506,C2025Q3T12,VIC1-NSW1,VIC1,3,34800.68
D,RESIDUE_PRICE_OFFER,,1,A202506,C2025Q3T12,VIC1-NSW1,VIC1,3,36100.68
D,RESIDUE_PRICE_OFFER,,1,A202506,C2025Q3T12,VIC1-NSW1,VIC1,3,37400.68
D,RESIDUE_PRICE_OFFER,,1,A202506,C2025Q3T12,VIC1-NSW1,VIC1,3,38700.68
D,RESIDUE_PRICE_OFFER,,1,A202506,C2025Q3T12,VIC1-NSW1,VIC1,3,40000.68
D,RESIDUE_PRICE_OFFER,,1,A202506,C2025Q3T12,VIC1-NSW1,VIC1,4,22312.50
D,RESIDUE_PRICE_OFFER,,1,A202506,C2025Q3T12,VIC1-NSW1,VIC1,4,23205
D,RESIDUE_PRICE_OFFER,,1,A202506,C2025Q3T12,VIC1-NSW1,VIC1,4,23901.15
D,RESIDUE_PRICE_OFFER,,1,A202506,C2025Q3T12,VIC1-NSW1,VIC1,4,24618.1845
D,RESIDUE_PRICE_OFFER,,1,A202506,C2025Q3T12,VIC1-NSW1,VIC1,5,25356.730040
D,RESIDUE_PRICE_OFFER,,1,A202506,C2025Q3T12,VIC1-NSW1,VIC1,30,23000
D,RESIDUE_PRICE_OFFER,,1,A202506,C2025Q3T12,VIC1-NSW1,VIC1,125,0
D,RESIDUE_PRICE_OFFER,,1,A202506,C2025Q4T11,NSW1-QLD1,NSW1,2,15237
D,RESIDUE_PRICE_OFFER,,1,A202506,C2025Q4T11,NSW1-QLD1,NSW1,2,15998.85
D,RESIDUE_PRICE_OFFER,,1,A202506,C2025Q4T11,NSW1-QLD1,NSW1,2,16798.7925
D,RESIDUE_PRICE_OFFER,,1,A202506,C2025Q4T11,NSW1-QLD1,NSW1,2,17638.732130
D,RESIDUE_PRICE_OFFER,,1,A202506,C2025Q4T11,NSW1-QLD1,NSW1,2,18520.668730
D,RESIDUE_PRICE_OFFER,,1,A202506,C2025Q4T11,NSW1-QLD1,NSW1,2,19446.702170
D,RESIDUE_PRICE_OFFER,,1,A202506,C2025Q4T11,NSW1-QLD1,NSW1,45,0
D,RESIDUE_PRICE_OFFER,,1,A202506,C2025Q4T11,NSW1-QLD1,QLD1,3,28800.38
D,RESIDUE_PRICE_OFFER,,1,A202506,C2025Q4T11,NSW1-QLD1,QLD1,3,30600.38
D,RESIDUE_PRICE_OFFER,,1,A202506,C2025Q4T11,NSW1-QLD1,QLD1,3,32400.38
D,RESIDUE_PRICE_OFFER,,1,A202506,C2025Q4T11,NSW1-QLD1,QLD1,3,34200.379990
D,RESIDUE_PRICE_OFFER,,1,A202506,C2025Q4T11,NSW1-QLD1,QLD1,3,36000.379990
D,RESIDUE_PRICE_OFFER,,1,A202506,C2025Q4T11,NSW1-QLD1,QLD1,3,37800.379990
D,RESIDUE_PRICE_OFFER,,1,A202506,C2025Q4T11,NSW1-QLD1,QLD1,3,39600.379990
D,RESIDUE_PRICE_OFFER,,1,A202506,C2025Q4T11,NSW1-QLD1,QLD1,3,41400.379990
D,RESIDUE_PRICE_OFFER,,1,A202506,C2025Q4T11,NSW1-QLD1,QLD1,3,43200.38
D,RESIDUE_PRICE_OFFER,,1,A202506,C2025Q4T11,NSW1-QLD1,QLD1,3,45000.38
D,RESIDUE_PRICE_OFFER,,1,A202506,C2025Q4T11,NSW1-QLD1,QLD1,10,26000.38
D,RESIDUE_PRICE_OFFER,,1,A202506,C2025Q4T11,NSW1-QLD1,QLD1,20,28000
D,RESIDUE_PRICE_OFFER,,1,A202506,C2025Q4T11,NSW1-QLD1,QLD1,100,0
D,RESIDUE_PRICE_OFFER,,1,A202506,C2025Q4T11,V-SA,SA1,1,4280.24
D,RESIDUE_PRICE_OFFER,,1,A202506,C2025Q4T11,V-SA,SA1,1,4310.24
D,RESIDUE_PRICE_OFFER,,1,A202506,C2025Q4T11,V-SA,SA1,1,4340.24
D,RESIDUE_PRICE_OFFER,,1,A202506,C2025Q4T11,V-SA,SA1,1,4370.24
D,RESIDUE_PRICE_OFFER,,1,A202506,C2025Q4T11,V-SA,SA1,1,4400.24
D,RESIDUE_PRICE_OFFER,,1,A202506,C2025Q4T11,V-SA,SA1,1,4430.24
D,RESIDUE_PRICE_OFFER,,1,A202506,C2025Q4T11,V-SA,SA1,1,4460.24
D,RESIDUE_PRICE_OFFER,,1,A202506,C2025Q4T11,V-SA,SA1,1,4490.24
D,RESIDUE_PRICE_OFFER,,1,A202506,C2025Q4T11,V-SA,SA1,1,4520.24
D,RESIDUE_PRICE_OFFER,,1,A202506,C2025Q4T11,V-SA,SA1,1,4550.24
D,RESIDUE_PRICE_OFFER,,1,A202506,C2025Q4T11,V-SA,SA1,1,4580.24
D,RESIDUE_PRICE_OFFER,,1,A202506,C2025Q4T11,V-SA,SA1,1,4610.24
D,RESIDUE_PRICE_OFFER,,1,A202506,C2025Q4T11,V-SA,SA1,1,4640.24
D,RESIDUE_PRICE_OFFER,,1,A202506,C2025Q4T11,V-SA,SA1,1,4670.24
D,RESIDUE_PRICE_OFFER,,1,A202506,C2025Q4T11,V-SA,SA1,1,4700.24
D,RESIDUE_PRICE_OFFER,,1,A202506,C2025Q4T11,V-SA,SA1,1,4730.24
D,RESIDUE_PRICE_OFFER,,1,A202506,C2025Q4T11,V-SA,SA1,1,4760.24
D,RESIDUE_PRICE_OFFER,,1,A202506,C2025Q4T11,V-SA,SA1,1,4790.24
D,RESIDUE_PRICE_OFFER,,1,A202506,C2025Q4T11,V-SA,SA1,1,4820.24
D,RESIDUE_PRICE_OFFER,,1,A202506,C2025Q4T11,V-SA,SA1,1,4850.24
D,RESIDUE_PRICE_OFFER,,1,A202506,C2025Q4T11,V-SA,SA1,1,4880.24
D,RESIDUE_PRICE_OFFER,,1,A202506,C2025Q4T11,V-SA,SA1,1,4910.24
D,RESIDUE_PRICE_OFFER,,1,A202506,C2025Q4T11,V-SA,SA1,1,4940.24
D,RESIDUE_PRICE_OFFER,,1,A202506,C2025Q4T11,V-SA,SA1,1,4970.24
D,RESIDUE_PRICE_OFFER,,1,A202506,C2025Q4T11,V-SA,SA1,1,4998
D,RESIDUE_PRICE_OFFER,,1,A202506,C2025Q4T11,V-SA,SA1,1,5000.24
D,RESIDUE_PRICE_OFFER,,1,A202506,C2025Q4T11,V-SA,SA1,1,5040.24
D,RESIDUE_PRICE_OFFER,,1,A202506,C2025Q4T11,V-SA,SA1,1,5080.24
D,RESIDUE_PRICE_OFFER,,1,A202506,C2025Q4T11,V-SA,SA1,1,5120.24
D,RESIDUE_PRICE_OFFER,,1,A202506,C2025Q4T11,V-SA,SA1,1,5160.24
D,RESIDUE_PRICE_OFFER,,1,A202506,C2025Q4T11,V-SA,SA1,1,5200.24
D,RESIDUE_PRICE_OFFER,,1,A202506,C2025Q4T11,V-SA,SA1,1,5240.24
D,RESIDUE_PRICE_OFFER,,1,A202506,C2025Q4T11,V-SA,SA1,1,5280.24
D,RESIDUE_PRICE_OFFER,,1,A202506,C2025Q4T11,V-SA,SA1,1,5320.24
D,RESIDUE_PRICE_OFFER,,1,A202506,C2025Q4T11,V-SA,SA1,1,5360.24
D,RESIDUE_PRICE_OFFER,,1,A202506,C2025Q4T11,V-SA,SA1,1,5400.24
D,RESIDUE_PRICE_OFFER,,1,A202506,C2025Q4T11,V-SA,SA1,1,5440.24
D,RESIDUE_PRICE_OFFER,,1,A202506,C2025Q4T11,V-SA,SA1,1,5480.24
D,RESIDUE_PRICE_OFFER,,1,A202506,C2025Q4T11,V-SA,SA1,1,5520.24
D,RESIDUE_PRICE_OFFER,,1,A202506,C2025Q4T11,V-SA,SA1,1,5560.24
D,RESIDUE_PRICE_OFFER,,1,A202506,C2025Q4T11,V-SA,SA1,1,5600.24
D,RESIDUE_PRICE_OFFER,,1,A202506,C2025Q4T11,V-SA,SA1,1,5640.24
D,RESIDUE_PRICE_OFFER,,1,A202506,C2025Q4T11,V-SA,SA1,1,5680.24
D,RESIDUE_PRICE_OFFER,,1,A202506,C2025Q4T11,V-SA,SA1,1,5720.24
D,RESIDUE_PRICE_OFFER,,1,A202506,C2025Q4T11,V-SA,SA1,1,5760.24
D,RESIDUE_PRICE_OFFER,,1,A202506,C2025Q4T11,V-SA,SA1,1,5800.24
D,RESIDUE_PRICE_OFFER,,1,A202506,C2025Q4T11,V-SA,SA1,1,5840.24
D,RESIDUE_PRICE_OFFER,,1,A202506,C2025Q4T11,V-SA,SA1,1,5880.24
D,RESIDUE_PRICE_OFFER,,1,A202506,C2025Q4T11,V-SA,SA1,1,5920.24
D,RESIDUE_PRICE_OFFER,,1,A202506,C2025Q4T11,V-SA,SA1,1,5960.24
D,RESIDUE_PRICE_OFFER,,1,A202506,C2025Q4T11,V-SA,SA1,1,6000.24
D,RESIDUE_PRICE_OFFER,,1,A202506,C2025Q4T11,V-SA,SA1,2,3998
D,RESIDUE_PRICE_OFFER,,1,A202506,C2025Q4T11,V-SA,SA1,2,4498
D,RESIDUE_PRICE_OFFER,,1,A202506,C2025Q4T11,V-SA,SA1,2,6254
D,RESIDUE_PRICE_OFFER,,1,A202506,C2025Q4T11,V-SA,SA1,2,6566.70
D,RESIDUE_PRICE_OFFER,,1,A202506,C2025Q4T11,V-SA,SA1,2,6895.0350
D,RESIDUE_PRICE_OFFER,,1,A202506,C2025Q4T11,V-SA,SA1,2,7239.786750
D,RESIDUE_PRICE_OFFER,,1,A202506,C2025Q4T11,V-SA,SA1,2,7601.776080
D,RESIDUE_PRICE_OFFER,,1,A202506,C2025Q4T11,V-SA,SA1,2,7981.864890
D,RESIDUE_PRICE_OFFER,,1,A202506,C2025Q4T11,V-SA,SA1,3,7000
D,RESIDUE_PRICE_OFFER,,1,A202506,C2025Q4T11,V-SA,SA1,3,10000
D,RESIDUE_PRICE_OFFER,,1,A202506,C2025Q4T11,V-SA,SA1,64,0
D,RESIDUE_PRICE_OFFER,,1,A202506,C2025Q4T11,V-SA,VIC1,1,10100.67
D,RESIDUE_PRICE_OFFER,,1,A202506,C2025Q4T11,V-SA,VIC1,1,10200.67
D,RESIDUE_PRICE_OFFER,,1,A202506,C2025Q4T11,V-SA,VIC1,1,10300.67
D,RESIDUE_PRICE_OFFER,,1,A202506,C2025Q4T11,V-SA,VIC1,1,10400.67
D,RESIDUE_PRICE_OFFER,,1,A202506,C2025Q4T11,V-SA,VIC1,1,10500.67
D,RESIDUE_PRICE_OFFER,,1,A202506,C2025Q4T11,V-SA,VIC1,1,10600.67
D,RESIDUE_PRICE_OFFER,,1,A202506,C2025Q4T11,V-SA,VIC1,1,10700.67
D,RESIDUE_PRICE_OFFER,,1,A202506,C2025Q4T11,V-SA,VIC1,1,10800.67
D,RESIDUE_PRICE_OFFER,,1,A202506,C2025Q4T11,V-SA,VIC1,1,10900.67
D,RESIDUE_PRICE_OFFER,,1,A202506,C2025Q4T11,V-SA,VIC1,1,11000.67
D,RESIDUE_PRICE_OFFER,,1,A202506,C2025Q4T11,V-SA,VIC1,1,11100.67
D,RESIDUE_PRICE_OFFER,,1,A202506,C2025Q4T11,V-SA,VIC1,1,11200.67
D,RESIDUE_PRICE_OFFER,,1,A202506,C2025Q4T11,V-SA,VIC1,1,11300.67
D,RESIDUE_PRICE_OFFER,,1,A202506,C2025Q4T11,V-SA,VIC1,1,11400.67
D,RESIDUE_PRICE_OFFER,,1,A202506,C2025Q4T11,V-SA,VIC1,1,11500.67
D,RESIDUE_PRICE_OFFER,,1,A202506,C2025Q4T11,V-SA,VIC1,1,11600.67
D,RESIDUE_PRICE_OFFER,,1,A202506,C2025Q4T11,V-SA,VIC1,1,11700.67
D,RESIDUE_PRICE_OFFER,,1,A202506,C2025Q4T11,V-SA,VIC1,1,11800.67
D,RESIDUE_PRICE_OFFER,,1,A202506,C2025Q4T11,V-SA,VIC1,1,11900.67
D,RESIDUE_PRICE_OFFER,,1,A202506,C2025Q4T11,V-SA,VIC1,1,12000.67
D,RESIDUE_PRICE_OFFER,,1,A202506,C2025Q4T11,V-SA,VIC1,1,12100.67
D,RESIDUE_PRICE_OFFER,,1,A202506,C2025Q4T11,V-SA,VIC1,1,12200.67
D,RESIDUE_PRICE_OFFER,,1,A202506,C2025Q4T11,V-SA,VIC1,1,12300.67
D,RESIDUE_PRICE_OFFER,,1,A202506,C2025Q4T11,V-SA,VIC1,1,12400.67
D,RESIDUE_PRICE_OFFER,,1,A202506,C2025Q4T11,V-SA,VIC1,1,12500.67
D,RESIDUE_PRICE_OFFER,,1,A202506,C2025Q4T11,V-SA,VIC1,3,14501
D,RESIDUE_PRICE_OFFER,,1,A202506,C2025Q4T11,V-SA,VIC1,3,14718.5150
D,RESIDUE_PRICE_OFFER,,1,A202506,C2025Q4T11,V-SA,VIC1,3,14939.292730
D,RESIDUE_PRICE_OFFER,,1,A202506,C2025Q4T11,V-SA,VIC1,3,15163.382120
D,RESIDUE_PRICE_OFFER,,1,A202506,C2025Q4T11,V-SA,VIC1,3,15390.832850
D,RESIDUE_PRICE_OFFER,,1,A202506,C2025Q4T11,V-SA,VIC1,3,15621.695340
D,RESIDUE_PRICE_OFFER,,1,A202506,C2025Q4T11,V-SA,VIC1,73,0
D,RESIDUE_PRICE_OFFER,,1,A202506,C2025Q4T11,VIC1-NSW1,NSW1,108,0
D,RESIDUE_PRICE_OFFER,,1,A202506,C2025Q4T11,VIC1-NSW1,VIC1,1,20016.68
D,RESIDUE_PRICE_OFFER,,1,A202506,C2025Q4T11,VIC1-NSW1,VIC1,1,20032.68
D,RESIDUE_PRICE_OFFER,,1,A202506,C2025Q4T11,VIC1-NSW1,VIC1,1,20048.68
D,RESIDUE_PRICE_OFFER,,1,A202506,C2025Q4T11,VIC1-NSW1,VIC1,1,20064.68
D,RESIDUE_PRICE_OFFER,,1,A202506,C2025Q4T11,VIC1-NSW1,VIC1,1,20080.68
D,RESIDUE_PRICE_OFFER,,1,A202506,C2025Q4T11,VIC1-NSW1,VIC1,1,20096.68
D,RESIDUE_PRICE_OFFER,,1,A202506,C2025Q4T11,VIC1-NSW1,VIC1,1,20112.68
D,RESIDUE_PRICE_OFFER,,1,A202506,C2025Q4T11,VIC1-NSW1,VIC1,1,20128.68
D,RESIDUE_PRICE_OFFER,,1,A202506,C2025Q4T11,VIC1-NSW1,VIC1,1,20144.68
D,RESIDUE_PRICE_OFFER,,1,A202506,C2025Q4T11,VIC1-NSW1,VIC1,1,20160.68
D,RESIDUE_PRICE_OFFER,,1,A202506,C2025Q4T11,VIC1-NSW1,VIC1,1,20176.68
D,RESIDUE_PRICE_OFFER,,1,A202506,C2025Q4T11,VIC1-NSW1,VIC1,1,20192.68
D,RESIDUE_PRICE_OFFER,,1,A202506,C2025Q4T11,VIC1-NSW1,VIC1,1,20208.68
D,RESIDUE_PRICE_OFFER,,1,A202506,C2025Q4T11,VIC1-NSW1,VIC1,1,20224.68
D,RESIDUE_PRICE_OFFER,,1,A202506,C2025Q4T11,VIC1-NSW1,VIC1,1,20240.68
D,RESIDUE_PRICE_OFFER,,1,A202506,C2025Q4T11,VIC1-NSW1,VIC1,1,20256.68
D,RESIDUE_PRICE_OFFER,,1,A202506,C2025Q4T11,VIC1-NSW1,VIC1,1,20272.68
D,RESIDUE_PRICE_OFFER,,1,A202506,C2025Q4T11,VIC1-NSW1,VIC1,1,20288.68
D,RESIDUE_PRICE_OFFER,,1,A202506,C2025Q4T11,VIC1-NSW1,VIC1,1,20304.68
D,RESIDUE_PRICE_OFFER,,1,A202506,C2025Q4T11,VIC1-NSW1,VIC1,1,20320.68
D,RESIDUE_PRICE_OFFER,,1,A202506,C2025Q4T11,VIC1-NSW1,VIC1,1,20336.68
D,RESIDUE_PRICE_OFFER,,1,A202506,C2025Q4T11,VIC1-NSW1,VIC1,1,20352.68
D,RESIDUE_PRICE_OFFER,,1,A202506,C2025Q4T11,VIC1-NSW1,VIC1,1,20368.68
D,RESIDUE_PRICE_OFFER,,1,A202506,C2025Q4T11,VIC1-NSW1,VIC1,1,20384.68
D,RESIDUE_PRICE_OFFER,,1,A202506,C2025Q4T11,VIC1-NSW1,VIC1,1,20400.68
D,RESIDUE_PRICE_OFFER,,1,A202506,C2025Q4T11,VIC1-NSW1,VIC1,1,20416.68
D,RESIDUE_PRICE_OFFER,,1,A202506,C2025Q4T11,VIC1-NSW1,VIC1,1,20432.68
D,RESIDUE_PRICE_OFFER,,1,A202506,C2025Q4T11,VIC1-NSW1,VIC1,1,20448.68
D,RESIDUE_PRICE_OFFER,,1,A202506,C2025Q4T11,VIC1-NSW1,VIC1,1,20464.68
D,RESIDUE_PRICE_OFFER,,1,A202506,C2025Q4T11,VIC1-NSW1,VIC1,1,20480.68
D,RESIDUE_PRICE_OFFER,,1,A202506,C2025Q4T11,VIC1-NSW1,VIC1,7,25600.68
D,RESIDUE_PRICE_OFFER,,1,A202506,C2025Q4T11,VIC1-NSW1,VIC1,7,27200.68
D,RESIDUE_PRICE_OFFER,,1,A202506,C2025Q4T11,VIC1-NSW1,VIC1,7,28800.68
D,RESIDUE_PRICE_OFFER,,1,A202506,C2025Q4T11,VIC1-NSW1,VIC1,7,30400.68
D,RESIDUE_PRICE_OFFER,,1,A202506,C2025Q4T11,VIC1-NSW1,VIC1,7,32000.68
D,RESIDUE_PRICE_OFFER,,1,A202506,C2025Q4T11,VIC1-NSW1,VIC1,7,33600.68
D,RESIDUE_PRICE_OFFER,,1,A202506,C2025Q4T11,VIC1-NSW1,VIC1,7,35200.68
D,RESIDUE_PRICE_OFFER,,1,A202506,C2025Q4T11,VIC1-NSW1,VIC1,7,36800.68
D,RESIDUE_PRICE_OFFER,,1,A202506,C2025Q4T11,VIC1-NSW1,VIC1,7,38400.68
D,RESIDUE_PRICE_OFFER,,1,A202506,C2025Q4T11,VIC1-NSW1,VIC1,7,40000.68
D,RESIDUE_PRICE_OFFER,,1,A202506,C2025Q4T11,VIC1-NSW1,VIC1,20,34440
D,RESIDUE_PRICE_OFFER,,1,A202506,C2025Q4T11,VIC1-NSW1,VIC1,125,0
D,RESIDUE_PRICE_OFFER,,1,A202506,C2026Q1T10,NSW1-QLD1,NSW1,2,25351
D,RESIDUE_PRICE_OFFER,,1,A202506,C2026Q1T10,NSW1-QLD1,NSW1,2,26618.55
D,RESIDUE_PRICE_OFFER,,1,A202506,C2026Q1T10,NSW1-QLD1,NSW1,2,27949.4775
D,RESIDUE_PRICE_OFFER,,1,A202506,C2026Q1T10,NSW1-QLD1,NSW1,2,29346.951380
D,RESIDUE_PRICE_OFFER,,1,A202506,C2026Q1T10,NSW1-QLD1,NSW1,2,30814.298940
D,RESIDUE_PRICE_OFFER,,1,A202506,C2026Q1T10,NSW1-QLD1,NSW1,2,32355.013890
D,RESIDUE_PRICE_OFFER,,1,A202506,C2026Q1T10,NSW1-QLD1,NSW1,5,25000
D,RESIDUE_PRICE_OFFER,,1,A202506,C2026Q1T10,NSW1-QLD1,NSW1,45,0
D,RESIDUE_PRICE_OFFER,,1,A202506,C2026Q1T10,NSW1-QLD1,QLD1,2,27100.38
D,RESIDUE_PRICE_OFFER,,1,A202506,C2026Q1T10,NSW1-QLD1,QLD1,2,27200.38
D,RESIDUE_PRICE_OFFER,,1,A202506,C2026Q1T10,NSW1-QLD1,QLD1,2,27300.38
D,RESIDUE_PRICE_OFFER,,1,A202506,C2026Q1T10,NSW1-QLD1,QLD1,2,27400.38
D,RESIDUE_PRICE_OFFER,,1,A202506,C2026Q1T10,NSW1-QLD1,QLD1,2,27500.38
D,RESIDUE_PRICE_OFFER,,1,A202506,C2026Q1T10,NSW1-QLD1,QLD1,2,27600.38
D,RESIDUE_PRICE_OFFER,,1,A202506,C2026Q1T10,NSW1-QLD1,QLD1,2,27700.38
D,RESIDUE_PRICE_OFFER,,1,A202506,C2026Q1T10,NSW1-QLD1,QLD1,2,27800.38
D,RESIDUE_PRICE_OFFER,,1,A202506,C2026Q1T10,NSW1-QLD1,QLD1,2,27900.38
D,RESIDUE_PRICE_OFFER,,1,A202506,C2026Q1T10,NSW1-QLD1,QLD1,2,28000.38
D,RESIDUE_PRICE_OFFER,,1,A202506,C2026Q1T10,NSW1-QLD1,QLD1,10,26670
D,RESIDUE_PRICE_OFFER,,1,A202506,C2026Q1T10,NSW1-QLD1,QLD1,100,0
D,RESIDUE_PRICE_OFFER,,1,A202506,C2026Q1T10,V-SA,SA1,2,3998
D,RESIDUE_PRICE_OFFER,,1,A202506,C2026Q1T10,V-SA,SA1,2,4498
D,RESIDUE_PRICE_OFFER,,1,A202506,C2026Q1T10,V-SA,SA1,2,6875
D,RESIDUE_PRICE_OFFER,,1,A202506,C2026Q1T10,V-SA,SA1,2,7218.75
D,RESIDUE_PRICE_OFFER,,1,A202506,C2026Q1T10,V-SA,SA1,2,7579.6875
D,RESIDUE_PRICE_OFFER,,1,A202506,C2026Q1T10,V-SA,SA1,2,7958.671870
D,RESIDUE_PRICE_OFFER,,1,A202506,C2026Q1T10,V-SA,SA1,2,8356.605460
D,RESIDUE_PRICE_OFFER,,1,A202506,C2026Q1T10,V-SA,SA1,2,8774.435740
D,RESIDUE_PRICE_OFFER,,1,A202506,C2026Q1T10,V-SA,SA1,64,0
D,RESIDUE_PRICE_OFFER,,1,A202506,C2026Q1T10,V-SA,VIC1,2,23200.67
D,RESIDUE_PRICE_OFFER,,1,A202506,C2026Q1T10,V-SA,VIC1,2,23400.67
D,RESIDUE_PRICE_OFFER,,1,A202506,C2026Q1T10,V-SA,VIC1,2,23600.67
D,RESIDUE_PRICE_OFFER,,1,A202506,C2026Q1T10,V-SA,VIC1,2,23800.67
D,RESIDUE_PRICE_OFFER,,1,A202506,C2026Q1T10,V-SA,VIC1,2,24000.67
D,RESIDUE_PRICE_OFFER,,1,A202506,C2026Q1T10,V-SA,VIC1,2,24200.67
D,RESIDUE_PRICE_OFFER,,1,A202506,C2026Q1T10,V-SA,VIC1,2,24400.67
D,RESIDUE_PRICE_OFFER,,1,A202506,C2026Q1T10,V-SA,VIC1,2,24600.67
D,RESIDUE_PRICE_OFFER,,1,A202506,C2026Q1T10,V-SA,VIC1,2,24800.67
D,RESIDUE_PRICE_OFFER,,1,A202506,C2026Q1T10,V-SA,VIC1,2,25000.67
D,RESIDUE_PRICE_OFFER,,1,A202506,C2026Q1T10,V-SA,VIC1,3,23239.815550
D,RESIDUE_PRICE_OFFER,,1,A202506,C2026Q1T10,V-SA,VIC1,3,23588.412780
D,RESIDUE_PRICE_OFFER,,1,A202506,C2026Q1T10,V-SA,VIC1,3,23942.238970
D,RESIDUE_PRICE_OFFER,,1,A202506,C2026Q1T10,V-SA,VIC1,3,24301.372560
D,RESIDUE_PRICE_OFFER,,1,A202506,C2026Q1T10,V-SA,VIC1,4,22558
D,RESIDUE_PRICE_OFFER,,1,A202506,C2026Q1T10,V-SA,VIC1,4,22896.37
D,RESIDUE_PRICE_OFFER,,1,A202506,C2026Q1T10,V-SA,VIC1,73,0
D,RESIDUE_PRICE_OFFER,,1,A202506,C2026Q1T10,VIC1-NSW1,NSW1,2,8550.67
D,RESIDUE_PRICE_OFFER,,1,A202506,C2026Q1T10,VIC1-NSW1,NSW1,2,8600.67
D,RESIDUE_PRICE_OFFER,,1,A202506,C2026Q1T10,VIC1-NSW1,NSW1,2,8650.67
D,RESIDUE_PRICE_OFFER,,1,A202506,C2026Q1T10,VIC1-NSW1,NSW1,2,8700.67
D,RESIDUE_PRICE_OFFER,,1,A202506,C2026Q1T10,VIC1-NSW1,NSW1,2,8750.67
D,RESIDUE_PRICE_OFFER,,1,A202506,C2026Q1T10,VIC1-NSW1,NSW1,2,8800.67
D,RESIDUE_PRICE_OFFER,,1,A202506,C2026Q1T10,VIC1-NSW1,NSW1,2,8850.67
D,RESIDUE_PRICE_OFFER,,1,A202506,C2026Q1T10,VIC1-NSW1,NSW1,2,8900.67
D,RESIDUE_PRICE_OFFER,,1,A202506,C2026Q1T10,VIC1-NSW1,NSW1,2,8950.67
D,RESIDUE_PRICE_OFFER,,1,A202506,C2026Q1T10,VIC1-NSW1,NSW1,2,9000
D,RESIDUE_PRICE_OFFER,,1,A202506,C2026Q1T10,VIC1-NSW1,NSW1,2,9000.67
D,RESIDUE_PRICE_OFFER,,1,A202506,C2026Q1T10,VIC1-NSW1,NSW1,4,9300.67
D,RESIDUE_PRICE_OFFER,,1,A202506,C2026Q1T10,VIC1-NSW1,NSW1,4,9600.67
D,RESIDUE_PRICE_OFFER,,1,A202506,C2026Q1T10,VIC1-NSW1,NSW1,4,9900.67
D,RESIDUE_PRICE_OFFER,,1,A202506,C2026Q1T10,VIC1-NSW1,NSW1,4,10200.67
D,RESIDUE_PRICE_OFFER,,1,A202506,C2026Q1T10,VIC1-NSW1,NSW1,4,10500.67
D,RESIDUE_PRICE_OFFER,,1,A202506,C2026Q1T10,VIC1-NSW1,NSW1,4,10800.67
D,RESIDUE_PRICE_OFFER,,1,A202506,C2026Q1T10,VIC1-NSW1,NSW1,4,11100.67
D,RESIDUE_PRICE_OFFER,,1,A202506,C2026Q1T10,VIC1-NSW1,NSW1,4,11400.67
D,RESIDUE_PRICE_OFFER,,1,A202506,C2026Q1T10,VIC1-NSW1,NSW1,4,11700.67
D,RESIDUE_PRICE_OFFER,,1,A202506,C2026Q1T10,VIC1-NSW1,NSW1,4,12000.67
D,RESIDUE_PRICE_OFFER,,1,A202506,C2026Q1T10,VIC1-NSW1,NSW1,6,10000
D,RESIDUE_PRICE_OFFER,,1,A202506,C2026Q1T10,VIC1-NSW1,NSW1,108,0
D,RESIDUE_PRICE_OFFER,,1,A202506,C2026Q1T10,VIC1-NSW1,VIC1,2,20033.68
D,RESIDUE_PRICE_OFFER,,1,A202506,C2026Q1T10,VIC1-NSW1,VIC1,2,20066.68
D,RESIDUE_PRICE_OFFER,,1,A202506,C2026Q1T10,VIC1-NSW1,VIC1,2,20099.68
D,RESIDUE_PRICE_OFFER,,1,A202506,C2026Q1T10,VIC1-NSW1,VIC1,2,20132.68
D,RESIDUE_PRICE_OFFER,,1,A202506,C2026Q1T10,VIC1-NSW1,VIC1,2,20165.68
D,RESIDUE_PRICE_OFFER,,1,A202506,C2026Q1T10,VIC1-NSW1,VIC1,2,20198.68
D,RESIDUE_PRICE_OFFER,,1,A202506,C2026Q1T10,VIC1-NSW1,VIC1,2,20231.68
D,RESIDUE_PRICE_OFFER,,1,A202506,C2026Q1T10,VIC1-NSW1,VIC1,2,20264.68
D,RESIDUE_PRICE_OFFER,,1,A202506,C2026Q1T10,VIC1-NSW1,VIC1,2,20297.68
D,RESIDUE_PRICE_OFFER,,1,A202506,C2026Q1T10,VIC1-NSW1,VIC1,2,20330.68
D,RESIDUE_PRICE_OFFER,,1,A202506,C2026Q1T10,VIC1-NSW1,VIC1,2,20363.68
D,RESIDUE_PRICE_OFFER,,1,A202506,C2026Q1T10,VIC1-NSW1,VIC1,2,20396.68
D,RESIDUE_PRICE_OFFER,,1,A202506,C2026Q1T10,VIC1-NSW1,VIC1,2,20429.68
D,RESIDUE_PRICE_OFFER,,1,A202506,C2026Q1T10,VIC1-NSW1,VIC1,2,20462.68
D,RESIDUE_PRICE_OFFER,,1,A202506,C2026Q1T10,VIC1-NSW1,VIC1,2,20495.68
D,RESIDUE_PRICE_OFFER,,1,A202506,C2026Q1T10,VIC1-NSW1,VIC1,2,23600.68
D,RESIDUE_PRICE_OFFER,,1,A202506,C2026Q1T10,VIC1-NSW1,VIC1,2,24200.68
D,RESIDUE_PRICE_OFFER,,1,A202506,C2026Q1T10,VIC1-NSW1,VIC1,2,24800.68
D,RESIDUE_PRICE_OFFER,,1,A202506,C2026Q1T10,VIC1-NSW1,VIC1,2,25400.68
D,RESIDUE_PRICE_OFFER,,1,A202506,C2026Q1T10,VIC1-NSW1,VIC1,2,26000.68
D,RESIDUE_PRICE_OFFER,,1,A202506,C2026Q1T10,VIC1-NSW1,VIC1,2,26600.68
D,RESIDUE_PRICE_OFFER,,1,A202506,C2026Q1T10,VIC1-NSW1,VIC1,2,27200.68
D,RESIDUE_PRICE_OFFER,,1,A202506,C2026Q1T10,VIC1-NSW1,VIC1,2,27800.68
D,RESIDUE_PRICE_OFFER,,1,A202506,C2026Q1T10,VIC1-NSW1,VIC1,2,28400.68
D,RESIDUE_PRICE_OFFER,,1,A202506,C2026Q1T10,VIC1-NSW1,VIC1,2,29000.68
D,RESIDUE_PRICE_OFFER,,1,A202506,C2026Q1T10,VIC1-NSW1,VIC1,2,29600.68
D,RESIDUE_PRICE_OFFER,,1,A202506,C2026Q1T10,VIC1-NSW1,VIC1,2,30200.68
D,RESIDUE_PRICE_OFFER,,1,A202506,C2026Q1T10,VIC1-NSW1,VIC1,2,30800.68
D,RESIDUE_PRICE_OFFER,,1,A202506,C2026Q1T10,VIC1-NSW1,VIC1,2,31400.68
D,RESIDUE_PRICE_OFFER,,1,A202506,C2026Q1T10,VIC1-NSW1,VIC1,2,32000.68
D,RESIDUE_PRICE_OFFER,,1,A202506,C2026Q1T10,VIC1-NSW1,VIC1,2,32600.68
D,RESIDUE_PRICE_OFFER,,1,A202506,C2026Q1T10,VIC1-NSW1,VIC1,2,33200.68
D,RESIDUE_PRICE_OFFER,,1,A202506,C2026Q1T10,VIC1-NSW1,VIC1,2,33800.68
D,RESIDUE_PRICE_OFFER,,1,A202506,C2026Q1T10,VIC1-NSW1,VIC1,2,34400.68
D,RESIDUE_PRICE_OFFER,,1,A202506,C2026Q1T10,VIC1-NSW1,VIC1,2,35000.68
D,RESIDUE_PRICE_OFFER,,1,A202506,C2026Q1T10,VIC1-NSW1,VIC1,10,33600
D,RESIDUE_PRICE_OFFER,,1,A202506,C2026Q1T10,VIC1-NSW1,VIC1,125,0
D,RESIDUE_PRICE_OFFER,,1,A202506,C2026Q2T09,NSW1-QLD1,NSW1,1,5498
D,RESIDUE_PRICE_OFFER,,1,A202506,C2026Q2T09,NSW1-QLD1,NSW1,2,4498
D,RESIDUE_PRICE_OFFER,,1,A202506,C2026Q2T09,NSW1-QLD1,NSW1,2,4998
D,RESIDUE_PRICE_OFFER,,1,A202506,C2026Q2T09,NSW1-QLD1,NSW1,45,0
D,RESIDUE_PRICE_OFFER,,1,A202506,C2026Q2T09,NSW1-QLD1,QLD1,1,37040.379990
D,RESIDUE_PRICE_OFFER,,1,A202506,C2026Q2T09,NSW1-QLD1,QLD1,1,37080.379990
D,RESIDUE_PRICE_OFFER,,1,A202506,C2026Q2T09,NSW1-QLD1,QLD1,1,37120.379990
D,RESIDUE_PRICE_OFFER,,1,A202506,C2026Q2T09,NSW1-QLD1,QLD1,1,37160.379990
D,RESIDUE_PRICE_OFFER,,1,A202506,C2026Q2T09,NSW1-QLD1,QLD1,1,37200.379990
D,RESIDUE_PRICE_OFFER,,1,A202506,C2026Q2T09,NSW1-QLD1,QLD1,1,37240.379990
D,RESIDUE_PRICE_OFFER,,1,A202506,C2026Q2T09,NSW1-QLD1,QLD1,1,37280.379990
D,RESIDUE_PRICE_OFFER,,1,A202506,C2026Q2T09,NSW1-QLD1,QLD1,1,37320.379990
D,RESIDUE_PRICE_OFFER,,1,A202506,C2026Q2T09,NSW1-QLD1,QLD1,1,37360.379990
D,RESIDUE_PRICE_OFFER,,1,A202506,C2026Q2T09,NSW1-QLD1,QLD1,1,37400.379990
D,RESIDUE_PRICE_OFFER,,1,A202506,C2026Q2T09,NSW1-QLD1,QLD1,1,37440.379990
D,RESIDUE_PRICE_OFFER,,1,A202506,C2026Q2T09,NSW1-QLD1,QLD1,1,37480.379990
D,RESIDUE_PRICE_OFFER,,1,A202506,C2026Q2T09,NSW1-QLD1,QLD1,1,37520.379990
D,RESIDUE_PRICE_OFFER,,1,A202506,C2026Q2T09,NSW1-QLD1,QLD1,1,37560.379990
D,RESIDUE_PRICE_OFFER,,1,A202506,C2026Q2T09,NSW1-QLD1,QLD1,1,37600.379990
D,RESIDUE_PRICE_OFFER,,1,A202506,C2026Q2T09,NSW1-QLD1,QLD1,1,37640.379990
D,RESIDUE_PRICE_OFFER,,1,A202506,C2026Q2T09,NSW1-QLD1,QLD1,1,37680.379990
D,RESIDUE_PRICE_OFFER,,1,A202506,C2026Q2T09,NSW1-QLD1,QLD1,1,37720.379990
D,RESIDUE_PRICE_OFFER,,1,A202506,C2026Q2T09,NSW1-QLD1,QLD1,1,37760.379990
D,RESIDUE_PRICE_OFFER,,1,A202506,C2026Q2T09,NSW1-QLD1,QLD1,1,37800.379990
D,RESIDUE_PRICE_OFFER,,1,A202506,C2026Q2T09,NSW1-QLD1,QLD1,1,37840.379990
D,RESIDUE_PRICE_OFFER,,1,A202506,C2026Q2T09,NSW1-QLD1,QLD1,1,37880.379990
D,RESIDUE_PRICE_OFFER,,1,A202506,C2026Q2T09,NSW1-QLD1,QLD1,1,37920.379990
D,RESIDUE_PRICE_OFFER,,1,A202506,C2026Q2T09,NSW1-QLD1,QLD1,1,37960.379990
D,RESIDUE_PRICE_OFFER,,1,A202506,C2026Q2T09,NSW1-QLD1,QLD1,1,38000.379990
D,RESIDUE_PRICE_OFFER,,1,A202506,C2026Q2T09,NSW1-QLD1,QLD1,2,32451
D,RESIDUE_PRICE_OFFER,,1,A202506,C2026Q2T09,NSW1-QLD1,QLD1,2,34073.55
D,RESIDUE_PRICE_OFFER,,1,A202506,C2026Q2T09,NSW1-QLD1,QLD1,2,35777.2275
D,RESIDUE_PRICE_OFFER,,1,A202506,C2026Q2T09,NSW1-QLD1,QLD1,2,37566.088880
D,RESIDUE_PRICE_OFFER,,1,A202506,C2026Q2T09,NSW1-QLD1,QLD1,2,38693.071530
D,RESIDUE_PRICE_OFFER,,1,A202506,C2026Q2T09,NSW1-QLD1,QLD1,2,39853.863690
D,RESIDUE_PRICE_OFFER,,1,A202506,C2026Q2T09,NSW1-QLD1,QLD1,10,50925
D,RESIDUE_PRICE_OFFER,,1,A202506,C2026Q2T09,NSW1-QLD1,QLD1,100,0
D,RESIDUE_PRICE_OFFER,,1,A202506,C2026Q2T09,V-SA,SA1,1,3998
D,RESIDUE_PRICE_OFFER,,1,A202506,C2026Q2T09,V-SA,SA1,1,5120
D,RESIDUE_PRICE_OFFER,,1,A202506,C2026Q2T09,V-SA,SA1,2,2998
D,RESIDUE_PRICE_OFFER,,1,A202506,C2026Q2T09,V-SA,SA1,2,3498
D,RESIDUE_PRICE_OFFER,,1,A202506,C2026Q2T09,V-SA,SA1,64,0
D,RESIDUE_PRICE_OFFER,,1,A202506,C2026Q2T09,V-SA,VIC1,2,12996
D,RESIDUE_PRICE_OFFER,,1,A202506,C2026Q2T09,V-SA,VIC1,2,13746
D,RESIDUE_PRICE_OFFER,,1,A202506,C2026Q2T09,V-SA,VIC1,2,14100.67
D,RESIDUE_PRICE_OFFER,,1,A202506,C2026Q2T09,V-SA,VIC1,2,14200.67
D,RESIDUE_PRICE_OFFER,,1,A202506,C2026Q2T09,V-SA,VIC1,2,14300.67
D,RESIDUE_PRICE_OFFER,,1,A202506,C2026Q2T09,V-SA,VIC1,2,14400.67
D,RESIDUE_PRICE_OFFER,,1,A202506,C2026Q2T09,V-SA,VIC1,2,14496
D,RESIDUE_PRICE_OFFER,,1,A202506,C2026Q2T09,V-SA,VIC1,2,14500.67
D,RESIDUE_PRICE_OFFER,,1,A202506,C2026Q2T09,V-SA,VIC1,2,14567
D,RESIDUE_PRICE_OFFER,,1,A202506,C2026Q2T09,V-SA,VIC1,2,14600.67
D,RESIDUE_PRICE_OFFER,,1,A202506,C2026Q2T09,V-SA,VIC1,2,14700.67
D,RESIDUE_PRICE_OFFER,,1,A202506,C2026Q2T09,V-SA,VIC1,2,14785.5050
D,RESIDUE_PRICE_OFFER,,1,A202506,C2026Q2T09,V-SA,VIC1,2,14800.67
D,RESIDUE_PRICE_OFFER,,1,A202506,C2026Q2T09,V-SA,VIC1,2,14900.67
D,RESIDUE_PRICE_OFFER,,1,A202506,C2026Q2T09,V-SA,VIC1,2,15000.67
D,RESIDUE_PRICE_OFFER,,1,A202506,C2026Q2T09,V-SA,VIC1,2,15007.287580
D,RESIDUE_PRICE_OFFER,,1,A202506,C2026Q2T09,V-SA,VIC1,2,15232.396890
D,RESIDUE_PRICE_OFFER,,1,A202506,C2026Q2T09,V-SA,VIC1,2,15246
D,RESIDUE_PRICE_OFFER,,1,A202506,C2026Q2T09,V-SA,VIC1,2,15460.882840
D,RESIDUE_PRICE_OFFER,,1,A202506,C2026Q2T09,V-SA,VIC1,2,15692.796080
D,RESIDUE_PRICE_OFFER,,1,A202506,C2026Q2T09,V-SA,VIC1,2,15996
D,RESIDUE_PRICE_OFFER,,1,A202506,C2026Q2T09,V-SA,VIC1,73,0
D,RESIDUE_PRICE_OFFER,,1,A202506,C2026Q2T09,VIC1-NSW1,NSW1,1,1998
D,RESIDUE_PRICE_OFFER,,1,A202506,C2026Q2T09,VIC1-NSW1,NSW1,1,5022.67
D,RESIDUE_PRICE_OFFER,,1,A202506,C2026Q2T09,VIC1-NSW1,NSW1,1,5044.67
D,RESIDUE_PRICE_OFFER,,1,A202506,C2026Q2T09,VIC1-NSW1,NSW1,1,5066.67
D,RESIDUE_PRICE_OFFER,,1,A202506,C2026Q2T09,VIC1-NSW1,NSW1,1,5088.67
D,RESIDUE_PRICE_OFFER,,1,A202506,C2026Q2T09,VIC1-NSW1,NSW1,1,5110.67
D,RESIDUE_PRICE_OFFER,,1,A202506,C2026Q2T09,VIC1-NSW1,NSW1,1,5132.67
D,RESIDUE_PRICE_OFFER,,1,A202506,C2026Q2T09,VIC1-NSW1,NSW1,1,5154.67
D,RESIDUE_PRICE_OFFER,,1,A202506,C2026Q2T09,VIC1-NSW1,NSW1,1,5176.67
D,RESIDUE_PRICE_OFFER,,1,A202506,C2026Q2T09,VIC1-NSW1,NSW1,1,5198.67
D,RESIDUE_PRICE_OFFER,,1,A202506,C2026Q2T09,VIC1-NSW1,NSW1,1,5220.67
D,RESIDUE_PRICE_OFFER,,1,A202506,C2026Q2T09,VIC1-NSW1,NSW1,1,5242.67
D,RESIDUE_PRICE_OFFER,,1,A202506,C2026Q2T09,VIC1-NSW1,NSW1,1,5264.67
D,RESIDUE_PRICE_OFFER,,1,A202506,C2026Q2T09,VIC1-NSW1,NSW1,1,5286.67
D,RESIDUE_PRICE_OFFER,,1,A202506,C2026Q2T09,VIC1-NSW1,NSW1,1,5308.67
D,RESIDUE_PRICE_OFFER,,1,A202506,C2026Q2T09,VIC1-NSW1,NSW1,1,5330.67
D,RESIDUE_PRICE_OFFER,,1,A202506,C2026Q2T09,VIC1-NSW1,NSW1,1,5352.67
D,RESIDUE_PRICE_OFFER,,1,A202506,C2026Q2T09,VIC1-NSW1,NSW1,1,5374.67
D,RESIDUE_PRICE_OFFER,,1,A202506,C2026Q2T09,VIC1-NSW1,NSW1,1,5396.67
D,RESIDUE_PRICE_OFFER,,1,A202506,C2026Q2T09,VIC1-NSW1,NSW1,1,5418.67
D,RESIDUE_PRICE_OFFER,,1,A202506,C2026Q2T09,VIC1-NSW1,NSW1,1,5440.67
D,RESIDUE_PRICE_OFFER,,1,A202506,C2026Q2T09,VIC1-NSW1,NSW1,1,5462.67
D,RESIDUE_PRICE_OFFER,,1,A202506,C2026Q2T09,VIC1-NSW1,NSW1,1,5484.67
D,RESIDUE_PRICE_OFFER,,1,A202506,C2026Q2T09,VIC1-NSW1,NSW1,2,998
D,RESIDUE_PRICE_OFFER,,1,A202506,C2026Q2T09,VIC1-NSW1,NSW1,2,1498
D,RESIDUE_PRICE_OFFER,,1,A202506,C2026Q2T09,VIC1-NSW1,NSW1,10,4987
D,RESIDUE_PRICE_OFFER,,1,A202506,C2026Q2T09,VIC1-NSW1,NSW1,10,5687
D,RESIDUE_PRICE_OFFER,,1,A202506,C2026Q2T09,VIC1-NSW1,NSW1,108,0
D,RESIDUE_PRICE_OFFER,,1,A202506,C2026Q2T09,VIC1-NSW1,VIC1,2,21008
D,RESIDUE_PRICE_OFFER,,1,A202506,C2026Q2T09,VIC1-NSW1,VIC1,2,21050.68
D,RESIDUE_PRICE_OFFER,,1,A202506,C2026Q2T09,VIC1-NSW1,VIC1,2,21100.68
D,RESIDUE_PRICE_OFFER,,1,A202506,C2026Q2T09,VIC1-NSW1,VIC1,2,21150.68
D,RESIDUE_PRICE_OFFER,,1,A202506,C2026Q2T09,VIC1-NSW1,VIC1,2,21200.68
D,RESIDUE_PRICE_OFFER,,1,A202506,C2026Q2T09,VIC1-NSW1,VIC1,2,21250.68
D,RESIDUE_PRICE_OFFER,,1,A202506,C2026Q2T09,VIC1-NSW1,VIC1,2,21300.68
D,RESIDUE_PRICE_OFFER,,1,A202506,C2026Q2T09,VIC1-NSW1,VIC1,2,21350.68
D,RESIDUE_PRICE_OFFER,,1,A202506,C2026Q2T09,VIC1-NSW1,VIC1,2,21400.68
D,RESIDUE_PRICE_OFFER,,1,A202506,C2026Q2T09,VIC1-NSW1,VIC1,2,21450.68
D,RESIDUE_PRICE_OFFER,,1,A202506,C2026Q2T09,VIC1-NSW1,VIC1,2,21500.68
D,RESIDUE_PRICE_OFFER,,1,A202506,C2026Q2T09,VIC1-NSW1,VIC1,2,21638.24
D,RESIDUE_PRICE_OFFER,,1,A202506,C2026Q2T09,VIC1-NSW1,VIC1,2,22287.3872
D,RESIDUE_PRICE_OFFER,,1,A202506,C2026Q2T09,VIC1-NSW1,VIC1,2,22956.008820
D,RESIDUE_PRICE_OFFER,,1,A202506,C2026Q2T09,VIC1-NSW1,VIC1,2,23644.689080
D,RESIDUE_PRICE_OFFER,,1,A202506,C2026Q2T09,VIC1-NSW1,VIC1,2,24354.029750
D,RESIDUE_PRICE_OFFER,,1,A202506,C2026Q2T09,VIC1-NSW1,VIC1,2,30666.68
D,RESIDUE_PRICE_OFFER,,1,A202506,C2026Q2T09,VIC1-NSW1,VIC1,2,31332.68
D,RESIDUE_PRICE_OFFER,,1,A202506,C2026Q2T09,VIC1-NSW1,VIC1,2,31998.68
D,RESIDUE_PRICE_OFFER,,1,A202506,C2026Q2T09,VIC1-NSW1,VIC1,2,32664.68
D,RESIDUE_PRICE_OFFER,,1,A202506,C2026Q2T09,VIC1-NSW1,VIC1,2,33330.68
D,RESIDUE_PRICE_OFFER,,1,A202506,C2026Q2T09,VIC1-NSW1,VIC1,2,33996.68
D,RESIDUE_PRICE_OFFER,,1,A202506,C2026Q2T09,VIC1-NSW1,VIC1,2,34662.68
D,RESIDUE_PRICE_OFFER,,1,A202506,C2026Q2T09,VIC1-NSW1,VIC1,2,35328.68
D,RESIDUE_PRICE_OFFER,,1,A202506,C2026Q2T09,VIC1-NSW1,VIC1,2,35994.68
D,RESIDUE_PRICE_OFFER,,1,A202506,C2026Q2T09,VIC1-NSW1,VIC1,2,36660.68
D,RESIDUE_PRICE_OFFER,,1,A202506,C2026Q2T09,VIC1-NSW1,VIC1,2,37326.68
D,RESIDUE_PRICE_OFFER,,1,A202506,C2026Q2T09,VIC1-NSW1,VIC1,2,37992.68
D,RESIDUE_PRICE_OFFER,,1,A202506,C2026Q2T09,VIC1-NSW1,VIC1,2,38658.68
D,RESIDUE_PRICE_OFFER,,1,A202506,C2026Q2T09,VIC1-NSW1,VIC1,2,39324.68
D,RESIDUE_PRICE_OFFER,,1,A202506,C2026Q2T09,VIC1-NSW1,VIC1,2,39990.68
D,RESIDUE_PRICE_OFFER,,1,A202506,C2026Q2T09,VIC1-NSW1,VIC1,10,30660
D,RESIDUE_PRICE_OFFER,,1,A202506,C2026Q2T09,VIC1-NSW1,VIC1,125,0
D,RESIDUE_PRICE_OFFER,,1,A202506,C2026Q3T08,NSW1-QLD1,NSW1,45,0
D,RESIDUE_PRICE_OFFER,,1,A202506,C2026Q3T08,NSW1-QLD1,QLD1,1,34540.379990
D,RESIDUE_PRICE_OFFER,,1,A202506,C2026Q3T08,NSW1-QLD1,QLD1,1,34580.379990
D,RESIDUE_PRICE_OFFER,,1,A202506,C2026Q3T08,NSW1-QLD1,QLD1,1,34620.379990
D,RESIDUE_PRICE_OFFER,,1,A202506,C2026Q3T08,NSW1-QLD1,QLD1,1,34660.379990
D,RESIDUE_PRICE_OFFER,,1,A202506,C2026Q3T08,NSW1-QLD1,QLD1,1,34700.379990
D,RESIDUE_PRICE_OFFER,,1,A202506,C2026Q3T08,NSW1-QLD1,QLD1,1,34740.379990
D,RESIDUE_PRICE_OFFER,,1,A202506,C2026Q3T08,NSW1-QLD1,QLD1,1,34780.379990
D,RESIDUE_PRICE_OFFER,,1,A202506,C2026Q3T08,NSW1-QLD1,QLD1,1,34820.379990
D,RESIDUE_PRICE_OFFER,,1,A202506,C2026Q3T08,NSW1-QLD1,QLD1,1,34860.379990
D,RESIDUE_PRICE_OFFER,,1,A202506,C2026Q3T08,NSW1-QLD1,QLD1,1,34900.379990
D,RESIDUE_PRICE_OFFER,,1,A202506,C2026Q3T08,NSW1-QLD1,QLD1,1,34940.379990
D,RESIDUE_PRICE_OFFER,,1,A202506,C2026Q3T08,NSW1-QLD1,QLD1,1,34980.379990
D,RESIDUE_PRICE_OFFER,,1,A202506,C2026Q3T08,NSW1-QLD1,QLD1,1,35020.379990
D,RESIDUE_PRICE_OFFER,,1,A202506,C2026Q3T08,NSW1-QLD1,QLD1,1,35060.379990
D,RESIDUE_PRICE_OFFER,,1,A202506,C2026Q3T08,NSW1-QLD1,QLD1,1,35100.379990
D,RESIDUE_PRICE_OFFER,,1,A202506,C2026Q3T08,NSW1-QLD1,QLD1,1,35140.379990
D,RESIDUE_PRICE_OFFER,,1,A202506,C2026Q3T08,NSW1-QLD1,QLD1,1,35180.379990
D,RESIDUE_PRICE_OFFER,,1,A202506,C2026Q3T08,NSW1-QLD1,QLD1,1,35220.379990
D,RESIDUE_PRICE_OFFER,,1,A202506,C2026Q3T08,NSW1-QLD1,QLD1,1,35260.379990
D,RESIDUE_PRICE_OFFER,,1,A202506,C2026Q3T08,NSW1-QLD1,QLD1,1,35300.379990
D,RESIDUE_PRICE_OFFER,,1,A202506,C2026Q3T08,NSW1-QLD1,QLD1,1,35340.379990
D,RESIDUE_PRICE_OFFER,,1,A202506,C2026Q3T08,NSW1-QLD1,QLD1,1,35380.379990
D,RESIDUE_PRICE_OFFER,,1,A202506,C2026Q3T08,NSW1-QLD1,QLD1,1,35420.379990
D,RESIDUE_PRICE_OFFER,,1,A202506,C2026Q3T08,NSW1-QLD1,QLD1,1,35460.379990
D,RESIDUE_PRICE_OFFER,,1,A202506,C2026Q3T08,NSW1-QLD1,QLD1,1,35500.379990
D,RESIDUE_PRICE_OFFER,,1,A202506,C2026Q3T08,NSW1-QLD1,QLD1,2,32954
D,RESIDUE_PRICE_OFFER,,1,A202506,C2026Q3T08,NSW1-QLD1,QLD1,2,33942.62
D,RESIDUE_PRICE_OFFER,,1,A202506,C2026Q3T08,NSW1-QLD1,QLD1,2,34960.8986
D,RESIDUE_PRICE_OFFER,,1,A202506,C2026Q3T08,NSW1-QLD1,QLD1,2,36009.725560
D,RESIDUE_PRICE_OFFER,,1,A202506,C2026Q3T08,NSW1-QLD1,QLD1,2,37090.017320
D,RESIDUE_PRICE_OFFER,,1,A202506,C2026Q3T08,NSW1-QLD1,QLD1,2,38202.717830
D,RESIDUE_PRICE_OFFER,,1,A202506,C2026Q3T08,NSW1-QLD1,QLD1,10,46305
D,RESIDUE_PRICE_OFFER,,1,A202506,C2026Q3T08,NSW1-QLD1,QLD1,100,0
D,RESIDUE_PRICE_OFFER,,1,A202506,C2026Q3T08,V-SA,SA1,1,3998
D,RESIDUE_PRICE_OFFER,,1,A202506,C2026Q3T08,V-SA,SA1,1,5397
D,RESIDUE_PRICE_OFFER,,1,A202506,C2026Q3T08,V-SA,SA1,1,5514.24
D,RESIDUE_PRICE_OFFER,,1,A202506,C2026Q3T08,V-SA,SA1,1,5528.24
D,RESIDUE_PRICE_OFFER,,1,A202506,C2026Q3T08,V-SA,SA1,1,5542.24
D,RESIDUE_PRICE_OFFER,,1,A202506,C2026Q3T08,V-SA,SA1,1,5556.24
D,RESIDUE_PRICE_OFFER,,1,A202506,C2026Q3T08,V-SA,SA1,1,5570.24
D,RESIDUE_PRICE_OFFER,,1,A202506,C2026Q3T08,V-SA,SA1,1,5584.24
D,RESIDUE_PRICE_OFFER,,1,A202506,C2026Q3T08,V-SA,SA1,1,5598.24
D,RESIDUE_PRICE_OFFER,,1,A202506,C2026Q3T08,V-SA,SA1,1,5612.24
D,RESIDUE_PRICE_OFFER,,1,A202506,C2026Q3T08,V-SA,SA1,1,5626.24
D,RESIDUE_PRICE_OFFER,,1,A202506,C2026Q3T08,V-SA,SA1,1,5640.24
D,RESIDUE_PRICE_OFFER,,1,A202506,C2026Q3T08,V-SA,SA1,1,5654.24
D,RESIDUE_PRICE_OFFER,,1,A202506,C2026Q3T08,V-SA,SA1,1,5668.24
D,RESIDUE_PRICE_OFFER,,1,A202506,C2026Q3T08,V-SA,SA1,1,5682.24
D,RESIDUE_PRICE_OFFER,,1,A202506,C2026Q3T08,V-SA,SA1,1,5696.24
D,RESIDUE_PRICE_OFFER,,1,A202506,C2026Q3T08,V-SA,SA1,1,5710.24
D,RESIDUE_PRICE_OFFER,,1,A202506,C2026Q3T08,V-SA,SA1,1,5724.24
D,RESIDUE_PRICE_OFFER,,1,A202506,C2026Q3T08,V-SA,SA1,1,5738.24
D,RESIDUE_PRICE_OFFER,,1,A202506,C2026Q3T08,V-SA,SA1,1,5752.24
D,RESIDUE_PRICE_OFFER,,1,A202506,C2026Q3T08,V-SA,SA1,1,5766.24
D,RESIDUE_PRICE_OFFER,,1,A202506,C2026Q3T08,V-SA,SA1,1,5780.24
D,RESIDUE_PRICE_OFFER,,1,A202506,C2026Q3T08,V-SA,SA1,1,5794.24
D,RESIDUE_PRICE_OFFER,,1,A202506,C2026Q3T08,V-SA,SA1,1,5808.24
D,RESIDUE_PRICE_OFFER,,1,A202506,C2026Q3T08,V-SA,SA1,1,5822.24
D,RESIDUE_PRICE_OFFER,,1,A202506,C2026Q3T08,V-SA,SA1,1,5836.24
D,RESIDUE_PRICE_OFFER,,1,A202506,C2026Q3T08,V-SA,SA1,1,5850.24
D,RESIDUE_PRICE_OFFER,,1,A202506,C2026Q3T08,V-SA,SA1,1,5864.24
D,RESIDUE_PRICE_OFFER,,1,A202506,C2026Q3T08,V-SA,SA1,1,5878.24
D,RESIDUE_PRICE_OFFER,,1,A202506,C2026Q3T08,V-SA,SA1,1,5892.24
D,RESIDUE_PRICE_OFFER,,1,A202506,C2026Q3T08,V-SA,SA1,1,5906.24
D,RESIDUE_PRICE_OFFER,,1,A202506,C2026Q3T08,V-SA,SA1,1,5920.24
D,RESIDUE_PRICE_OFFER,,1,A202506,C2026Q3T08,V-SA,SA1,1,5934.24
D,RESIDUE_PRICE_OFFER,,1,A202506,C2026Q3T08,V-SA,SA1,1,5948.24
D,RESIDUE_PRICE_OFFER,,1,A202506,C2026Q3T08,V-SA,SA1,1,5962.24
D,RESIDUE_PRICE_OFFER,,1,A202506,C2026Q3T08,V-SA,SA1,1,5976.24
D,RESIDUE_PRICE_OFFER,,1,A202506,C2026Q3T08,V-SA,SA1,2,2998
D,RESIDUE_PRICE_OFFER,,1,A202506,C2026Q3T08,V-SA,SA1,2,3498
D,RESIDUE_PRICE_OFFER,,1,A202506,C2026Q3T08,V-SA,SA1,64,0
D,RESIDUE_PRICE_OFFER,,1,A202506,C2026Q3T08,V-SA,VIC1,2,12246
D,RESIDUE_PRICE_OFFER,,1,A202506,C2026Q3T08,V-SA,VIC1,2,13246
D,RESIDUE_PRICE_OFFER,,1,A202506,C2026Q3T08,V-SA,VIC1,2,14246
D,RESIDUE_PRICE_OFFER,,1,A202506,C2026Q3T08,V-SA,VIC1,2,15246
D,RESIDUE_PRICE_OFFER,,1,A202506,C2026Q3T08,V-SA,VIC1,2,16246
D,RESIDUE_PRICE_OFFER,,1,A202506,C2026Q3T08,V-SA,VIC1,2,17246
D,RESIDUE_PRICE_OFFER,,1,A202506,C2026Q3T08,V-SA,VIC1,2,18246
D,RESIDUE_PRICE_OFFER,,1,A202506,C2026Q3T08,V-SA,VIC1,2,19246
D,RESIDUE_PRICE_OFFER,,1,A202506,C2026Q3T08,V-SA,VIC1,2,20246
D,RESIDUE_PRICE_OFFER,,1,A202506,C2026Q3T08,V-SA,VIC1,2,21246
D,RESIDUE_PRICE_OFFER,,1,A202506,C2026Q3T08,V-SA,VIC1,10,18500.669990
D,RESIDUE_PRICE_OFFER,,1,A202506,C2026Q3T08,V-SA,VIC1,73,0
D,RESIDUE_PRICE_OFFER,,1,A202506,C2026Q3T08,VIC1-NSW1,NSW1,4,5000.67
D,RESIDUE_PRICE_OFFER,,1,A202506,C2026Q3T08,VIC1-NSW1,NSW1,10,4967
D,RESIDUE_PRICE_OFFER,,1,A202506,C2026Q3T08,VIC1-NSW1,NSW1,10,5687
D,RESIDUE_PRICE_OFFER,,1,A202506,C2026Q3T08,VIC1-NSW1,NSW1,108,0
D,RESIDUE_PRICE_OFFER,,1,A202506,C2026Q3T08,VIC1-NSW1,VIC1,1,24551
D,RESIDUE_PRICE_OFFER,,1,A202506,C2026Q3T08,VIC1-NSW1,VIC1,2,22050.68
D,RESIDUE_PRICE_OFFER,,1,A202506,C2026Q3T08,VIC1-NSW1,VIC1,2,22100.68
D,RESIDUE_PRICE_OFFER,,1,A202506,C2026Q3T08,VIC1-NSW1,VIC1,2,22150.68
D,RESIDUE_PRICE_OFFER,,1,A202506,C2026Q3T08,VIC1-NSW1,VIC1,2,22200.68
D,RESIDUE_PRICE_OFFER,,1,A202506,C2026Q3T08,VIC1-NSW1,VIC1,2,22250.68
D,RESIDUE_PRICE_OFFER,,1,A202506,C2026Q3T08,VIC1-NSW1,VIC1,2,22300.68
D,RESIDUE_PRICE_OFFER,,1,A202506,C2026Q3T08,VIC1-NSW1,VIC1,2,22350.68
D,RESIDUE_PRICE_OFFER,,1,A202506,C2026Q3T08,VIC1-NSW1,VIC1,2,22400.68
D,RESIDUE_PRICE_OFFER,,1,A202506,C2026Q3T08,VIC1-NSW1,VIC1,2,22450.68
D,RESIDUE_PRICE_OFFER,,1,A202506,C2026Q3T08,VIC1-NSW1,VIC1,2,22500.68
D,RESIDUE_PRICE_OFFER,,1,A202506,C2026Q3T08,VIC1-NSW1,VIC1,2,25287.53
D,RESIDUE_PRICE_OFFER,,1,A202506,C2026Q3T08,VIC1-NSW1,VIC1,2,26046.1559
D,RESIDUE_PRICE_OFFER,,1,A202506,C2026Q3T08,VIC1-NSW1,VIC1,2,26827.540580
D,RESIDUE_PRICE_OFFER,,1,A202506,C2026Q3T08,VIC1-NSW1,VIC1,2,27632.366790
D,RESIDUE_PRICE_OFFER,,1,A202506,C2026Q3T08,VIC1-NSW1,VIC1,2,28461.3378
D,RESIDUE_PRICE_OFFER,,1,A202506,C2026Q3T08,VIC1-NSW1,VIC1,2,30666.68
D,RESIDUE_PRICE_OFFER,,1,A202506,C2026Q3T08,VIC1-NSW1,VIC1,2,31332.68
D,RESIDUE_PRICE_OFFER,,1,A202506,C2026Q3T08,VIC1-NSW1,VIC1,2,31998.68
D,RESIDUE_PRICE_OFFER,,1,A202506,C2026Q3T08,VIC1-NSW1,VIC1,2,32664.68
D,RESIDUE_PRICE_OFFER,,1,A202506,C2026Q3T08,VIC1-NSW1,VIC1,2,33330.68
D,RESIDUE_PRICE_OFFER,,1,A202506,C2026Q3T08,VIC1-NSW1,VIC1,2,33996.68
D,RESIDUE_PRICE_OFFER,,1,A202506,C2026Q3T08,VIC1-NSW1,VIC1,2,34662.68
D,RESIDUE_PRICE_OFFER,,1,A202506,C2026Q3T08,VIC1-NSW1,VIC1,2,35328.68
D,RESIDUE_PRICE_OFFER,,1,A202506,C2026Q3T08,VIC1-NSW1,VIC1,2,35994.68
D,RESIDUE_PRICE_OFFER,,1,A202506,C2026Q3T08,VIC1-NSW1,VIC1,2,36660.68
D,RESIDUE_PRICE_OFFER,,1,A202506,C2026Q3T08,VIC1-NSW1,VIC1,2,37326.68
D,RESIDUE_PRICE_OFFER,,1,A202506,C2026Q3T08,VIC1-NSW1,VIC1,2,37992.68
D,RESIDUE_PRICE_OFFER,,1,A202506,C2026Q3T08,VIC1-NSW1,VIC1,2,38658.68
D,RESIDUE_PRICE_OFFER,,1,A202506,C2026Q3T08,VIC1-NSW1,VIC1,2,39324.68
D,RESIDUE_PRICE_OFFER,,1,A202506,C2026Q3T08,VIC1-NSW1,VIC1,2,39990.68
D,RESIDUE_PRICE_OFFER,,1,A202506,C2026Q3T08,VIC1-NSW1,VIC1,10,28245
D,RESIDUE_PRICE_OFFER,,1,A202506,C2026Q3T08,VIC1-NSW1,VIC1,125,0
D,RESIDUE_PRICE_OFFER,,1,A202506,C2026Q4T07,NSW1-QLD1,NSW1,45,0
D,RESIDUE_PRICE_OFFER,,1,A202506,C2026Q4T07,NSW1-QLD1,QLD1,2,22000
D,RESIDUE_PRICE_OFFER,,1,A202506,C2026Q4T07,NSW1-QLD1,QLD1,2,24100.38
D,RESIDUE_PRICE_OFFER,,1,A202506,C2026Q4T07,NSW1-QLD1,QLD1,2,24200.38
D,RESIDUE_PRICE_OFFER,,1,A202506,C2026Q4T07,NSW1-QLD1,QLD1,2,24300.38
D,RESIDUE_PRICE_OFFER,,1,A202506,C2026Q4T07,NSW1-QLD1,QLD1,2,24400.38
D,RESIDUE_PRICE_OFFER,,1,A202506,C2026Q4T07,NSW1-QLD1,QLD1,2,24500.38
D,RESIDUE_PRICE_OFFER,,1,A202506,C2026Q4T07,NSW1-QLD1,QLD1,2,24600.38
D,RESIDUE_PRICE_OFFER,,1,A202506,C2026Q4T07,NSW1-QLD1,QLD1,2,24700.38
D,RESIDUE_PRICE_OFFER,,1,A202506,C2026Q4T07,NSW1-QLD1,QLD1,2,24800.38
D,RESIDUE_PRICE_OFFER,,1,A202506,C2026Q4T07,NSW1-QLD1,QLD1,2,24900.38
D,RESIDUE_PRICE_OFFER,,1,A202506,C2026Q4T07,NSW1-QLD1,QLD1,2,25000.38
D,RESIDUE_PRICE_OFFER,,1,A202506,C2026Q4T07,NSW1-QLD1,QLD1,10,30240
D,RESIDUE_PRICE_OFFER,,1,A202506,C2026Q4T07,NSW1-QLD1,QLD1,100,0
D,RESIDUE_PRICE_OFFER,,1,A202506,C2026Q4T07,V-SA,SA1,1,4248
D,RESIDUE_PRICE_OFFER,,1,A202506,C2026Q4T07,V-SA,SA1,1,4287.24
D,RESIDUE_PRICE_OFFER,,1,A202506,C2026Q4T07,V-SA,SA1,1,4324.24
D,RESIDUE_PRICE_OFFER,,1,A202506,C2026Q4T07,V-SA,SA1,1,4361.24
D,RESIDUE_PRICE_OFFER,,1,A202506,C2026Q4T07,V-SA,SA1,1,4398.24
D,RESIDUE_PRICE_OFFER,,1,A202506,C2026Q4T07,V-SA,SA1,1,4435.24
D,RESIDUE_PRICE_OFFER,,1,A202506,C2026Q4T07,V-SA,SA1,1,4472.24
D,RESIDUE_PRICE_OFFER,,1,A202506,C2026Q4T07,V-SA,SA1,1,4509.24
D,RESIDUE_PRICE_OFFER,,1,A202506,C2026Q4T07,V-SA,SA1,1,4546.24
D,RESIDUE_PRICE_OFFER,,1,A202506,C2026Q4T07,V-SA,SA1,1,4583.24
D,RESIDUE_PRICE_OFFER,,1,A202506,C2026Q4T07,V-SA,SA1,1,4620.24
D,RESIDUE_PRICE_OFFER,,1,A202506,C2026Q4T07,V-SA,SA1,1,4657.24
D,RESIDUE_PRICE_OFFER,,1,A202506,C2026Q4T07,V-SA,SA1,1,4694.24
D,RESIDUE_PRICE_OFFER,,1,A202506,C2026Q4T07,V-SA,SA1,1,4731.24
D,RESIDUE_PRICE_OFFER,,1,A202506,C2026Q4T07,V-SA,SA1,1,4768.24
D,RESIDUE_PRICE_OFFER,,1,A202506,C2026Q4T07,V-SA,SA1,1,4805.24
D,RESIDUE_PRICE_OFFER,,1,A202506,C2026Q4T07,V-SA,SA1,1,4842.24
D,RESIDUE_PRICE_OFFER,,1,A202506,C2026Q4T07,V-SA,SA1,1,4879.24
D,RESIDUE_PRICE_OFFER,,1,A202506,C2026Q4T07,V-SA,SA1,1,4916.24
D,RESIDUE_PRICE_OFFER,,1,A202506,C2026Q4T07,V-SA,SA1,1,4953.24
D,RESIDUE_PRICE_OFFER,,1,A202506,C2026Q4T07,V-SA,SA1,1,4990.24
D,RESIDUE_PRICE_OFFER,,1,A202506,C2026Q4T07,V-SA,SA1,2,3248
D,RESIDUE_PRICE_OFFER,,1,A202506,C2026Q4T07,V-SA,SA1,2,3748
D,RESIDUE_PRICE_OFFER,,1,A202506,C2026Q4T07,V-SA,SA1,3,5103
D,RESIDUE_PRICE_OFFER,,1,A202506,C2026Q4T07,V-SA,SA1,64,0
D,RESIDUE_PRICE_OFFER,,1,A202506,C2026Q4T07,V-SA,VIC1,2,9997
D,RESIDUE_PRICE_OFFER,,1,A202506,C2026Q4T07,V-SA,VIC1,2,10997
D,RESIDUE_PRICE_OFFER,,1,A202506,C2026Q4T07,V-SA,VIC1,2,11997
D,RESIDUE_PRICE_OFFER,,1,A202506,C2026Q4T07,V-SA,VIC1,2,12997
D,RESIDUE_PRICE_OFFER,,1,A202506,C2026Q4T07,V-SA,VIC1,2,13997
D,RESIDUE_PRICE_OFFER,,1,A202506,C2026Q4T07,V-SA,VIC1,73,0
D,RESIDUE_PRICE_OFFER,,1,A202506,C2026Q4T07,VIC1-NSW1,NSW1,108,0
D,RESIDUE_PRICE_OFFER,,1,A202506,C2026Q4T07,VIC1-NSW1,VIC1,1,20020.68
D,RESIDUE_PRICE_OFFER,,1,A202506,C2026Q4T07,VIC1-NSW1,VIC1,1,20040.68
D,RESIDUE_PRICE_OFFER,,1,A202506,C2026Q4T07,VIC1-NSW1,VIC1,1,20060.68
D,RESIDUE_PRICE_OFFER,,1,A202506,C2026Q4T07,VIC1-NSW1,VIC1,1,20080.68
D,RESIDUE_PRICE_OFFER,,1,A202506,C2026Q4T07,VIC1-NSW1,VIC1,1,20100.68
D,RESIDUE_PRICE_OFFER,,1,A202506,C2026Q4T07,VIC1-NSW1,VIC1,1,20120.68
D,RESIDUE_PRICE_OFFER,,1,A202506,C2026Q4T07,VIC1-NSW1,VIC1,1,20140.68
D,RESIDUE_PRICE_OFFER,,1,A202506,C2026Q4T07,VIC1-NSW1,VIC1,1,20160.68
D,RESIDUE_PRICE_OFFER,,1,A202506,C2026Q4T07,VIC1-NSW1,VIC1,1,20180.68
D,RESIDUE_PRICE_OFFER,,1,A202506,C2026Q4T07,VIC1-NSW1,VIC1,1,20200.68
D,RESIDUE_PRICE_OFFER,,1,A202506,C2026Q4T07,VIC1-NSW1,VIC1,1,20220.68
D,RESIDUE_PRICE_OFFER,,1,A202506,C2026Q4T07,VIC1-NSW1,VIC1,1,20240.68
D,RESIDUE_PRICE_OFFER,,1,A202506,C2026Q4T07,VIC1-NSW1,VIC1,1,20260.68
D,RESIDUE_PRICE_OFFER,,1,A202506,C2026Q4T07,VIC1-NSW1,VIC1,1,20280.68
D,RESIDUE_PRICE_OFFER,,1,A202506,C2026Q4T07,VIC1-NSW1,VIC1,1,20300.68
D,RESIDUE_PRICE_OFFER,,1,A202506,C2026Q4T07,VIC1-NSW1,VIC1,1,20320.68
D,RESIDUE_PRICE_OFFER,,1,A202506,C2026Q4T07,VIC1-NSW1,VIC1,1,20340.68
D,RESIDUE_PRICE_OFFER,,1,A202506,C2026Q4T07,VIC1-NSW1,VIC1,1,20360.68
D,RESIDUE_PRICE_OFFER,,1,A202506,C2026Q4T07,VIC1-NSW1,VIC1,1,20380.68
D,RESIDUE_PRICE_OFFER,,1,A202506,C2026Q4T07,VIC1-NSW1,VIC1,1,20400.68
D,RESIDUE_PRICE_OFFER,,1,A202506,C2026Q4T07,VIC1-NSW1,VIC1,1,20420.68
D,RESIDUE_PRICE_OFFER,,1,A202506,C2026Q4T07,VIC1-NSW1,VIC1,1,20440.68
D,RESIDUE_PRICE_OFFER,,1,A202506,C2026Q4T07,VIC1-NSW1,VIC1,1,20460.68
D,RESIDUE_PRICE_OFFER,,1,A202506,C2026Q4T07,VIC1-NSW1,VIC1,1,20480.68
D,RESIDUE_PRICE_OFFER,,1,A202506,C2026Q4T07,VIC1-NSW1,VIC1,1,20500.68
D,RESIDUE_PRICE_OFFER,,1,A202506,C2026Q4T07,VIC1-NSW1,VIC1,1,26466.68
D,RESIDUE_PRICE_OFFER,,1,A202506,C2026Q4T07,VIC1-NSW1,VIC1,1,26932.68
D,RESIDUE_PRICE_OFFER,,1,A202506,C2026Q4T07,VIC1-NSW1,VIC1,1,27398.68
D,RESIDUE_PRICE_OFFER,,1,A202506,C2026Q4T07,VIC1-NSW1,VIC1,1,27864.68
D,RESIDUE_PRICE_OFFER,,1,A202506,C2026Q4T07,VIC1-NSW1,VIC1,1,28330.68
D,RESIDUE_PRICE_OFFER,,1,A202506,C2026Q4T07,VIC1-NSW1,VIC1,1,28796.68
D,RESIDUE_PRICE_OFFER,,1,A202506,C2026Q4T07,VIC1-NSW1,VIC1,1,29262.68
D,RESIDUE_PRICE_OFFER,,1,A202506,C2026Q4T07,VIC1-NSW1,VIC1,1,29728.68
D,RESIDUE_PRICE_OFFER,,1,A202506,C2026Q4T07,VIC1-NSW1,VIC1,1,30194.68
D,RESIDUE_PRICE_OFFER,,1,A202506,C2026Q4T07,VIC1-NSW1,VIC1,1,30660.68
D,RESIDUE_PRICE_OFFER,,1,A202506,C2026Q4T07,VIC1-NSW1,VIC1,1,31126.68
D,RESIDUE_PRICE_OFFER,,1,A202506,C2026Q4T07,VIC1-NSW1,VIC1,1,31592.68
D,RESIDUE_PRICE_OFFER,,1,A202506,C2026Q4T07,VIC1-NSW1,VIC1,1,32058.68
D,RESIDUE_PRICE_OFFER,,1,A202506,C2026Q4T07,VIC1-NSW1,VIC1,1,32524.68
D,RESIDUE_PRICE_OFFER,,1,A202506,C2026Q4T07,VIC1-NSW1,VIC1,1,32990.68
D,RESIDUE_PRICE_OFFER,,1,A202506,C2026Q4T07,VIC1-NSW1,VIC1,1,33456.68
D,RESIDUE_PRICE_OFFER,,1,A202506,C2026Q4T07,VIC1-NSW1,VIC1,1,33922.68
D,RESIDUE_PRICE_OFFER,,1,A202506,C2026Q4T07,VIC1-NSW1,VIC1,1,34388.68
D,RESIDUE_PRICE_OFFER,,1,A202506,C2026Q4T07,VIC1-NSW1,VIC1,1,34854.68
D,RESIDUE_PRICE_OFFER,,1,A202506,C2026Q4T07,VIC1-NSW1,VIC1,1,35320.68
D,RESIDUE_PRICE_OFFER,,1,A202506,C2026Q4T07,VIC1-NSW1,VIC1,1,35786.68
D,RESIDUE_PRICE_OFFER,,1,A202506,C2026Q4T07,VIC1-NSW1,VIC1,1,36252.68
D,RESIDUE_PRICE_OFFER,,1,A202506,C2026Q4T07,VIC1-NSW1,VIC1,1,36718.68
D,RESIDUE_PRICE_OFFER,,1,A202506,C2026Q4T07,VIC1-NSW1,VIC1,1,37184.68
D,RESIDUE_PRICE_OFFER,,1,A202506,C2026Q4T07,VIC1-NSW1,VIC1,1,37650.68
D,RESIDUE_PRICE_OFFER,,1,A202506,C2026Q4T07,VIC1-NSW1,VIC1,1,38116.68
D,RESIDUE_PRICE_OFFER,,1,A202506,C2026Q4T07,VIC1-NSW1,VIC1,1,38582.68
D,RESIDUE_PRICE_OFFER,,1,A202506,C2026Q4T07,VIC1-NSW1,VIC1,1,39048.68
D,RESIDUE_PRICE_OFFER,,1,A202506,C2026Q4T07,VIC1-NSW1,VIC1,1,39514.68
D,RESIDUE_PRICE_OFFER,,1,A202506,C2026Q4T07,VIC1-NSW1,VIC1,1,39980.68
D,RESIDUE_PRICE_OFFER,,1,A202506,C2026Q4T07,VIC1-NSW1,VIC1,10,30555
D,RESIDUE_PRICE_OFFER,,1,A202506,C2026Q4T07,VIC1-NSW1,VIC1,125,0
D,RESIDUE_PRICE_OFFER,,1,A202506,C2027Q1T06,NSW1-QLD1,NSW1,2,22000
D,RESIDUE_PRICE_OFFER,,1,A202506,C2027Q1T06,NSW1-QLD1,NSW1,45,0
D,RESIDUE_PRICE_OFFER,,1,A202506,C2027Q1T06,NSW1-QLD1,QLD1,1,22000
D,RESIDUE_PRICE_OFFER,,1,A202506,C2027Q1T06,NSW1-QLD1,QLD1,1,26050.38
D,RESIDUE_PRICE_OFFER,,1,A202506,C2027Q1T06,NSW1-QLD1,QLD1,1,26100.38
D,RESIDUE_PRICE_OFFER,,1,A202506,C2027Q1T06,NSW1-QLD1,QLD1,1,26150.38
D,RESIDUE_PRICE_OFFER,,1,A202506,C2027Q1T06,NSW1-QLD1,QLD1,1,26200.38
D,RESIDUE_PRICE_OFFER,,1,A202506,C2027Q1T06,NSW1-QLD1,QLD1,1,26250.38
D,RESIDUE_PRICE_OFFER,,1,A202506,C2027Q1T06,NSW1-QLD1,QLD1,1,26300.38
D,RESIDUE_PRICE_OFFER,,1,A202506,C2027Q1T06,NSW1-QLD1,QLD1,1,26350.38
D,RESIDUE_PRICE_OFFER,,1,A202506,C2027Q1T06,NSW1-QLD1,QLD1,1,26400.38
D,RESIDUE_PRICE_OFFER,,1,A202506,C2027Q1T06,NSW1-QLD1,QLD1,1,26450.38
D,RESIDUE_PRICE_OFFER,,1,A202506,C2027Q1T06,NSW1-QLD1,QLD1,1,26500.38
D,RESIDUE_PRICE_OFFER,,1,A202506,C2027Q1T06,NSW1-QLD1,QLD1,1,26550.38
D,RESIDUE_PRICE_OFFER,,1,A202506,C2027Q1T06,NSW1-QLD1,QLD1,1,26600.38
D,RESIDUE_PRICE_OFFER,,1,A202506,C2027Q1T06,NSW1-QLD1,QLD1,1,26650.38
D,RESIDUE_PRICE_OFFER,,1,A202506,C2027Q1T06,NSW1-QLD1,QLD1,1,26700.38
D,RESIDUE_PRICE_OFFER,,1,A202506,C2027Q1T06,NSW1-QLD1,QLD1,1,26750.38
D,RESIDUE_PRICE_OFFER,,1,A202506,C2027Q1T06,NSW1-QLD1,QLD1,1,26800.38
D,RESIDUE_PRICE_OFFER,,1,A202506,C2027Q1T06,NSW1-QLD1,QLD1,1,26850.38
D,RESIDUE_PRICE_OFFER,,1,A202506,C2027Q1T06,NSW1-QLD1,QLD1,1,26900.38
D,RESIDUE_PRICE_OFFER,,1,A202506,C2027Q1T06,NSW1-QLD1,QLD1,1,26950.38
D,RESIDUE_PRICE_OFFER,,1,A202506,C2027Q1T06,NSW1-QLD1,QLD1,1,27000.38
D,RESIDUE_PRICE_OFFER,,1,A202506,C2027Q1T06,NSW1-QLD1,QLD1,5,25935
D,RESIDUE_PRICE_OFFER,,1,A202506,C2027Q1T06,NSW1-QLD1,QLD1,100,0
D,RESIDUE_PRICE_OFFER,,1,A202506,C2027Q1T06,V-SA,SA1,64,0
D,RESIDUE_PRICE_OFFER,,1,A202506,C2027Q1T06,V-SA,VIC1,1,21050.669990
D,RESIDUE_PRICE_OFFER,,1,A202506,C2027Q1T06,V-SA,VIC1,1,21100.669990
D,RESIDUE_PRICE_OFFER,,1,A202506,C2027Q1T06,V-SA,VIC1,1,21150.669990
D,RESIDUE_PRICE_OFFER,,1,A202506,C2027Q1T06,V-SA,VIC1,1,21200.669990
D,RESIDUE_PRICE_OFFER,,1,A202506,C2027Q1T06,V-SA,VIC1,1,21250.669990
D,RESIDUE_PRICE_OFFER,,1,A202506,C2027Q1T06,V-SA,VIC1,1,21300.669990
D,RESIDUE_PRICE_OFFER,,1,A202506,C2027Q1T06,V-SA,VIC1,1,21350.669990
D,RESIDUE_PRICE_OFFER,,1,A202506,C2027Q1T06,V-SA,VIC1,1,21400.669990
D,RESIDUE_PRICE_OFFER,,1,A202506,C2027Q1T06,V-SA,VIC1,1,21450.669990
D,RESIDUE_PRICE_OFFER,,1,A202506,C2027Q1T06,V-SA,VIC1,1,21500.67
D,RESIDUE_PRICE_OFFER,,1,A202506,C2027Q1T06,V-SA,VIC1,1,21550.67
D,RESIDUE_PRICE_OFFER,,1,A202506,C2027Q1T06,V-SA,VIC1,1,21600.67
D,RESIDUE_PRICE_OFFER,,1,A202506,C2027Q1T06,V-SA,VIC1,1,21650.67
D,RESIDUE_PRICE_OFFER,,1,A202506,C2027Q1T06,V-SA,VIC1,1,21700.67
D,RESIDUE_PRICE_OFFER,,1,A202506,C2027Q1T06,V-SA,VIC1,1,21750.67
D,RESIDUE_PRICE_OFFER,,1,A202506,C2027Q1T06,V-SA,VIC1,1,21800.67
D,RESIDUE_PRICE_OFFER,,1,A202506,C2027Q1T06,V-SA,VIC1,1,21850.67
D,RESIDUE_PRICE_OFFER,,1,A202506,C2027Q1T06,V-SA,VIC1,1,21900.67
D,RESIDUE_PRICE_OFFER,,1,A202506,C2027Q1T06,V-SA,VIC1,1,21950.67
D,RESIDUE_PRICE_OFFER,,1,A202506,C2027Q1T06,V-SA,VIC1,1,22000.67
D,RESIDUE_PRICE_OFFER,,1,A202506,C2027Q1T06,V-SA,VIC1,2,16996
D,RESIDUE_PRICE_OFFER,,1,A202506,C2027Q1T06,V-SA,VIC1,2,17496
D,RESIDUE_PRICE_OFFER,,1,A202506,C2027Q1T06,V-SA,VIC1,2,17982
D,RESIDUE_PRICE_OFFER,,1,A202506,C2027Q1T06,V-SA,VIC1,2,18496
D,RESIDUE_PRICE_OFFER,,1,A202506,C2027Q1T06,V-SA,VIC1,2,19246
D,RESIDUE_PRICE_OFFER,,1,A202506,C2027Q1T06,V-SA,VIC1,73,0
D,RESIDUE_PRICE_OFFER,,1,A202506,C2027Q1T06,VIC1-NSW1,NSW1,1,7550.67
D,RESIDUE_PRICE_OFFER,,1,A202506,C2027Q1T06,VIC1-NSW1,NSW1,1,7600.67
D,RESIDUE_PRICE_OFFER,,1,A202506,C2027Q1T06,VIC1-NSW1,NSW1,1,7650.67
D,RESIDUE_PRICE_OFFER,,1,A202506,C2027Q1T06,VIC1-NSW1,NSW1,1,7700.67
D,RESIDUE_PRICE_OFFER,,1,A202506,C2027Q1T06,VIC1-NSW1,NSW1,1,7750.67
D,RESIDUE_PRICE_OFFER,,1,A202506,C2027Q1T06,VIC1-NSW1,NSW1,1,7800.67
D,RESIDUE_PRICE_OFFER,,1,A202506,C2027Q1T06,VIC1-NSW1,NSW1,1,7850.67
D,RESIDUE_PRICE_OFFER,,1,A202506,C2027Q1T06,VIC1-NSW1,NSW1,1,7900.67
D,RESIDUE_PRICE_OFFER,,1,A202506,C2027Q1T06,VIC1-NSW1,NSW1,1,7950.67
D,RESIDUE_PRICE_OFFER,,1,A202506,C2027Q1T06,VIC1-NSW1,NSW1,1,8000.67
D,RESIDUE_PRICE_OFFER,,1,A202506,C2027Q1T06,VIC1-NSW1,NSW1,1,8050.67
D,RESIDUE_PRICE_OFFER,,1,A202506,C2027Q1T06,VIC1-NSW1,NSW1,1,8100.67
D,RESIDUE_PRICE_OFFER,,1,A202506,C2027Q1T06,VIC1-NSW1,NSW1,1,8150.67
D,RESIDUE_PRICE_OFFER,,1,A202506,C2027Q1T06,VIC1-NSW1,NSW1,1,8200.67
D,RESIDUE_PRICE_OFFER,,1,A202506,C2027Q1T06,VIC1-NSW1,NSW1,1,8250.67
D,RESIDUE_PRICE_OFFER,,1,A202506,C2027Q1T06,VIC1-NSW1,NSW1,1,8300.67
D,RESIDUE_PRICE_OFFER,,1,A202506,C2027Q1T06,VIC1-NSW1,NSW1,1,8350.67
D,RESIDUE_PRICE_OFFER,,1,A202506,C2027Q1T06,VIC1-NSW1,NSW1,1,8400.67
D,RESIDUE_PRICE_OFFER,,1,A202506,C2027Q1T06,VIC1-NSW1,NSW1,1,8450.67
D,RESIDUE_PRICE_OFFER,,1,A202506,C2027Q1T06,VIC1-NSW1,NSW1,1,8500.67
D,RESIDUE_PRICE_OFFER,,1,A202506,C2027Q1T06,VIC1-NSW1,NSW1,4,7500
D,RESIDUE_PRICE_OFFER,,1,A202506,C2027Q1T06,VIC1-NSW1,NSW1,4,8500
D,RESIDUE_PRICE_OFFER,,1,A202506,C2027Q1T06,VIC1-NSW1,NSW1,108,0
D,RESIDUE_PRICE_OFFER,,1,A202506,C2027Q1T06,VIC1-NSW1,VIC1,1,18025.68
D,RESIDUE_PRICE_OFFER,,1,A202506,C2027Q1T06,VIC1-NSW1,VIC1,1,18050.68
D,RESIDUE_PRICE_OFFER,,1,A202506,C2027Q1T06,VIC1-NSW1,VIC1,1,18075.68
D,RESIDUE_PRICE_OFFER,,1,A202506,C2027Q1T06,VIC1-NSW1,VIC1,1,18100.68
D,RESIDUE_PRICE_OFFER,,1,A202506,C2027Q1T06,VIC1-NSW1,VIC1,1,18125.68
D,RESIDUE_PRICE_OFFER,,1,A202506,C2027Q1T06,VIC1-NSW1,VIC1,1,18150.68
D,RESIDUE_PRICE_OFFER,,1,A202506,C2027Q1T06,VIC1-NSW1,VIC1,1,18175.68
D,RESIDUE_PRICE_OFFER,,1,A202506,C2027Q1T06,VIC1-NSW1,VIC1,1,18200.68
D,RESIDUE_PRICE_OFFER,,1,A202506,C2027Q1T06,VIC1-NSW1,VIC1,1,18225.68
D,RESIDUE_PRICE_OFFER,,1,A202506,C2027Q1T06,VIC1-NSW1,VIC1,1,18250.68
D,RESIDUE_PRICE_OFFER,,1,A202506,C2027Q1T06,VIC1-NSW1,VIC1,1,18275.68
D,RESIDUE_PRICE_OFFER,,1,A202506,C2027Q1T06,VIC1-NSW1,VIC1,1,18300.68
D,RESIDUE_PRICE_OFFER,,1,A202506,C2027Q1T06,VIC1-NSW1,VIC1,1,18325.68
D,RESIDUE_PRICE_OFFER,,1,A202506,C2027Q1T06,VIC1-NSW1,VIC1,1,18350.68
D,RESIDUE_PRICE_OFFER,,1,A202506,C2027Q1T06,VIC1-NSW1,VIC1,1,18375.68
D,RESIDUE_PRICE_OFFER,,1,A202506,C2027Q1T06,VIC1-NSW1,VIC1,1,18400.68
D,RESIDUE_PRICE_OFFER,,1,A202506,C2027Q1T06,VIC1-NSW1,VIC1,1,18425.68
D,RESIDUE_PRICE_OFFER,,1,A202506,C2027Q1T06,VIC1-NSW1,VIC1,1,18450.68
D,RESIDUE_PRICE_OFFER,,1,A202506,C2027Q1T06,VIC1-NSW1,VIC1,1,18475.68
D,RESIDUE_PRICE_OFFER,,1,A202506,C2027Q1T06,VIC1-NSW1,VIC1,1,18500.68
D,RESIDUE_PRICE_OFFER,,1,A202506,C2027Q1T06,VIC1-NSW1,VIC1,5,34230
D,RESIDUE_PRICE_OFFER,,1,A202506,C2027Q1T06,VIC1-NSW1,VIC1,125,0
D,RESIDUE_PRICE_OFFER,,1,A202506,C2027Q2T05,NSW1-QLD1,NSW1,17,5000.109990
D,RESIDUE_PRICE_OFFER,,1,A202506,C2027Q2T05,NSW1-QLD1,NSW1,62,0
D,RESIDUE_PRICE_OFFER,,1,A202506,C2027Q2T05,NSW1-QLD1,QLD1,1,37040.379990
D,RESIDUE_PRICE_OFFER,,1,A202506,C2027Q2T05,NSW1-QLD1,QLD1,1,37080.379990
D,RESIDUE_PRICE_OFFER,,1,A202506,C2027Q2T05,NSW1-QLD1,QLD1,1,37120.379990
D,RESIDUE_PRICE_OFFER,,1,A202506,C2027Q2T05,NSW1-QLD1,QLD1,1,37160.379990
D,RESIDUE_PRICE_OFFER,,1,A202506,C2027Q2T05,NSW1-QLD1,QLD1,1,37200.379990
D,RESIDUE_PRICE_OFFER,,1,A202506,C2027Q2T05,NSW1-QLD1,QLD1,1,37240.379990
D,RESIDUE_PRICE_OFFER,,1,A202506,C2027Q2T05,NSW1-QLD1,QLD1,1,37280.379990
D,RESIDUE_PRICE_OFFER,,1,A202506,C2027Q2T05,NSW1-QLD1,QLD1,1,37320.379990
D,RESIDUE_PRICE_OFFER,,1,A202506,C2027Q2T05,NSW1-QLD1,QLD1,1,37360.379990
D,RESIDUE_PRICE_OFFER,,1,A202506,C2027Q2T05,NSW1-QLD1,QLD1,1,37400.379990
D,RESIDUE_PRICE_OFFER,,1,A202506,C2027Q2T05,NSW1-QLD1,QLD1,1,37440.379990
D,RESIDUE_PRICE_OFFER,,1,A202506,C2027Q2T05,NSW1-QLD1,QLD1,1,37480.379990
D,RESIDUE_PRICE_OFFER,,1,A202506,C2027Q2T05,NSW1-QLD1,QLD1,1,37520.379990
D,RESIDUE_PRICE_OFFER,,1,A202506,C2027Q2T05,NSW1-QLD1,QLD1,1,37560.379990
D,RESIDUE_PRICE_OFFER,,1,A202506,C2027Q2T05,NSW1-QLD1,QLD1,1,37600.379990
D,RESIDUE_PRICE_OFFER,,1,A202506,C2027Q2T05,NSW1-QLD1,QLD1,1,37640.379990
D,RESIDUE_PRICE_OFFER,,1,A202506,C2027Q2T05,NSW1-QLD1,QLD1,1,37680.379990
D,RESIDUE_PRICE_OFFER,,1,A202506,C2027Q2T05,NSW1-QLD1,QLD1,1,37720.379990
D,RESIDUE_PRICE_OFFER,,1,A202506,C2027Q2T05,NSW1-QLD1,QLD1,1,37760.379990
D,RESIDUE_PRICE_OFFER,,1,A202506,C2027Q2T05,NSW1-QLD1,QLD1,1,37800.379990
D,RESIDUE_PRICE_OFFER,,1,A202506,C2027Q2T05,NSW1-QLD1,QLD1,1,37840.379990
D,RESIDUE_PRICE_OFFER,,1,A202506,C2027Q2T05,NSW1-QLD1,QLD1,1,37880.379990
D,RESIDUE_PRICE_OFFER,,1,A202506,C2027Q2T05,NSW1-QLD1,QLD1,1,37920.379990
D,RESIDUE_PRICE_OFFER,,1,A202506,C2027Q2T05,NSW1-QLD1,QLD1,1,37960.379990
D,RESIDUE_PRICE_OFFER,,1,A202506,C2027Q2T05,NSW1-QLD1,QLD1,1,38000.379990
D,RESIDUE_PRICE_OFFER,,1,A202506,C2027Q2T05,NSW1-QLD1,QLD1,2,39011
D,RESIDUE_PRICE_OFFER,,1,A202506,C2027Q2T05,NSW1-QLD1,QLD1,2,40181.33
D,RESIDUE_PRICE_OFFER,,1,A202506,C2027Q2T05,NSW1-QLD1,QLD1,2,41386.7699
D,RESIDUE_PRICE_OFFER,,1,A202506,C2027Q2T05,NSW1-QLD1,QLD1,2,42628.3730
D,RESIDUE_PRICE_OFFER,,1,A202506,C2027Q2T05,NSW1-QLD1,QLD1,2,43907.224190
D,RESIDUE_PRICE_OFFER,,1,A202506,C2027Q2T05,NSW1-QLD1,QLD1,2,45224.440910
D,RESIDUE_PRICE_OFFER,,1,A202506,C2027Q2T05,NSW1-QLD1,QLD1,5,45465
D,RESIDUE_PRICE_OFFER,,1,A202506,C2027Q2T05,NSW1-QLD1,QLD1,108,0
D,RESIDUE_PRICE_OFFER,,1,A202506,C2027Q2T05,V-SA,SA1,64,0
D,RESIDUE_PRICE_OFFER,,1,A202506,C2027Q2T05,V-SA,VIC1,2,7995
D,RESIDUE_PRICE_OFFER,,1,A202506,C2027Q2T05,V-SA,VIC1,2,8745
D,RESIDUE_PRICE_OFFER,,1,A202506,C2027Q2T05,V-SA,VIC1,2,9495
D,RESIDUE_PRICE_OFFER,,1,A202506,C2027Q2T05,V-SA,VIC1,2,10245
D,RESIDUE_PRICE_OFFER,,1,A202506,C2027Q2T05,V-SA,VIC1,2,10995
D,RESIDUE_PRICE_OFFER,,1,A202506,C2027Q2T05,V-SA,VIC1,23,13000.67
D,RESIDUE_PRICE_OFFER,,1,A202506,C2027Q2T05,V-SA,VIC1,73,0
D,RESIDUE_PRICE_OFFER,,1,A202506,C2027Q2T05,VIC1-NSW1,NSW1,108,0
D,RESIDUE_PRICE_OFFER,,1,A202506,C2027Q2T05,VIC1-NSW1,VIC1,1,18020.68
D,RESIDUE_PRICE_OFFER,,1,A202506,C2027Q2T05,VIC1-NSW1,VIC1,1,18040.68
D,RESIDUE_PRICE_OFFER,,1,A202506,C2027Q2T05,VIC1-NSW1,VIC1,1,18060.68
D,RESIDUE_PRICE_OFFER,,1,A202506,C2027Q2T05,VIC1-NSW1,VIC1,1,18080.68
D,RESIDUE_PRICE_OFFER,,1,A202506,C2027Q2T05,VIC1-NSW1,VIC1,1,18100.68
D,RESIDUE_PRICE_OFFER,,1,A202506,C2027Q2T05,VIC1-NSW1,VIC1,1,18120.68
D,RESIDUE_PRICE_OFFER,,1,A202506,C2027Q2T05,VIC1-NSW1,VIC1,1,18140.68
D,RESIDUE_PRICE_OFFER,,1,A202506,C2027Q2T05,VIC1-NSW1,VIC1,1,18160.68
D,RESIDUE_PRICE_OFFER,,1,A202506,C2027Q2T05,VIC1-NSW1,VIC1,1,18180.68
D,RESIDUE_PRICE_OFFER,,1,A202506,C2027Q2T05,VIC1-NSW1,VIC1,1,18200.68
D,RESIDUE_PRICE_OFFER,,1,A202506,C2027Q2T05,VIC1-NSW1,VIC1,1,18220.68
D,RESIDUE_PRICE_OFFER,,1,A202506,C2027Q2T05,VIC1-NSW1,VIC1,1,18240.68
D,RESIDUE_PRICE_OFFER,,1,A202506,C2027Q2T05,VIC1-NSW1,VIC1,1,18260.68
D,RESIDUE_PRICE_OFFER,,1,A202506,C2027Q2T05,VIC1-NSW1,VIC1,1,18280.68
D,RESIDUE_PRICE_OFFER,,1,A202506,C2027Q2T05,VIC1-NSW1,VIC1,1,18300.68
D,RESIDUE_PRICE_OFFER,,1,A202506,C2027Q2T05,VIC1-NSW1,VIC1,1,18320.68
D,RESIDUE_PRICE_OFFER,,1,A202506,C2027Q2T05,VIC1-NSW1,VIC1,1,18340.68
D,RESIDUE_PRICE_OFFER,,1,A202506,C2027Q2T05,VIC1-NSW1,VIC1,1,18360.68
D,RESIDUE_PRICE_OFFER,,1,A202506,C2027Q2T05,VIC1-NSW1,VIC1,1,18380.68
D,RESIDUE_PRICE_OFFER,,1,A202506,C2027Q2T05,VIC1-NSW1,VIC1,1,18400.68
D,RESIDUE_PRICE_OFFER,,1,A202506,C2027Q2T05,VIC1-NSW1,VIC1,1,18420.68
D,RESIDUE_PRICE_OFFER,,1,A202506,C2027Q2T05,VIC1-NSW1,VIC1,1,18440.68
D,RESIDUE_PRICE_OFFER,,1,A202506,C2027Q2T05,VIC1-NSW1,VIC1,1,18460.68
D,RESIDUE_PRICE_OFFER,,1,A202506,C2027Q2T05,VIC1-NSW1,VIC1,1,18480.68
D,RESIDUE_PRICE_OFFER,,1,A202506,C2027Q2T05,VIC1-NSW1,VIC1,1,18500.68
D,RESIDUE_PRICE_OFFER,,1,A202506,C2027Q2T05,VIC1-NSW1,VIC1,5,29400
D,RESIDUE_PRICE_OFFER,,1,A202506,C2027Q2T05,VIC1-NSW1,VIC1,10,18237
D,RESIDUE_PRICE_OFFER,,1,A202506,C2027Q2T05,VIC1-NSW1,VIC1,125,0
D,RESIDUE_PRICE_OFFER,,1,A202506,C2027Q3T04,NSW1-QLD1,NSW1,62,0
D,RESIDUE_PRICE_OFFER,,1,A202506,C2027Q3T04,NSW1-QLD1,QLD1,1,37040.379990
D,RESIDUE_PRICE_OFFER,,1,A202506,C2027Q3T04,NSW1-QLD1,QLD1,1,37080.379990
D,RESIDUE_PRICE_OFFER,,1,A202506,C2027Q3T04,NSW1-QLD1,QLD1,1,37120.379990
D,RESIDUE_PRICE_OFFER,,1,A202506,C2027Q3T04,NSW1-QLD1,QLD1,1,37160.379990
D,RESIDUE_PRICE_OFFER,,1,A202506,C2027Q3T04,NSW1-QLD1,QLD1,1,37200.379990
D,RESIDUE_PRICE_OFFER,,1,A202506,C2027Q3T04,NSW1-QLD1,QLD1,1,37240.379990
D,RESIDUE_PRICE_OFFER,,1,A202506,C2027Q3T04,NSW1-QLD1,QLD1,1,37280.379990
D,RESIDUE_PRICE_OFFER,,1,A202506,C2027Q3T04,NSW1-QLD1,QLD1,1,37320.379990
D,RESIDUE_PRICE_OFFER,,1,A202506,C2027Q3T04,NSW1-QLD1,QLD1,1,37360.379990
D,RESIDUE_PRICE_OFFER,,1,A202506,C2027Q3T04,NSW1-QLD1,QLD1,1,37400.379990
D,RESIDUE_PRICE_OFFER,,1,A202506,C2027Q3T04,NSW1-QLD1,QLD1,1,37440.379990
D,RESIDUE_PRICE_OFFER,,1,A202506,C2027Q3T04,NSW1-QLD1,QLD1,1,37480.379990
D,RESIDUE_PRICE_OFFER,,1,A202506,C2027Q3T04,NSW1-QLD1,QLD1,1,37520.379990
D,RESIDUE_PRICE_OFFER,,1,A202506,C2027Q3T04,NSW1-QLD1,QLD1,1,37560.379990
D,RESIDUE_PRICE_OFFER,,1,A202506,C2027Q3T04,NSW1-QLD1,QLD1,1,37600.379990
D,RESIDUE_PRICE_OFFER,,1,A202506,C2027Q3T04,NSW1-QLD1,QLD1,1,37640.379990
D,RESIDUE_PRICE_OFFER,,1,A202506,C2027Q3T04,NSW1-QLD1,QLD1,1,37680.379990
D,RESIDUE_PRICE_OFFER,,1,A202506,C2027Q3T04,NSW1-QLD1,QLD1,1,37720.379990
D,RESIDUE_PRICE_OFFER,,1,A202506,C2027Q3T04,NSW1-QLD1,QLD1,1,37760.379990
D,RESIDUE_PRICE_OFFER,,1,A202506,C2027Q3T04,NSW1-QLD1,QLD1,1,37800.379990
D,RESIDUE_PRICE_OFFER,,1,A202506,C2027Q3T04,NSW1-QLD1,QLD1,1,37840.379990
D,RESIDUE_PRICE_OFFER,,1,A202506,C2027Q3T04,NSW1-QLD1,QLD1,1,37880.379990
D,RESIDUE_PRICE_OFFER,,1,A202506,C2027Q3T04,NSW1-QLD1,QLD1,1,37920.379990
D,RESIDUE_PRICE_OFFER,,1,A202506,C2027Q3T04,NSW1-QLD1,QLD1,1,37960.379990
D,RESIDUE_PRICE_OFFER,,1,A202506,C2027Q3T04,NSW1-QLD1,QLD1,1,38000.379990
D,RESIDUE_PRICE_OFFER,,1,A202506,C2027Q3T04,NSW1-QLD1,QLD1,108,0
D,RESIDUE_PRICE_OFFER,,1,A202506,C2027Q3T04,V-SA,SA1,64,0
D,RESIDUE_PRICE_OFFER,,1,A202506,C2027Q3T04,V-SA,VIC1,2,13000.67
D,RESIDUE_PRICE_OFFER,,1,A202506,C2027Q3T04,V-SA,VIC1,73,0
D,RESIDUE_PRICE_OFFER,,1,A202506,C2027Q3T04,VIC1-NSW1,NSW1,1,2976.22
D,RESIDUE_PRICE_OFFER,,1,A202506,C2027Q3T04,VIC1-NSW1,NSW1,108,0
D,RESIDUE_PRICE_OFFER,,1,A202506,C2027Q3T04,VIC1-NSW1,VIC1,1,20020.68
D,RESIDUE_PRICE_OFFER,,1,A202506,C2027Q3T04,VIC1-NSW1,VIC1,1,20040.68
D,RESIDUE_PRICE_OFFER,,1,A202506,C2027Q3T04,VIC1-NSW1,VIC1,1,20060.68
D,RESIDUE_PRICE_OFFER,,1,A202506,C2027Q3T04,VIC1-NSW1,VIC1,1,20080.68
D,RESIDUE_PRICE_OFFER,,1,A202506,C2027Q3T04,VIC1-NSW1,VIC1,1,20100.68
D,RESIDUE_PRICE_OFFER,,1,A202506,C2027Q3T04,VIC1-NSW1,VIC1,1,20120.68
D,RESIDUE_PRICE_OFFER,,1,A202506,C2027Q3T04,VIC1-NSW1,VIC1,1,20140.68
D,RESIDUE_PRICE_OFFER,,1,A202506,C2027Q3T04,VIC1-NSW1,VIC1,1,20160.68
D,RESIDUE_PRICE_OFFER,,1,A202506,C2027Q3T04,VIC1-NSW1,VIC1,1,20180.68
D,RESIDUE_PRICE_OFFER,,1,A202506,C2027Q3T04,VIC1-NSW1,VIC1,1,20200.68
D,RESIDUE_PRICE_OFFER,,1,A202506,C2027Q3T04,VIC1-NSW1,VIC1,1,20220.68
D,RESIDUE_PRICE_OFFER,,1,A202506,C2027Q3T04,VIC1-NSW1,VIC1,1,20240.68
D,RESIDUE_PRICE_OFFER,,1,A202506,C2027Q3T04,VIC1-NSW1,VIC1,1,20260.68
D,RESIDUE_PRICE_OFFER,,1,A202506,C2027Q3T04,VIC1-NSW1,VIC1,1,20280.68
D,RESIDUE_PRICE_OFFER,,1,A202506,C2027Q3T04,VIC1-NSW1,VIC1,1,20300.68
D,RESIDUE_PRICE_OFFER,,1,A202506,C2027Q3T04,VIC1-NSW1,VIC1,1,20320.68
D,RESIDUE_PRICE_OFFER,,1,A202506,C2027Q3T04,VIC1-NSW1,VIC1,1,20340.68
D,RESIDUE_PRICE_OFFER,,1,A202506,C2027Q3T04,VIC1-NSW1,VIC1,1,20360.68
D,RESIDUE_PRICE_OFFER,,1,A202506,C2027Q3T04,VIC1-NSW1,VIC1,1,20380.68
D,RESIDUE_PRICE_OFFER,,1,A202506,C2027Q3T04,VIC1-NSW1,VIC1,1,20400.68
D,RESIDUE_PRICE_OFFER,,1,A202506,C2027Q3T04,VIC1-NSW1,VIC1,1,20420.68
D,RESIDUE_PRICE_OFFER,,1,A202506,C2027Q3T04,VIC1-NSW1,VIC1,1,20440.68
D,RESIDUE_PRICE_OFFER,,1,A202506,C2027Q3T04,VIC1-NSW1,VIC1,1,20460.68
D,RESIDUE_PRICE_OFFER,,1,A202506,C2027Q3T04,VIC1-NSW1,VIC1,1,20480.68
D,RESIDUE_PRICE_OFFER,,1,A202506,C2027Q3T04,VIC1-NSW1,VIC1,1,20500.68
D,RESIDUE_PRICE_OFFER,,1,A202506,C2027Q3T04,VIC1-NSW1,VIC1,125,0
D,RESIDUE_PRICE_OFFER,,1,A202506,C2027Q4T03,NSW1-QLD1,NSW1,2,12500
D,RESIDUE_PRICE_OFFER,,1,A202506,C2027Q4T03,NSW1-QLD1,NSW1,62,0
D,RESIDUE_PRICE_OFFER,,1,A202506,C2027Q4T03,NSW1-QLD1,QLD1,6,24000.38
D,RESIDUE_PRICE_OFFER,,1,A202506,C2027Q4T03,NSW1-QLD1,QLD1,108,0
D,RESIDUE_PRICE_OFFER,,1,A202506,C2027Q4T03,V-SA,SA1,64,0
D,RESIDUE_PRICE_OFFER,,1,A202506,C2027Q4T03,V-SA,VIC1,1,11103
D,RESIDUE_PRICE_OFFER,,1,A202506,C2027Q4T03,V-SA,VIC1,1,13557
D,RESIDUE_PRICE_OFFER,,1,A202506,C2027Q4T03,V-SA,VIC1,1,13963.71
D,RESIDUE_PRICE_OFFER,,1,A202506,C2027Q4T03,V-SA,VIC1,1,14382.6213
D,RESIDUE_PRICE_OFFER,,1,A202506,C2027Q4T03,V-SA,VIC1,1,14814.099940
D,RESIDUE_PRICE_OFFER,,1,A202506,C2027Q4T03,V-SA,VIC1,1,15258.522940
D,RESIDUE_PRICE_OFFER,,1,A202506,C2027Q4T03,V-SA,VIC1,1,15716.278630
D,RESIDUE_PRICE_OFFER,,1,A202506,C2027Q4T03,V-SA,VIC1,73,0
D,RESIDUE_PRICE_OFFER,,1,A202506,C2027Q4T03,VIC1-NSW1,NSW1,108,0
D,RESIDUE_PRICE_OFFER,,1,A202506,C2027Q4T03,VIC1-NSW1,VIC1,125,0
D,RESIDUE_PRICE_OFFER,,1,A202506,C2028Q1T02,NSW1-QLD1,NSW1,5,23000
D,RESIDUE_PRICE_OFFER,,1,A202506,C2028Q1T02,NSW1-QLD1,NSW1,62,0
D,RESIDUE_PRICE_OFFER,,1,A202506,C2028Q1T02,NSW1-QLD1,QLD1,108,0
D,RESIDUE_PRICE_OFFER,,1,A202506,C2028Q1T02,V-SA,SA1,64,0
D,RESIDUE_PRICE_OFFER,,1,A202506,C2028Q1T02,V-SA,VIC1,1,19621
D,RESIDUE_PRICE_OFFER,,1,A202506,C2028Q1T02,V-SA,VIC1,1,20209.63
D,RESIDUE_PRICE_OFFER,,1,A202506,C2028Q1T02,V-SA,VIC1,1,20815.9189
D,RESIDUE_PRICE_OFFER,,1,A202506,C2028Q1T02,V-SA,VIC1,1,21440.396470
D,RESIDUE_PRICE_OFFER,,1,A202506,C2028Q1T02,V-SA,VIC1,1,22746.52
D,RESIDUE_PRICE_OFFER,,1,A202506,C2028Q1T02,V-SA,VIC1,73,0
D,RESIDUE_PRICE_OFFER,,1,A202506,C2028Q1T02,VIC1-NSW1,NSW1,5,7000.67
D,RESIDUE_PRICE_OFFER,,1,A202506,C2028Q1T02,VIC1-NSW1,NSW1,8,4500.72
D,RESIDUE_PRICE_OFFER,,1,A202506,C2028Q1T02,VIC1-NSW1,NSW1,108,0
D,RESIDUE_PRICE_OFFER,,1,A202506,C2028Q1T02,VIC1-NSW1,VIC1,125,0
D,RESIDUE_PRICE_OFFER,,1,A202506,C2028Q2T01,NSW1-QLD1,NSW1,62,0
D,RESIDUE_PRICE_OFFER,,1,A202506,C2028Q2T01,NSW1-QLD1,QLD1,108,0
D,RESIDUE_PRICE_OFFER,,1,A202506,C2028Q2T01,V-SA,SA1,64,0
D,RESIDUE_PRICE_OFFER,,1,A202506,C2028Q2T01,V-SA,VIC1,73,0
D,RESIDUE_PRICE_OFFER,,1,A202506,C2028Q2T01,VIC1-NSW1,NSW1,108,0
D,RESIDUE_PRICE_OFFER,,1,A202506,C2028Q2T01,VIC1-NSW1,VIC1,125,0
C,"END OF REPORT",1046
