asset_code,asset_name,network,state,latitude,longitude,capacity_mva,peak_demand_mva,available_mva,annual_deferral_aud,aug_cost_aud,proposed_timing,asset_category,data_year,data_source_file,built_at
AG_DARLINGHURST,DARLINGHURST,Ausgrid,NSW,-33.878199,151.21758,,,-16800000.0,1000000.0,16800000.0,2028,Summer,2025,Dec 2023 DAPR,2026-05-08T14:08:45.864833
AG_MILPERRA,MILPERRA,Ausgrid,NSW,-33.93814413,150.9990541,,,-13000000.0,770000.0,0.0,2025,Winter,2025,Dec 2023 DAPR,2026-05-08T14:08:45.864833
AG_PYMBLE,PYMBLE,Ausgrid,NSW,-33.748706,151.14531,,,-16000000.0,950000.0,0.0,2027,Winter,2025,Dec 2023 DAPR,2026-05-08T14:08:45.864833
AG_TS7220,WILLOUGHBY STS ,Ausgrid,NSW,-33.8170872,151.1854526,,,-23100000.0,1370000.0,0.0,2027,Summer,2025,Dec 2023 DAPR,2026-05-08T14:08:45.864833
AG_MACQUARIE,MACQUARIE STS,Ausgrid,NSW,-33.787249,151.13233,,,-8100000.0,480000.0,8100000.0,2025,Winter,2025,Dec 2023 DAPR,2026-05-08T14:08:45.864833
AG_WALLUMATTA,WALLUMATTA STS,Ausgrid,NSW,-33.787249,151.13233,,,-0.0,0.0,0.0,2028,,2025,Dec 2023 DAPR,2026-05-08T14:08:45.864833
AG_Fdr 386,FDR 386 SURRY HILLS STS - DARLINGHURST TX 4,Ausgrid,NSW,-33.882476,151.21223,,,-16800000.0,1000000.0,16800000.0,2028,Summer,2025,Dec 2023 DAPR,2026-05-08T14:08:45.864833
AG_Fdr 9E1,FDR 9E1 SYDNEY EAST BSP - KURINGAI STS,Ausgrid,NSW,-33.72595648,151.2083165,,,-10400000.0,620000.0,0.0,2025,Summer,2025,Dec 2023 DAPR,2026-05-08T14:08:45.864833
AG_Fdr 9E2,FDR 9E2 SYDNEY EAST BSP - KURINGAI STS,Ausgrid,NSW,-33.72595648,151.2083165,,,-10400000.0,620000.0,0.0,2025,Summer,2025,Dec 2023 DAPR,2026-05-08T14:08:45.864833
AG_Fdr 769,FDR 769 PEAKHURST STS - BLAKEHURST,Ausgrid,NSW,-33.96588876,151.0626045,,,-14900000.0,890000.0,0.0,2026,Summer,2025,Dec 2023 DAPR,2026-05-08T14:08:45.864833
AG_Fdr 770,FDR 770 PEAKHURST STS - BLAKEHURST,Ausgrid,NSW,-33.96588876,151.0626045,,,-14900000.0,890000.0,0.0,2026,Summer,2025,Dec 2023 DAPR,2026-05-08T14:08:45.864833
AG_Fdr 91A,FDR 91A - BEACONSFIELD BSP TO ST PETERS ZS,Ausgrid,NSW,-33.91501442,151.1871919,,,-20300000.0,1210000.0,0.0,2029,Summer,2025,Dec 2023 DAPR,2026-05-08T14:08:45.864833
AG_Fdr 91B,FDR 91B - BEACONSFIELD BSP TO ST PETERS ZS,Ausgrid,NSW,-33.91501442,151.1871919,,,-20300000.0,1210000.0,0.0,2029,Summer,2025,Dec 2023 DAPR,2026-05-08T14:08:45.864833
AG_Fdr 91X/1,FDR 91X/1 - BEACONSFIELD BSP TO MARRICKVILLE ZS,Ausgrid,NSW,-33.91501442,151.1871919,,,-1030000.0,60000.0,0.0,2028,Summer,2025,Dec 2023 DAPR,2026-05-08T14:08:45.864833
AG_Fdr 91Y/1,FDR 91Y/1 - BEACONSFIELD BSP TO MARRICKVILLE ZS,Ausgrid,NSW,-33.91501442,151.1871919,,,-1030000.0,60000.0,0.0,2028,Summer,2025,Dec 2023 DAPR,2026-05-08T14:08:45.864833
AG_Fdr 91X/2,FDR 91X/2 - CHULLORA STSS TO MARRICKVILLE ZS,Ausgrid,NSW,-33.87887533,151.0658314,,,-3200000.0,190000.0,3200000.0,2028,Summer,2025,Dec 2023 DAPR,2026-05-08T14:08:45.864833
AG_Fdr 91Y/2,FDR 91Y/2 - CHULLORA STSS TO MARRICKVILLE ZS,Ausgrid,NSW,-33.87887533,151.0658314,,,-3200000.0,190000.0,3200000.0,2028,Summer,2025,Dec 2023 DAPR,2026-05-08T14:08:45.864833
AG_Fdr 92C,FDR 92C - CHULLORA STSS TO ST PETERS ZS,Ausgrid,NSW,-33.87887533,151.0658314,,,-3500000.0,210000.0,3500000.0,2028,Summer,2025,Dec 2023 DAPR,2026-05-08T14:08:45.864833
AG_Fdr 92X,FDR 92X - CHULLORA STSS TO ST PETERS ZS,Ausgrid,NSW,-33.87887533,151.0658314,,,-3500000.0,210000.0,3500000.0,2028,Summer,2025,Dec 2023 DAPR,2026-05-08T14:08:45.864833
AS_BDL,BAIRNSDALE,AusNet Services,VIC,-37.80837,147.64766,,,-0.0,0.0,0.0,2025,Summer,2025,Dec 2023 DAPR,2026-05-08T14:08:45.864833
AS_BGE,BELGRAVE,AusNet Services,VIC,-37.93034,145.36099,,,-0.0,0.0,0.0,2023,Summer,2025,Dec 2023 DAPR,2026-05-08T14:08:45.864833
AS_BN,BENALLA,AusNet Services,VIC,-36.55601,145.96176,,,-0.0,0.0,0.0,2023,Summer,2025,Dec 2023 DAPR,2026-05-08T14:08:45.864833
AS_BWR,BAYSWATER,AusNet Services,VIC,-37.83473,145.27189,,,-0.0,0.0,0.0,2025,Summer,2025,Dec 2023 DAPR,2026-05-08T14:08:45.864833
AS_CLN,CLYDE NORTH,AusNet Services,VIC,-38.09483,145.33297,,,-0.0,0.0,0.0,2024,"Summer, Winter",2025,Dec 2023 DAPR,2026-05-08T14:08:45.864833
AS_FGY,FERNTREE GULLY,AusNet Services,VIC,-37.8934,145.29245,,,-0.0,0.0,0.0,2023,Summer,2025,Dec 2023 DAPR,2026-05-08T14:08:45.864833
AS_LDL,LILYDALE,AusNet Services,VIC,-37.76354,145.35806,,,-0.0,0.0,0.0,2025,Summer,2025,Dec 2023 DAPR,2026-05-08T14:08:45.864833
AS_LLG,LANG LANG,AusNet Services,VIC,-38.26753,145.55641,,,-0.0,0.0,0.0,2023,Winter,2025,Dec 2023 DAPR,2026-05-08T14:08:45.864833
AS_MFA,MAFFRA,AusNet Services,VIC,-37.97089,146.9821,,,-0.0,0.0,0.0,2024,Summer,2025,Dec 2023 DAPR,2026-05-08T14:08:45.864833
AS_NLA,NEWMERELLA,AusNet Services,VIC,-37.73931,148.42519,,,-3500000.0,340000.0,0.0,2026,"Summer, Winter",2025,Dec 2023 DAPR,2026-05-08T14:08:45.864833
AS_SLE,SALE,AusNet Services,VIC,-38.10125,147.09592,,,-0.0,0.0,0.0,2023,Summer,2025,Dec 2023 DAPR,2026-05-08T14:08:45.864833
AS_TGN,TRARALGON,AusNet Services,VIC,-38.18926,146.56011,,,-7640000.0,740000.0,0.0,2030,"Summer, Winter",2025,Dec 2023 DAPR,2026-05-08T14:08:45.864833
AS_TT,THOMASTOWN,AusNet Services,VIC,-37.69088,145.01077,,,-6750000.0,660000.0,0.0,2030,"Summer, Winter",2025,Dec 2023 DAPR,2026-05-08T14:08:45.864833
AS_WGL,WARRAGUL,AusNet Services,VIC,-38.15383,145.94307,,,-0.0,0.0,0.0,2027,"Summer, Winter",2025,Dec 2023 DAPR,2026-05-08T14:08:45.864833
AS_WT,WATSONIA,AusNet Services,VIC,-37.71335,145.08575,,,-0.0,0.0,0.0,2027,Summer,2025,Dec 2023 DAPR,2026-05-08T14:08:45.864833
CP_B,COLLINGWOOD B,CitiPower,VIC,-37.806827,144.99128,,,-12200000.0,940000.0,0.0,2026,"Summer, Winter",2025,Dec 2023 DAPR (annual data); Dec 2021 DAPR (load trace data); (No CitiPower review),2026-05-08T14:08:45.864833
CP_BQ,BOUVERIE/QUEENS,CitiPower,VIC,-37.805209,144.961347,,,-4500000.0,350000.0,4500000.0,2028,"Summer, Winter",2025,Dec 2023 DAPR (annual data); Dec 2021 DAPR (load trace data); (No CitiPower review),2026-05-08T14:08:45.864833
CP_F,FITZROY,CitiPower,VIC,-37.787322,144.989626,,,-56700000.0,4370000.0,56700000.0,2028,"Summer, Winter",2025,Dec 2023 DAPR (annual data); Dec 2021 DAPR (load trace data); (No CitiPower review),2026-05-08T14:08:45.864833
CP_PM,PORT MELBOURNE,CitiPower,VIC,-37.832811,144.925983,,,-17500000.0,1350000.0,17500000.0,2028,"Summer, Winter",2025,Dec 2023 DAPR (annual data); Dec 2021 DAPR (load trace data); (No CitiPower review),2026-05-08T14:08:45.864833
CP_R,RICHMOND,CitiPower,VIC,-37.832457,144.993954,,,-70000000.0,5390000.0,70000000.0,2028,"Summer, Winter",2025,Dec 2023 DAPR (annual data); Dec 2021 DAPR (load trace data); (No CitiPower review),2026-05-08T14:08:45.864833
CP_AP,ALBERT PARK,CitiPower,VIC,-37.836781,144.958192,,,-1600000.0,120000.0,0.0,2024,Summer,2025,Dec 2023 DAPR (annual data); Dec 2021 DAPR (load trace data); (No CitiPower review),2026-05-08T14:08:45.864833
CP_FB,FISHERMANS BEND,CitiPower,VIC,-37.824652,144.910653,,,-1700000.0,130000.0,0.0,2025,Winter,2025,Dec 2023 DAPR (annual data); Dec 2021 DAPR (load trace data); (No CitiPower review),2026-05-08T14:08:45.864833
CP_NR,NORTH RICHMOND,CitiPower,VIC,-37.8140979,144.9988229,,,-3800000.0,290000.0,0.0,2027,Summer,2025,Dec 2023 DAPR (annual data); Dec 2021 DAPR (load trace data); (No CitiPower review),2026-05-08T14:08:45.864833
CP_TK,TOORAK,CitiPower,VIC,-37.843783,145.004572,,,-1200000.0,90000.0,0.0,2026,"Summer, Winter",2025,Dec 2023 DAPR (annual data); Dec 2021 DAPR (load trace data); (No CitiPower review),2026-05-08T14:08:45.864833
CP_WA,HEFFERNAN LANE,CitiPower,VIC,-37.81158591,144.9663893,,,-4000000.0,310000.0,0.0,2028,Summer,2025,Dec 2023 DAPR (annual data); Dec 2021 DAPR (load trace data); (No CitiPower review),2026-05-08T14:08:45.864833
CP_JA,LITTLE BOURKE STREET,CitiPower,VIC,-37.81574286,144.9534124,,,-1200000.0,90000.0,0.0,2024,"Summer, Winter",2025,Dec 2023 DAPR (annual data); Dec 2021 DAPR (load trace data); (No CitiPower review),2026-05-08T14:08:45.864833
CP_B-CW,COLLINGWOOD TERMINAL STATIONS,CitiPower,VIC,-37.806827,144.99128,,,-150000.0,10000.0,150000.0,2026,Summer,2025,Dec 2023 DAPR (annual data); Dec 2021 DAPR (load trace data); (No CitiPower review),2026-05-08T14:08:45.864833
CP_BTS-F189,BRUNSWICK TERMINAL STATION TO FITZROY - F189,CitiPower,VIC,-37.772754,144.984504,,,-67900000.0,5230000.0,67900000.0,2026,"Summer, Winter",2025,Dec 2023 DAPR (annual data); Dec 2021 DAPR (load trace data); (No CitiPower review),2026-05-08T14:08:45.864833
CP_BTS-F179,BRUNSWICK TERMINAL STATION TO FITZROY - F179,CitiPower,VIC,-37.772754,144.984504,,,-67900000.0,5230000.0,67900000.0,2026,"Summer, Winter",2025,Dec 2023 DAPR (annual data); Dec 2021 DAPR (load trace data); (No CitiPower review),2026-05-08T14:08:45.864833
CP_RTS-R135,RICHMOND SUBSTATION TO RICHMOND TERMINAL STATION - R135,CitiPower,VIC,-37.832457,144.993954,,,-70000000.0,5390000.0,70000000.0,2026,"Summer, Winter",2025,Dec 2023 DAPR (annual data); Dec 2021 DAPR (load trace data); (No CitiPower review),2026-05-08T14:08:45.864833
CP_RTS-R136,RICHMOND SUBSTATION TO RICHMOND TERMINAL STATION - R136,CitiPower,VIC,-37.832457,144.993954,,,-70000000.0,5390000.0,70000000.0,2026,"Summer, Winter",2025,Dec 2023 DAPR (annual data); Dec 2021 DAPR (load trace data); (No CitiPower review),2026-05-08T14:08:45.864833
EE_9604,AMBARVALE,Endeavour Energy,NSW,-34.100323,150.791926,,,-19700000.0,1130000.0,19700000.0,2028,Summer,2025,Dec 2023 DAPR,2026-05-08T14:08:45.864833
EE_9804,BOX HILL,Endeavour Energy,NSW,-33.637224,150.898978,,,-18000000.0,1040000.0,18000000.0,2028,Summer,2025,Dec 2023 DAPR,2026-05-08T14:08:45.864833
EE_9707,EASTERN CREEK,Endeavour Energy,NSW,-33.812302,150.833287,,,-4800000.0,280000.0,4800000.0,2029,Summer,2025,Dec 2023 DAPR,2026-05-08T14:08:45.864833
EE_9700,KEMBLA GRANGE,Endeavour Energy,NSW,-34.468337,150.805984,,,-24400000.0,1410000.0,24400000.0,2030,Summer,2025,Dec 2023 DAPR,2026-05-08T14:08:45.864833
EE_9536,LUDDENHAM,Endeavour Energy,NSW,-33.838821,150.684136,,,-16800000.0,970000.0,16800000.0,2028,Summer,2025,Dec 2023 DAPR,2026-05-08T14:08:45.864833
EE_9768,ORAN PARK,Endeavour Energy,NSW,-33.996933,150.725465,,,-26200000.0,1510000.0,26200000.0,2028,"Summer, Winter",2025,Dec 2023 DAPR,2026-05-08T14:08:45.864833
EE_9507,RIVERSTONE,Endeavour Energy,NSW,-33.673389,150.858732,,,-25400000.0,1460000.0,25400000.0,2028,"Summer, Winter",2025,Dec 2023 DAPR,2026-05-08T14:08:45.864833
EE_Moreton Park Road ZS,MORETON PARK ROAD,Endeavour Energy,NSW,-34.093151,150.751829,,,-20600000.0,1190000.0,20600000.0,2028,"Summer, Winter",2025,Dec 2023 DAPR,2026-05-08T14:08:45.864833
EE_Southern Macarthur 66kV,SOUTHERN MACARTHUR 66KV,Endeavour Energy,NSW,-34.072102,150.73224,,,-8300000.000000001,480000.0,8300000.000000001,2027,"Summer, Winter",2025,Dec 2023 DAPR,2026-05-08T14:08:45.864833
EE_Parramatta area 132kV oil insulated cables,PARRAMATTA AREA 132KV OIL INSULATED CABLES,Endeavour Energy,NSW,-33.824824,151.030938,,,-41800000.0,2410000.0,0.0,2029,,2025,Dec 2023 DAPR,2026-05-08T14:08:45.864833
EE_Parramatta 132kV cable capacity constraints,PARRAMATTA 132KV CABLE CAPACITY CONSTRAINTS,Endeavour Energy,NSW,-33.824824,151.030938,,,-4700000.0,270000.0,4700000.0,2029,Winter,2025,Dec 2023 DAPR,2026-05-08T14:08:45.864833
EX_EMD,EUMUNDI,Energex,QLD,-26.4824,152.9444,,,-560000.0,30000.0,560000.0,2025,Winter,2025,Dec 2023 DAPR,2026-05-08T14:08:45.864833
EX_LGV,LOGAN VILLAGE,Energex,QLD,-27.7701,153.1092,,,-11620000.0,690000.0,11620000.0,2027,Summer,2025,Dec 2023 DAPR,2026-05-08T14:08:45.864833
EX_NMC,NORTH MACLEAN,Energex,QLD,-27.7444,152.9861,,,-30450000.0,1800000.0,30450000.0,2028,Summer,2025,Dec 2023 DAPR,2026-05-08T14:08:45.864833
EX_PPE,PIMPAMA EAST,Energex,QLD,-27.8112,153.3356,,,-19140000.0,1130000.0,19140000.0,2027,Summer,2025,Dec 2023 DAPR,2026-05-08T14:08:45.864833
EX_WMR,WAMURAN,Energex,QLD,-27.0353,152.8556,,,-820000.0,50000.0,820000.0,2027,Summer,2025,Dec 2023 DAPR,2026-05-08T14:08:45.864833
EX_581,33 KV FEEDER 581,Energex,QLD,-27.448,153.111,,,-1320000.0,80000.0,1320000.0,2025,"Summer, Winter",2025,Dec 2023 DAPR,2026-05-08T14:08:45.864833
EX_677,33 KV FEEDER 677,Energex,QLD,-27.448,153.111,,,-0.0,0.0,0.0,2025,"Summer, Winter",2025,Dec 2023 DAPR,2026-05-08T14:08:45.864833
EX_3641,33 KV FEEDER 3641,Energex,QLD,-27.855,153.293,,,-6380000.0,380000.0,6380000.0,2027,"Summer, Winter",2025,Dec 2023 DAPR,2026-05-08T14:08:45.864833
EX_3642,33 KV FEEDER 3642,Energex,QLD,-27.855,153.293,,,-150000.0,10000.0,150000.0,2025,"Summer, Winter",2025,Dec 2023 DAPR,2026-05-08T14:08:45.864833
EX_314,33 KV FEEDER 314,Energex,QLD,-27.965,152.993,,,-16170000.000000002,960000.0,16170000.000000002,2027,"Summer, Winter",2025,Dec 2023 DAPR,2026-05-08T14:08:45.864833
EX_436,33 KV FEEDER 436,Energex,QLD,-27.640174,152.687503,,,-150000.0,10000.0,150000.0,2027,"Summer, Winter",2025,Dec 2023 DAPR,2026-05-08T14:08:45.864833
EX_499,33 KV FEEDER 499,Energex,QLD,-27.065188,152.963122,,,-150000.0,10000.0,150000.0,2025,"Summer, Winter",2025,Dec 2023 DAPR,2026-05-08T14:08:45.864833
EX_509A,33 KV FEEDER 509A,Energex,QLD,-27.630686,152.778882,,,-150000.0,10000.0,150000.0,2027,"Summer, Winter",2025,Dec 2023 DAPR,2026-05-08T14:08:45.864833
EX_510A,33 KV FEEDER 510A,Energex,QLD,-27.630686,152.778882,,,-0.0,0.0,0.0,2027,"Summer, Winter",2025,Dec 2023 DAPR,2026-05-08T14:08:45.864833
EX_3303,33 KV FEEDER 3303,Energex,QLD,-27.43422,153.142538,,,-750000.0,40000.0,0.0,2026,"Summer, Winter",2025,Dec 2023 DAPR,2026-05-08T14:08:45.864833
ER_10030331,ATHERTON (66/22KV),Ergon Energy,QLD,-17.2551,145.4776,,,-1570000.0,90000.0,0.0,2026,Summer,2025,Dec 2023 DAPR (annual data); Dec 2022 DAPR (load trace data),2026-05-08T14:08:45.864833
ER_20001223,AYR (66/11KV),Ergon Energy,QLD,-19.5825,147.3664,,,-6860000.0,410000.0,0.0,2026,Summer,2025,Dec 2023 DAPR (annual data); Dec 2022 DAPR (load trace data),2026-05-08T14:08:45.864833
ER_40000001,BILOELA (66/11KV),Ergon Energy,QLD,-24.4014,150.5078,,,-9430000.0,560000.0,0.0,2027,Summer,2025,Dec 2023 DAPR (annual data); Dec 2022 DAPR (load trace data),2026-05-08T14:08:45.864833
ER_20002743,BOHLE (66/11KV),Ergon Energy,QLD,-19.2644,146.708,,,-900000.0,50000.0,0.0,2026,Summer,2025,Dec 2023 DAPR (annual data); Dec 2022 DAPR (load trace data),2026-05-08T14:08:45.864833
ER_40017974,CALLIOPE (66/11KV),Ergon Energy,QLD,-24.0106,151.2113,,,-6900000.0,410000.0,0.0,2028,Summer,2025,Dec 2023 DAPR (annual data); Dec 2022 DAPR (load trace data),2026-05-08T14:08:45.864833
ER_20003948,CAPE RIVER (66/11KV),Ergon Energy,QLD,-20.4758,145.4673,,,-13730000.0,810000.0,13730000.0,2025,Summer,2025,Dec 2023 DAPR (annual data); Dec 2022 DAPR (load trace data),2026-05-08T14:08:45.864833
ER_60007255,CHARLEVILLE (66/22/11KV),Ergon Energy,QLD,-26.4062,146.2838,,,-1590000.0,90000.0,0.0,2028,Summer,2025,Dec 2023 DAPR (annual data); Dec 2022 DAPR (load trace data),2026-05-08T14:08:45.864833
ER_60025697-1,CHINCHILLA BSP (132/33KV),Ergon Energy,QLD,-26.7446,150.6454,,,-9380000.0,560000.0,0.0,2028,Summer,2025,Dec 2023 DAPR (annual data); Dec 2022 DAPR (load trace data),2026-05-08T14:08:45.864833
ER_82961890,CLARE SOUTH (66/11KV),Ergon Energy,QLD,-19.8384,147.213,,,-1090000.0,60000.0,0.0,2026,Summer,2025,Dec 2023 DAPR (annual data); Dec 2022 DAPR (load trace data),2026-05-08T14:08:45.864833
ER_20003280,CRANBROOK (66/11KV),Ergon Energy,QLD,-19.3114,146.7471,,,-4080000.0,240000.0,0.0,2026,Summer,2025,Dec 2023 DAPR (annual data); Dec 2022 DAPR (load trace data),2026-05-08T14:08:45.864833
ER_50000024,DEGILBO (66/11KV),Ergon Energy,QLD,-25.4816,151.9964,,,-5250000.0,310000.0,0.0,2026,Summer,2025,Dec 2023 DAPR (annual data); Dec 2022 DAPR (load trace data),2026-05-08T14:08:45.864833
ER_20005446,EAST AYR (66/11KV),Ergon Energy,QLD,-19.5681,147.4084,,,-1140000.0,70000.0,0.0,2026,Summer,2025,Dec 2023 DAPR (annual data); Dec 2022 DAPR (load trace data),2026-05-08T14:08:45.864833
ER_10030280,EVELYN (66/22KV),Ergon Energy,QLD,-17.4997,145.4943,,,-4520000.0,270000.0,0.0,2026,Winter,2025,Dec 2023 DAPR (annual data); Dec 2022 DAPR (load trace data),2026-05-08T14:08:45.864833
ER_30064340,FARLEIGH (33/11KV),Ergon Energy,QLD,-21.1003,149.1032,,,-4900000.0,290000.0,0.0,2027,Summer,2025,Dec 2023 DAPR (annual data); Dec 2022 DAPR (load trace data),2026-05-08T14:08:45.864833
ER_10030300-1,GEORGETOWN (66/22KV),Ergon Energy,QLD,-18.3295,143.5203,,,-0.0,0.0,0.0,2026,Summer,2025,Dec 2023 DAPR (annual data); Dec 2022 DAPR (load trace data),2026-05-08T14:08:45.864833
ER_20006664,HOME HILL (66/11KV),Ergon Energy,QLD,-19.6729,147.4131,,,-2920000.0,170000.0,0.0,2027,Summer,2025,Dec 2023 DAPR (annual data); Dec 2022 DAPR (load trace data),2026-05-08T14:08:45.864833
ER_20008188,JARVISFIELD (66/11KV),Ergon Energy,QLD,-19.6023,147.4291,,,-2810000.0,170000.0,0.0,2026,Summer,2025,Dec 2023 DAPR (annual data); Dec 2022 DAPR (load trace data),2026-05-08T14:08:45.864833
ER_20010443,MILLAROO (66/11KV),Ergon Energy,QLD,-20.1125,147.271,,,-580000.0,30000.0,0.0,2028,Summer,2025,Dec 2023 DAPR (annual data); Dec 2022 DAPR (load trace data),2026-05-08T14:08:45.864833
ER_20010917-1,MILLCHESTER (66/11KV),Ergon Energy,QLD,-20.1034,146.2808,,,-2520000.0,150000.0,0.0,2026,Summer,2025,Dec 2023 DAPR (annual data); Dec 2022 DAPR (load trace data),2026-05-08T14:08:45.864833
ER_10030281,MT GARNET (66/22KV),Ergon Energy,QLD,-17.6844,145.1287,,,-6570000.0,390000.0,0.0,2027,Summer,2025,Dec 2023 DAPR (annual data); Dec 2022 DAPR (load trace data),2026-05-08T14:08:45.864833
ER_60007240,MT SIBLEY (33/11KV),Ergon Energy,QLD,-27.8076,151.9488,,,-6850000.0,410000.0,0.0,2027,Summer,2025,Dec 2023 DAPR (annual data); Dec 2022 DAPR (load trace data),2026-05-08T14:08:45.864833
ER_50000121,MURGON (66/11KV),Ergon Energy,QLD,-26.2501,151.9371,,,-13180000.0,780000.0,0.0,2028,Summer,2025,Dec 2023 DAPR (annual data); Dec 2022 DAPR (load trace data),2026-05-08T14:08:45.864833
ER_20011181,NEIL SMITH (66/11KV),Ergon Energy,QLD,-19.2613,146.8135,,,-14420000.0,850000.0,0.0,2027,Summer,2025,Dec 2023 DAPR (annual data); Dec 2022 DAPR (load trace data),2026-05-08T14:08:45.864833
ER_50000147,OWANYILLA (66/11KV),Ergon Energy,QLD,-25.6457,152.627,,,-3800000.0,220000.0,0.0,2027,Summer,2025,Dec 2023 DAPR (annual data); Dec 2022 DAPR (load trace data),2026-05-08T14:08:45.864833
ER_60007229,PAMPAS (33/11KV),Ergon Energy,QLD,-27.7519,151.3508,,,-10390000.0,610000.0,0.0,2028,Summer,2025,Dec 2023 DAPR (annual data); Dec 2022 DAPR (load trace data),2026-05-08T14:08:45.864833
ER_40017986,PANDOIN (66/22KV),Ergon Energy,QLD,-23.2651,150.4716,,,-4430000.0,260000.0,0.0,2027,Summer,2025,Dec 2023 DAPR (annual data); Dec 2022 DAPR (load trace data),2026-05-08T14:08:45.864833
ER_30064322,ROSELLA (33/11KV),Ergon Energy,QLD,-21.2369,149.1477,,,-5020000.0,300000.0,0.0,2027,Summer,2025,Dec 2023 DAPR (annual data); Dec 2022 DAPR (load trace data),2026-05-08T14:08:45.864833
ER_83886418,SKID D (LANDING ROAD) (66/11KV),Ergon Energy,QLD,-23.8144,151.1498,,,-3460000.0,210000.0,3460000.0,2027,Summer,2025,Dec 2023 DAPR (annual data); Dec 2022 DAPR (load trace data),2026-05-08T14:08:45.864833
ER_60025701,STANTHORPE BSP (110/33KV),Ergon Energy,QLD,-28.6443,151.9178,,,-4680000.0,280000.0,0.0,2027,Summer,2025,Dec 2023 DAPR (annual data); Dec 2022 DAPR (load trace data),2026-05-08T14:08:45.864833
ER_81642833,WOODGATE (66/11KV),Ergon Energy,QLD,-25.1001,152.5493,,,-2950000.0,170000.0,0.0,2026,Winter,2025,Dec 2023 DAPR (annual data); Dec 2022 DAPR (load trace data),2026-05-08T14:08:45.864833
ER_60007226,YARRANLEA SOUTH (33/11KV),Ergon Energy,QLD,-27.7534,151.5425,,,-4680000.0,280000.0,0.0,2028,Summer,2025,Dec 2023 DAPR (annual data); Dec 2022 DAPR (load trace data),2026-05-08T14:08:45.864833
ER_DURO-CHUM,CHUM-CLON,Ergon Energy,QLD,-20.712336,140.403695,,,-9510000.0,560000.0,9510000.0,2027,Winter,2025,Dec 2023 DAPR (annual data); Dec 2022 DAPR (load trace data),2026-05-08T14:08:45.864833
ES_1380,SFP SUFFOLK PARK,Essential Energy,NSW,-28.67269,153.59378,,,-2000000.0,170000.0,2000000.0,2027,Winter,2025,Dec 2023 DAPR,2026-05-08T14:08:45.864833
ES_548,MRE MOREE,Essential Energy,NSW,-29.48358,149.85192,,,-1000000.0,80000.0,1000000.0,2026,"Summer, Winter",2025,Dec 2023 DAPR,2026-05-08T14:08:45.864833
ES_774,BBN BOMEN,Essential Energy,NSW,-35.0742,147.40744,,,-2900000.0,240000.0,2900000.0,2026,"Summer, Winter",2025,Dec 2023 DAPR,2026-05-08T14:08:45.864833
ES_ORS3B8,ORS3B8 EDWARD ST,Essential Energy,NSW,-33.29626,149.102666,,,-250000.0,20000.0,250000.0,2025,Winter,2025,Dec 2023 DAPR,2026-05-08T14:08:45.864833
ES_ORS3B2,ORS3B2 JEAGER AVE,Essential Energy,NSW,-33.303725,149.09782,,,-200000.0,20000.0,200000.0,2024,Winter,2025,Dec 2023 DAPR,2026-05-08T14:08:45.864833
ES_BNY3B4,BNY3B4 MILLTHORPE,Essential Energy,NSW,-33.44587,149.102234,,,-280000.0,20000.0,0.0,2024,Winter,2025,Dec 2023 DAPR,2026-05-08T14:08:45.864833
ES_BTH3B3,BTH3B3 BRILLIANT ST,Essential Energy,NSW,-33.441912,149.568942,,,-250000.0,20000.0,250000.0,2025,"Summer, Winter",2025,Dec 2023 DAPR,2026-05-08T14:08:45.864833
ES_RAG3B3,RAG3B3 RAGLAN INDUSTRIAL,Essential Energy,NSW,-33.426395,149.719955,,,-200000.0,20000.0,200000.0,2024,"Summer, Winter",2025,Dec 2023 DAPR,2026-05-08T14:08:45.864833
ES_FIN8B1,FIN8B1 TOCUMWAL,Essential Energy,NSW,-35.7078,145.5776,,,-600000.0,50000.0,600000.0,2025,Summer,2025,Dec 2023 DAPR,2026-05-08T14:08:45.864833
ES_ALU8B10,ALU8B10 ETTAMOGAH,Essential Energy,NSW,-36.041354,146.965104,,,-320000.0,30000.0,0.0,2024,"Summer, Winter",2025,Dec 2023 DAPR,2026-05-08T14:08:45.864833
ES_TDL8B2_1,TDL8B2 TULLAMORE/TOTTENHAM_1,Essential Energy,NSW,-32.375014,147.487244,,,-1780000.0,150000.0,1780000.0,2025,"Summer, Winter",2025,Dec 2023 DAPR,2026-05-08T14:08:45.864833
ES_PKT3B9,PKT3B9 PARKES TOWN NO.3,Essential Energy,NSW,-33.145297,148.177981,,,-560000.0,50000.0,0.0,2025,"Summer, Winter",2025,Dec 2023 DAPR,2026-05-08T14:08:45.864833
ES_MAH3B3,MAH3B3 GLEBE,Essential Energy,NSW,-36.679037,149.872432,,,-280000.0,20000.0,0.0,2024,Winter,2025,Dec 2023 DAPR,2026-05-08T14:08:45.864833
ES_TDL8B1,TDL8B1 BOGAN GATE,Essential Energy,NSW,-33.109756,147.760993,,,-280000.0,20000.0,0.0,2025,"Summer, Winter",2025,Dec 2023 DAPR,2026-05-08T14:08:45.864833
ES_TDL8B2_2,TDL8B2 TULLAMORE/TOTTENHAM_2,Essential Energy,NSW,-32.652759,147.581598,,,-220000.0,20000.0,0.0,2025,"Summer, Winter",2025,Dec 2023 DAPR,2026-05-08T14:08:45.864833
ES_PKT3B3,PKT3B3 TELESCOPE,Essential Energy,NSW,-32.971465,148.165844,,,-210000.0,20000.0,0.0,2025,Winter,2025,Dec 2023 DAPR,2026-05-08T14:08:45.864833
ES_MYT3B6,MYT3B6 MORUYA NTH,Essential Energy,NSW,-35.876989,150.117782,,,-210000.0,20000.0,0.0,2025,Winter,2025,Dec 2023 DAPR,2026-05-08T14:08:45.864833
ES_JYE3B2,JYE3B2 KALKITE,Essential Energy,NSW,-36.389999,148.671936,,,-710000.0,60000.0,710000.0,2025,Winter,2025,Dec 2023 DAPR,2026-05-08T14:08:45.864833
ES_CST5362,CST5362 STH GOULBURN/COLLECTOR,Essential Energy,NSW,-34.827827,149.559372,,,-320000.0,30000.0,0.0,2024,Winter,2025,Dec 2023 DAPR,2026-05-08T14:08:45.864833
ES_GBN3B4,GBN3B4 TOWRANG,Essential Energy,NSW,-34.729538,149.822571,,,-290000.0,20000.0,0.0,2024,Winter,2025,Dec 2023 DAPR,2026-05-08T14:08:45.864833
ES_CWD13,CWD13 CARGO,Essential Energy,NSW,-33.398974,148.609094,,,-540000.0,50000.0,370000.0,2025,Winter,2025,Dec 2023 DAPR,2026-05-08T14:08:45.864833
ES_WJL3B3,WJL3B3 WEST PLAIN,Essential Energy,NSW,-33.380814,147.661564,,,-370000.0,30000.0,370000.0,2025,"Summer, Winter",2025,Dec 2023 DAPR,2026-05-08T14:08:45.864833
ES_WJL3B2,WJL3B2 WARROO,Essential Energy,NSW,-33.362461,147.67276,,,-340000.0,30000.0,0.0,2023,Summer,2025,Dec 2023 DAPR,2026-05-08T14:08:45.864833
ES_CLY1523,CLY1523 COLEAMBALLY 132 - DARLINGTON POINT (BORE PUMPERS),Essential Energy,NSW,-34.619851,145.901814,,,-620000.0,50000.0,620000.0,2025,Summer,2025,Dec 2023 DAPR,2026-05-08T14:08:45.864833
ES_THA2225,THA2225 HILLSTON RD,Essential Energy,NSW,-34.264173,146.000501,,,-340000.0,30000.0,0.0,2025,Summer,2025,Dec 2023 DAPR,2026-05-08T14:08:45.864833
ES_GFH3B2,GFH3B2 WAKADEN ST,Essential Energy,NSW,-34.279135,146.043583,,,-220000.0,20000.0,220000.0,2025,Winter,2025,Dec 2023 DAPR,2026-05-08T14:08:45.864833
ES_LEE3B7,LEE3B7 CORBIE HILL,Essential Energy,NSW,-34.557697,146.458629,,,-210000.0,20000.0,210000.0,2025,"Summer, Winter",2025,Dec 2023 DAPR,2026-05-08T14:08:45.864833
ES_HAM3B7,HAM3B7 TARCUTTA ST,Essential Energy,NSW,-35.120015,147.383979,,,-340000.0,30000.0,0.0,2025,"Summer, Winter",2025,Dec 2023 DAPR,2026-05-08T14:08:45.864833
ES_ASM3B4,ASM3B4 FERNLEIGH RD WEST,Essential Energy,NSW,-35.123158,147.321499,,,-250000.0,20000.0,0.0,2024,"Summer, Winter",2025,Dec 2023 DAPR,2026-05-08T14:08:45.864833
ES_ORS3B7,ORS3B7 ANSON ST STH,Essential Energy,NSW,-33.298207,149.095994,,,-770000.0,60000.0,0.0,2025,Winter,2025,Dec 2023 DAPR,2026-05-08T14:08:45.864833
ES_STH3B6,STH3B6 COUNTRY LN,Essential Energy,NSW,-31.093029,150.844993,,,-410000.0,30000.0,0.0,2024,Summer,2025,Dec 2023 DAPR,2026-05-08T14:08:45.864833
ES_BBA3B4,BBA3B4 BARRABA,Essential Energy,NSW,-30.398699,150.728226,,,-310000.0,30000.0,0.0,2025,"Summer, Winter",2025,Dec 2023 DAPR,2026-05-08T14:08:45.864833
ES_STH3B11,STH3B11 ROBERT ST,Essential Energy,NSW,-31.108754,150.907651,,,-250000.0,20000.0,0.0,2024,"Summer, Winter",2025,Dec 2023 DAPR,2026-05-08T14:08:45.864833
ES_BTS8B8_1,BTS8B8 DELUNGRA_1,Essential Energy,NSW,-29.690382,150.941895,,,-250000.0,20000.0,250000.0,2025,"Summer, Winter",2025,Dec 2023 DAPR,2026-05-08T14:08:45.864833
ES_BTS8B8_2,BTS8B8 DELUNGRA_2,Essential Energy,NSW,-29.779789,150.983627,,,-250000.0,20000.0,0.0,2025,"Summer, Winter",2025,Dec 2023 DAPR,2026-05-08T14:08:45.864833
ES_TEA3B4,TEA3B4 TEA GARDENS,Essential Energy,NSW,-32.651159,152.148717,,,-810000.0,70000.0,810000.0,2025,Winter,2025,Dec 2023 DAPR,2026-05-08T14:08:45.864833
ES_BNK24787,BNK24787 OLD BAR NO.2,Essential Energy,NSW,-31.973385,152.5793,,,-350000.0,30000.0,350000.0,2025,Winter,2025,Dec 2023 DAPR,2026-05-08T14:08:45.864833
ES_BLH3B2,BLH3B2 CRAWFORD/GIRVAN/BOORAL,Essential Energy,NSW,-32.290928,152.175415,,,-340000.0,30000.0,0.0,2025,"Summer, Winter",2025,Dec 2023 DAPR,2026-05-08T14:08:45.864833
ES_HGN3B1,HGN3B1 CROWDY HEAD,Essential Energy,NSW,-31.872477,152.681625,,,-330000.0,30000.0,0.0,2025,Winter,2025,Dec 2023 DAPR,2026-05-08T14:08:45.864833
ES_GLS3B7,GLS3B7 CITY CENTRAL,Essential Energy,NSW,-30.514381,151.668793,,,-530000.0,40000.0,0.0,2024,Winter,2025,Dec 2023 DAPR,2026-05-08T14:08:45.864833
ES_HGE3B1,HGE3B1 GRAFTON RD,Essential Energy,NSW,-30.308781,152.026077,,,-430000.0,40000.0,0.0,2025,Winter,2025,Dec 2023 DAPR,2026-05-08T14:08:45.864833
ES_SLI3B23,SLI3B23 CARRINGTON ST NTH,Essential Energy,NSW,-28.801962,153.275734,,,-320000.0,30000.0,0.0,2025,Winter,2025,Dec 2023 DAPR,2026-05-08T14:08:45.864833
ES_GYA8K1,GYA8K1 WANDSWORTH,Essential Energy,NSW,-30.119531,151.510161,,,-290000.0,20000.0,0.0,2025,Winter,2025,Dec 2023 DAPR,2026-05-08T14:08:45.864833
ES_MWN3B2,MWN3B2 NORCO,Essential Energy,NSW,-28.338869,153.419128,,,-390000.0,30000.0,390000.0,2025,"Summer, Winter",2025,Dec 2023 DAPR,2026-05-08T14:08:45.864833
ES_BPT3B3,BPT3B3 FINGAL,Essential Energy,NSW,-28.208887,153.559219,,,-350000.0,30000.0,0.0,2025,"Summer, Winter",2025,Dec 2023 DAPR,2026-05-08T14:08:45.864833
ES_MWN3B8,MWN3B8 UKI,Essential Energy,NSW,-28.490942,153.217712,,,-300000.0,30000.0,0.0,2025,Winter,2025,Dec 2023 DAPR,2026-05-08T14:08:45.864833
ES_MLN3B5,MLN3B5 WOODFORD DALE-LEIGH,Essential Energy,NSW,-29.49156,153.117218,,,-260000.0,20000.0,0.0,2025,Summer,2025,Dec 2023 DAPR,2026-05-08T14:08:45.864833
ES_GID42,GID42 TOWN NO.2,Essential Energy,NSW,-31.712212,148.668213,,,-720000.0,60000.0,0.0,2024,"Summer, Winter",2025,Dec 2023 DAPR,2026-05-08T14:08:45.864833
ES_EUL32,EUL32 DUBBO NTH/EAST TOWN,Essential Energy,NSW,-32.251156,148.648209,,,-520000.0,40000.0,0.0,2024,Summer,2025,Dec 2023 DAPR,2026-05-08T14:08:45.864833
ES_EUL62,EUL62 DUBBO STH/EAST TOWN,Essential Energy,NSW,-32.256003,148.64235,,,-260000.0,20000.0,0.0,2024,Summer,2025,Dec 2023 DAPR,2026-05-08T14:08:45.864833
ES_DBW3B5,DBW3B5 RURAL WEST,Essential Energy,NSW,-32.226106,148.568178,,,-250000.0,20000.0,250000.0,2025,"Summer, Winter",2025,Dec 2023 DAPR,2026-05-08T14:08:45.864833
ES_GID22,GID22 RURAL NTH/STH/WEST,Essential Energy,NSW,-31.726295,148.655243,,,-240000.0,20000.0,0.0,2025,Summer,2025,Dec 2023 DAPR,2026-05-08T14:08:45.864833
ES_SGN3B1,SGN3B1 ARMIDALE RD,Essential Energy,NSW,-29.951408,153.118256,,,-670000.0,60000.0,670000.0,2025,Summer,2025,Dec 2023 DAPR,2026-05-08T14:08:45.864833
ES_WBN3B4,WBN3B4 BROADWATER,Essential Energy,NSW,-28.996492,153.442993,,,-590000.0,50000.0,0.0,2024,"Summer, Winter",2025,Dec 2023 DAPR,2026-05-08T14:08:45.864833
ES_LHD3B5,LHD3B5 LENNOX WEST,Essential Energy,NSW,-28.802166,153.585733,,,-300000.0,20000.0,300000.0,2025,Winter,2025,Dec 2023 DAPR,2026-05-08T14:08:45.864833
ES_BPM3B4_1,BPM3B4 HASTINGS RIVER DR_1,Essential Energy,NSW,-31.45385,152.881927,,,-640000.0,50000.0,640000.0,2024,"Summer, Winter",2025,Dec 2023 DAPR,2026-05-08T14:08:45.864833
ES_OPM3B1,OPM3B1 GRANITE ST,Essential Energy,NSW,-31.4489,152.908567,,,-280000.0,20000.0,0.0,2024,Winter,2025,Dec 2023 DAPR,2026-05-08T14:08:45.864833
ES_BPM3B4_2,BPM3B4 HASTINGS RIVER DR_2,Essential Energy,NSW,-31.45385,152.881927,,,-230000.0,20000.0,230000.0,2024,"Summer, Winter",2025,Dec 2023 DAPR,2026-05-08T14:08:45.864833
ES_SWR3B6,SWR3B6 STUARTS PT,Essential Energy,NSW,-30.88512,153.006073,,,-220000.0,20000.0,0.0,2025,"Summer, Winter",2025,Dec 2023 DAPR,2026-05-08T14:08:45.864833
ES_79W,79W THARBOGANG - WARRAWIDGEE - NERICON,Essential Energy,NSW,-34.235502,146.048076,,,-4000000.0,340000.0,4000000.0,2027,Summer,2025,Dec 2023 DAPR,2026-05-08T14:08:45.864833
EV_LZS,LATHAM ZONE SUB,Evoenergy,ACT,-35.20036254,148.9439518,,,-42040000.0,4110000.0000000005,42040000.0,2028,Summer,2025,Dec 2023 DAPR; (No Evoenergy review),2026-05-08T14:08:45.864833
EV_Strathnairn - Weir extension,LATHAM ZONE SUB - FEEDER,Evoenergy,ACT,-35.22366498,148.9765064,,,-3420000.0,330000.0,3420000.0,2024,Winter,2025,Dec 2023 DAPR; (No Evoenergy review),2026-05-08T14:08:45.864833
"EV_Kingston (Monash, Kelliher, Mundaring-Russel No 3, Power House, Dairy South)",TELOPEA PARK ZONE SUB - FEEDER KINGSTON,Evoenergy,ACT,-35.31093802,149.141917,,,-1050000.0,100000.0,1050000.0,2027,Summer,2025,Dec 2023 DAPR; (No Evoenergy review),2026-05-08T14:08:45.864833
EV_Kingston (Dairy South),EAST LAKE ZONE SUB - FEEDER KINGSTON,Evoenergy,ACT,-35.31093802,149.141917,,,-1050000.0,100000.0,1050000.0,2027,Summer,2025,Dec 2023 DAPR; (No Evoenergy review),2026-05-08T14:08:45.864833
EV_Fyshwick Sec 38,EAST LAKE ZONE SUB - FEEDER FYSHWICK,Evoenergy,ACT,-35.32010231,149.1631341,,,-720000.0,70000.0,720000.0,2025,Winter,2025,Dec 2023 DAPR; (No Evoenergy review),2026-05-08T14:08:45.864833
"EV_Lyneham (Cowper, Ebden, Duffy)",CITY EAST ZONE SUB - FEEDER LYNEHAM,Evoenergy,ACT,-35.23257788,149.1254206,,,-4150000.0000000005,410000.0,4150000.0000000005,2027,Summer,2025,Dec 2023 DAPR; (No Evoenergy review),2026-05-08T14:08:45.864833
EV_Lyneham (Swinden-Lampard),BELCONNEN ZONE SUB - FEEDER,Evoenergy,ACT,-35.23257788,149.1254206,,,-4150000.0000000005,410000.0,4150000.0000000005,2027,Summer,2025,Dec 2023 DAPR; (No Evoenergy review),2026-05-08T14:08:45.864833
EV_Curtin,WODEN ZONE SUB - FEEDER,Evoenergy,ACT,-35.31395785,149.0809852,,,-5120000.0,500000.0,5120000.0,2028,Summer,2025,Dec 2023 DAPR; (No Evoenergy review),2026-05-08T14:08:45.864833
EV_Fairbairn,EAST LAKE ZONE SUB - FEEDER FAIRBAIRN,Evoenergy,ACT,-35.30539563,149.2051067,,,-1970000.0,190000.0,1970000.0,2025,Winter,2025,Dec 2023 DAPR; (No Evoenergy review),2026-05-08T14:08:45.864833
EV_Hume,GILMORE ZONE SUB - FEEDER,Evoenergy,ACT,-35.40417428,149.1465742,,,-2290000.0,220000.0,2290000.0,2027,Summer,2025,Dec 2023 DAPR; (No Evoenergy review),2026-05-08T14:08:45.864833
EV_Greenway,WANNIASSA ZONE SUB - FEEDER,Evoenergy,ACT,-35.41910495,149.0702617,,,-2740000.0,270000.0,2740000.0,2028,Summer,2025,Dec 2023 DAPR; (No Evoenergy review),2026-05-08T14:08:45.864833
EV_Parkes,CITY EAST ZONE SUB - FEEDER PARKES,Evoenergy,ACT,-35.28436664,149.1354539,,,-5150000.0,500000.0,5150000.0,2026,Summer,2025,Dec 2023 DAPR; (No Evoenergy review),2026-05-08T14:08:45.864833
EV_Gungahlin,GOLD CREEK ZONE SUB - FEEDER GUNGAHLIN,Evoenergy,ACT,-35.18381942,149.1375622,,,-5130000.0,500000.0,5130000.0,2025,Summer,2025,Dec 2023 DAPR; (No Evoenergy review),2026-05-08T14:08:45.864833
EV_Barton,TELOPEA PARK ZONE SUB - FEEDER BARTON,Evoenergy,ACT,-35.30684785,149.1300085,,,-3030000.0,300000.0,3030000.0,2025,Summer,2025,Dec 2023 DAPR; (No Evoenergy review),2026-05-08T14:08:45.864833
"EV_Canberra City (Hobart Short, Edinburgh)",CIVIC ZONE SUB - FEEDER,Evoenergy,ACT,-35.28276593,149.1288212,,,-3150000.0,310000.0,3150000.0,2026,Summer,2025,Dec 2023 DAPR; (No Evoenergy review),2026-05-08T14:08:45.864833
"EV_Canberra City (Binara, Electricity House, Akuna, Lonsdale)",CITY EAST ZONE SUB - FEEDER CANBERRA CITY ,Evoenergy,ACT,-35.28276593,149.1288212,,,-3150000.0,310000.0,3150000.0,2026,Summer,2025,Dec 2023 DAPR; (No Evoenergy review),2026-05-08T14:08:45.864833
"EV_Canberra City (Edmund Barton, King Edward + Belmore)",TELOPEA PARK ZONE SUB - FEEDER CANBERRA CITY,Evoenergy,ACT,-35.28276593,149.1288212,,,-3150000.0,310000.0,3150000.0,2026,Summer,2025,Dec 2023 DAPR; (No Evoenergy review),2026-05-08T14:08:45.864833
EV_Franklin,GOLD CREEK ZONE SUB - FEEDER FRANKLIN,Evoenergy,ACT,-35.18463203,149.1555996,,,-5180000.0,510000.0,5180000.0,2025,Summer,2025,Dec 2023 DAPR; (No Evoenergy review),2026-05-08T14:08:45.864833
EV_Braddon,CITY EAST ZONE SUB - FEEDER BRADDON,Evoenergy,ACT,-35.27035409,149.130434,,,-3830000.0,370000.0,3830000.0,2028,Summer,2025,Dec 2023 DAPR; (No Evoenergy review),2026-05-08T14:08:45.864833
JE_CN,COBURG NORTH ZONE SUBSTATION,Jemena,NSW,-37.720935,144.977825,,,-28900000.0,1910000.0,0.0,2027,Winter,2025,Dec 2023 DAPR,2026-05-08T14:08:45.864833
JE_COO,COOLAROO ZONE SUBSTATION,Jemena,NSW,-37.64207088,144.9340219,,,-42900000.0,2840000.0,0.0,2027,Winter,2025,Dec 2023 DAPR,2026-05-08T14:08:45.864833
JE_CS,COBURG SOUTH ZONE SUBSTATION,Jemena,NSW,-37.742523,144.962604,,,-14600000.0,970000.0,0.0,2028,Summer,2025,Dec 2023 DAPR,2026-05-08T14:08:45.864833
JE_EP A,EAST PRESTON ZONE SUBSTATION SWITCH HOUSE A,Jemena,NSW,-37.74531722,145.0328521,,,-0.0,0.0,0.0,2025,Winter,2025,Dec 2023 DAPR,2026-05-08T14:08:45.864833
JE_EP B,EAST PRESTON ZONE SUBSTATION SWITCH HOUSE B,Jemena,NSW,-37.74531722,145.0328521,,,-12900000.0,850000.0,0.0,2028,Winter,2025,Dec 2023 DAPR,2026-05-08T14:08:45.864833
JE_FF,FAIRFIELD ZONE SUBSTATION,Jemena,NSW,-37.76998367,145.0203507,,,-0.0,0.0,0.0,2025,Winter,2025,Dec 2023 DAPR,2026-05-08T14:08:45.864833
JE_FT,FLEMINGTON ZONE SUBSTATION,Jemena,NSW,-37.79171023,144.9318854,,,-1060000.0,70000.0,0.0,2025,Winter,2025,Dec 2023 DAPR,2026-05-08T14:08:45.864833
JE_FW,FOOTSCRAY WEST ZONE SUBSTATION,Jemena,NSW,-37.81523291,144.8726177,,,-0.0,0.0,0.0,2025,Winter,2025,Dec 2023 DAPR,2026-05-08T14:08:45.864833
JE_HB,HEIDELBERG ZONE SUBSTATION,Jemena,NSW,-37.75906987,145.0706367,,,-0.0,0.0,0.0,2024,Summer,2025,Dec 2023 DAPR,2026-05-08T14:08:45.864833
JE_NH,NORTH HEIDELBERG ZONE SUBSTATION,Jemena,NSW,-37.729535,145.067959,,,-5000000.0,330000.0,0.0,2025,Summer,2025,Dec 2023 DAPR,2026-05-08T14:08:45.864833
JE_NS,NORTH ESSENDON ZONE SUBSTATION,Jemena,NSW,-37.751052,144.928944,,,-9700000.0,640000.0,0.0,2026,Summer,2025,Dec 2023 DAPR,2026-05-08T14:08:45.864833
JE_SBY,SUNBURY ZONE SUBSTATION,Jemena,NSW,-37.58558169,144.7222071,,,-14000000.0,930000.0,14000000.0,2027,Summer,2025,Dec 2023 DAPR,2026-05-08T14:08:45.864833
JE_SHM,SYDENHAM ZONE SUBSTATION,Jemena,NSW,-37.676056,144.753515,,,-17000000.0,1120000.0,0.0,2027,Summer,2025,Dec 2023 DAPR,2026-05-08T14:08:45.864833
JE_ST,SOMERTON ZONE SUBSTATION,Jemena,NSW,-37.62247219,144.9486292,,,-42900000.0,2840000.0,0.0,2027,Winter,2025,Dec 2023 DAPR,2026-05-08T14:08:45.864833
JE_BD0-008,BD008 FEEDER,Jemena,NSW,-37.665352,144.943022,,,-500000.0,30000.0,500000.0,2026,Winter,2025,Dec 2023 DAPR,2026-05-08T14:08:45.864833
JE_CS0-005,CS005 FEEDER,Jemena,NSW,-37.742523,144.962604,,,-600000.0,40000.0,600000.0,2027,Summer,2025,Dec 2023 DAPR,2026-05-08T14:08:45.864833
JE_ES0-011,ES011 FEEDER ,Jemena,NSW,-37.75405307,144.8936384,,,-4200000.0,280000.0,4200000.0,2026,,2025,Dec 2023 DAPR,2026-05-08T14:08:45.864833
JE_FF0-096,FF096 FEEDER,Jemena,NSW,-37.76998367,145.0203507,,,-100000.0,10000.0,100000.0,2026,Winter,2025,Dec 2023 DAPR,2026-05-08T14:08:45.864833
JE_FT0-011,FT011 FEEDER,Jemena,NSW,-37.79171023,144.9318854,,,-700000.0,50000.0,700000.0,2025,Winter,2025,Dec 2023 DAPR,2026-05-08T14:08:45.864833
JE_FT0-021,FT021 FEEDER ,Jemena,NSW,-37.79171023,144.9318854,,,-700000.0,50000.0,700000.0,2025,,2025,Dec 2023 DAPR,2026-05-08T14:08:45.864833
JE_FT0-022,FT022 FEEDER,Jemena,NSW,-37.79171023,144.9318854,,,-1700000.0,110000.0,1700000.0,2026,Winter,2025,Dec 2023 DAPR,2026-05-08T14:08:45.864833
JE_FT0-032,FT032 FEEDER,Jemena,NSW,-37.79171023,144.9318854,,,-1400000.0,90000.0,1400000.0,2028,Winter,2025,Dec 2023 DAPR,2026-05-08T14:08:45.864833
JE_FT0-033,FT033 FEEDER,Jemena,NSW,-37.79171023,144.9318854,,,-1400000.0,90000.0,1400000.0,2028,Winter,2025,Dec 2023 DAPR,2026-05-08T14:08:45.864833
JE_HB0-015,HB015 FEEDER,Jemena,NSW,-37.75906987,145.0706367,,,-0.0,0.0,3300000.0,2024,,2025,Dec 2023 DAPR,2026-05-08T14:08:45.864833
JE_KLO-022,KLO022 FEEDER,Jemena,NSW,-37.53824,144.941209,,,-0.0,0.0,0.0,2024,Winter,2025,Dec 2023 DAPR,2026-05-08T14:08:45.864833
JE_NH0-002,NH002 FEEDER,Jemena,NSW,-37.729535,145.067959,,,-820000.0,50000.0,820000.0,2027,Winter,2025,Dec 2023 DAPR,2026-05-08T14:08:45.864833
JE_SBY-013,SBY013 FEEDER,Jemena,NSW,-37.58558169,144.7222071,,,-370000.0,20000.0,0.0,2025,Winter,2025,Dec 2023 DAPR,2026-05-08T14:08:45.864833
JE_SBY-023,SBY023 FEEDER,Jemena,NSW,-37.58558169,144.7222071,,,-500000.0,30000.0,0.0,2028,Summer,2025,Dec 2023 DAPR,2026-05-08T14:08:45.864833
JE_SBY-024,SBY024 FEEDER,Jemena,NSW,-37.58558169,144.7222071,,,-210000.0,10000.0,210000.0,2025,Summer,2025,Dec 2023 DAPR,2026-05-08T14:08:45.864833
JE_SHM-011,SHM011 FEEDER,Jemena,NSW,-37.676056,144.753515,,,-4800000.0,320000.0,0.0,2027,Winter,2025,Dec 2023 DAPR,2026-05-08T14:08:45.864833
JE_SHM-013,SHM013 FEEDER ,Jemena,NSW,-37.676056,144.753515,,,-8000000.0,530000.0,8000000.0,2026,,2025,Dec 2023 DAPR,2026-05-08T14:08:45.864833
JE_ST0-011,ST011 FEEDER,Jemena,NSW,-37.62247219,144.9486292,,,-42900000.0,2840000.0,0.0,2027,Winter,2025,Dec 2023 DAPR,2026-05-08T14:08:45.864833
JE_ST0-022,ST022 FEEDER,Jemena,NSW,-37.62247219,144.9486292,,,-42900000.0,2840000.0,0.0,2027,Summer,2025,Dec 2023 DAPR,2026-05-08T14:08:45.864833
JE_ST0-033,ST033 FEEDER,Jemena,NSW,-37.62247219,144.9486292,,,-42900000.0,2840000.0,0.0,2027,Summer,2025,Dec 2023 DAPR,2026-05-08T14:08:45.864833
JE_TT0-011,TT011 FEEDER,Jemena,NSW,-37.69234,145.008618,,,-1500000.0,100000.0,1500000.0,2028,Summer,2025,Dec 2023 DAPR,2026-05-08T14:08:45.864833
JE_BTS-FF181,BTS-FF-BTS_1,Jemena,NSW,-37.772898,144.984828,,,-9600000.0,630000.0,9600000.0,2026,Winter,2025,Dec 2023 DAPR,2026-05-08T14:08:45.864833
JE_BTS-FF184,BTS-FF-BTS_2,Jemena,NSW,-37.772898,144.984828,,,-9600000.0,630000.0,9600000.0,2026,Winter,2025,Dec 2023 DAPR,2026-05-08T14:08:45.864833
JE_BTS-FF188,BTS-FF-BTS_3,Jemena,NSW,-37.772898,144.984828,,,-9600000.0,630000.0,9600000.0,2026,Winter,2025,Dec 2023 DAPR,2026-05-08T14:08:45.864833
JE_BTS-NS176,BTS-NS-BTS_1,Jemena,NSW,-37.772898,144.984828,,,-16010000.000000002,1060000.0,16010000.000000002,2027,Summer,2025,Dec 2023 DAPR,2026-05-08T14:08:45.864833
JE_BTS-NS190,BTS-NS-BTS_2,Jemena,NSW,-37.772898,144.984828,,,-16010000.000000002,1060000.0,16010000.000000002,2027,Summer,2025,Dec 2023 DAPR,2026-05-08T14:08:45.864833
JE_BTS-NS193,BTS-NS-BTS_3,Jemena,NSW,-37.772898,144.984828,,,-16010000.000000002,1060000.0,16010000.000000002,2027,Summer,2025,Dec 2023 DAPR,2026-05-08T14:08:45.864833
JE_TSTS-HB,TSTS-HB-L-Q-TSTS_1,Jemena,NSW,-37.747867,145.171512,,,-0.0,0.0,0.0,2033,Summer,2025,Dec 2023 DAPR,2026-05-08T14:08:45.864833
JE_TSTS-L,TSTS-HB-L-Q-TSTS_2,Jemena,NSW,-37.747867,145.171512,,,-0.0,0.0,0.0,2033,Summer,2025,Dec 2023 DAPR,2026-05-08T14:08:45.864833
JE_TTS-NEI/NH,TTS-NEI-NH-NEL-WT-TTS_1,Jemena,NSW,-37.69234,145.008618,,,-12590000.0,830000.0,12590000.0,2027,Summer,2025,Dec 2023 DAPR,2026-05-08T14:08:45.864833
JE_TTS-WT,TTS-NEI-NH-NEL-WT-TTS_2,Jemena,NSW,-37.69234,145.008618,,,-12590000.0,830000.0,12590000.0,2027,Summer,2025,Dec 2023 DAPR,2026-05-08T14:08:45.864833
PC_BMH,BACCHUS MARSH ZS,Powercor,VIC,-37.699594,144.408463,,,-7400000.0,570000.0,7400000.0,2027,"Summer, Winter",2025,Dec 2023 DAPR (annual data); Dec 2021 DAPR (load trace data); (No Powercor review),2026-05-08T14:08:45.864833
PC_DDL,DRYSDALE ZS,Powercor,VIC,-38.182668,144.564311,,,-3300000.0,250000.0,3300000.0,2028,"Summer, Winter",2025,Dec 2023 DAPR (annual data); Dec 2021 DAPR (load trace data); (No Powercor review),2026-05-08T14:08:45.864833
PC_EHK,EAGLEHAWK ZS,Powercor,VIC,-36.735934,144.27852,,,-11500000.0,890000.0,11500000.0,2026,"Summer, Winter",2025,Dec 2023 DAPR (annual data); Dec 2021 DAPR (load trace data); (No Powercor review),2026-05-08T14:08:45.864833
PC_LV,LAVERTON ZS,Powercor,VIC,-37.851882,144.727624,,,-31000000.0,2390000.0,31000000.0,2025,"Summer, Winter",2025,Dec 2023 DAPR (annual data); Dec 2021 DAPR (load trace data); (No Powercor review),2026-05-08T14:08:45.864833
PC_MLN,MELTON ZS,Powercor,VIC,-37.687243,144.585891,,,-31000000.0,2390000.0,31000000.0,2034,"Summer, Winter",2025,Dec 2023 DAPR (annual data); Dec 2021 DAPR (load trace data); (No Powercor review),2026-05-08T14:08:45.864833
PC_WBE,WERRIBEE ZS,Powercor,VIC,-37.890462,144.662828,,,-31000000.0,2390000.0,31000000.0,2025,"Summer, Winter",2025,Dec 2023 DAPR (annual data); Dec 2021 DAPR (load trace data); (No Powercor review),2026-05-08T14:08:45.864833
PC_GL,GEELONG ZS,Powercor,VIC,-38.128707,144.340458,,,-1300000.0,100000.0,0.0,2027,Summer,2025,Dec 2023 DAPR (annual data); Dec 2021 DAPR (load trace data); (No Powercor review),2026-05-08T14:08:45.864833
PC_OYN,OUYEN ZS,Powercor,VIC,-35.058425,142.315288,,,-840000.0,60000.0,0.0,2026,Winter,2025,Dec 2023 DAPR (annual data); Dec 2021 DAPR (load trace data); (No Powercor review),2026-05-08T14:08:45.864833
PC_BAS033,BALLART SOUTH 033,Powercor,VIC,-37.5749,143.827767,,,-1890000.0,150000.0,1890000.0,2024,Summer,2025,Dec 2023 DAPR (annual data); Dec 2021 DAPR (load trace data); (No Powercor review),2026-05-08T14:08:45.864833
PC_ATS-HCP,ALTONA TO HOPPERS CROSSING,Powercor,VIC,-37.838633,144.789011,,,-0.0,0.0,0.0,2034,Summer,2025,Dec 2023 DAPR (annual data); Dec 2021 DAPR (load trace data); (No Powercor review),2026-05-08T14:08:45.864833
PC_ATS-WBE,ALTONA TO WERRIBEE,Powercor,VIC,-37.838633,144.789011,,,-0.0,0.0,0.0,2034,Summer,2025,Dec 2023 DAPR (annual data); Dec 2021 DAPR (load trace data); (No Powercor review),2026-05-08T14:08:45.864833
PC_BATS-YSW/BGL,BALLARAT TERMINAL STATION,Powercor,VIC,-37.56760165,143.9215937,,,-0.0,0.0,0.0,2034,"Summer, Winter",2025,Dec 2023 DAPR (annual data); Dec 2021 DAPR (load trace data); (No Powercor review),2026-05-08T14:08:45.864833
PC_BGO-EHK,BENDIGO TO EAGLEHAWK,Powercor,VIC,-36.770554,144.276956,,,-0.0,0.0,0.0,2034,"Summer, Winter",2025,Dec 2023 DAPR (annual data); Dec 2021 DAPR (load trace data); (No Powercor review),2026-05-08T14:08:45.864833
PC_GTS-GCY,GEELONG TERMINAL TO GEELONG CITY,Powercor,VIC,-38.09901593,144.3392372,,,-0.0,0.0,0.0,2034,"Summer, Winter",2025,Dec 2023 DAPR (annual data); Dec 2021 DAPR (load trace data); (No Powercor review),2026-05-08T14:08:45.864833
PC_GTS-GLE1,GEELONG TERMINAL TO GLE1,Powercor,VIC,-38.083224,144.338752,,,-1500000.0,120000.0,1500000.0,2034,Summer,2025,Dec 2023 DAPR (annual data); Dec 2021 DAPR (load trace data); (No Powercor review),2026-05-08T14:08:45.864833
PC_GTS-GLE2,GEELONG TERMINAL TO GLE2,Powercor,VIC,-38.083492,144.338707,,,-1500000.0,120000.0,1500000.0,2034,Summer,2025,Dec 2023 DAPR (annual data); Dec 2021 DAPR (load trace data); (No Powercor review),2026-05-08T14:08:45.864833
PC_KGTS-SHL,KERANG TO SWAN HILL,Powercor,VIC,-35.77078977,143.9340681,,,-13000000.0,1000000.0,13000000.0,2034,Summer,2025,Dec 2023 DAPR (annual data); Dec 2021 DAPR (load trace data); (No Powercor review),2026-05-08T14:08:45.864833
PC_RCTS-MDA1,RED CLIFF TERMINAL TO MILDURA 1,Powercor,VIC,-34.291773,142.239351,,,-0.0,0.0,0.0,2034,Summer,2025,Dec 2023 DAPR (annual data); Dec 2021 DAPR (load trace data); (No Powercor review),2026-05-08T14:08:45.864833
SA_SSD353,HINDLEY STREET 11KV,SA Power Networks,SA,-34.92,138.59,,,-0.0,0.0,0.0,2026,Summer,2025,Dec 2023 DAPR,2026-05-08T14:08:45.864833
SA_SSD341,NORWOOD 11KV,SA Power Networks,SA,-34.92,138.64,,,-0.0,0.0,0.0,2025,Summer,2025,Dec 2023 DAPR,2026-05-08T14:08:45.864833
SA_SSD432,PROSPECT 11KV,SA Power Networks,SA,-34.88,138.58,,,-0.0,0.0,1000000.0,2026,Summer,2025,Dec 2023 DAPR,2026-05-08T14:08:45.864833
SA_SSD355,CROYDON 11KV,SA Power Networks,SA,-34.9,138.57,,,-0.0,0.0,0.0,2027,Summer,2025,Dec 2023 DAPR,2026-05-08T14:08:45.864833
SA_SSD214,FINDON 11KV,SA Power Networks,SA,-34.89,138.53,,,-0.0,0.0,0.0,2026,Summer,2025,Dec 2023 DAPR,2026-05-08T14:08:45.864833
SA_SSD829,KILBURN 11KV,SA Power Networks,SA,-34.85,138.58,,,-0.0,0.0,0.0,2026,Summer,2025,Dec 2023 DAPR,2026-05-08T14:08:45.864833
SA_SSD529,LARGS NORTH 11KV,SA Power Networks,SA,-34.82094,138.5015,,,-0.0,0.0,0.0,2026,Summer,2025,Dec 2023 DAPR,2026-05-08T14:08:45.864833
SA_SSD347,NEW RICHMOND 11KV,SA Power Networks,SA,-34.94,138.57,,,-0.0,0.0,0.0,2028,Summer,2025,Dec 2023 DAPR,2026-05-08T14:08:45.864833
SA_SSD132,PORT ADELAIDE NORTH 11KV,SA Power Networks,SA,-34.84,138.52,,,-0.0,0.0,0.0,2028,Summer,2025,Dec 2023 DAPR,2026-05-08T14:08:45.864833
SA_SSD351,WOODVILLE 11KV,SA Power Networks,SA,-34.88,138.53,,,-0.0,0.0,500000.0,2028,Summer,2025,Dec 2023 DAPR,2026-05-08T14:08:45.864833
SA_SSD183,ELIZABETH HEIGHTS 11KV,SA Power Networks,SA,-34.72,138.69,,,-0.0,0.0,0.0,2028,Summer,2025,Dec 2023 DAPR,2026-05-08T14:08:45.864833
SA_SSD230,EVANSTON 11KV,SA Power Networks,SA,-34.61,138.73,,,-0.0,0.0,0.0,2026,Summer,2025,Dec 2023 DAPR,2026-05-08T14:08:45.864833
SA_SSD407,SALISBURY 11KV,SA Power Networks,SA,-34.76,138.64,,,-0.0,0.0,5000000.0,2024,Summer,2025,Dec 2023 DAPR,2026-05-08T14:08:45.864833
SA_SSD260,SMITHFIELD WEST 11KV,SA Power Networks,SA,-34.67,138.68,,,-7420000.0,700000.0,7420000.0,2026,Summer,2025,Dec 2023 DAPR,2026-05-08T14:08:45.864833
SA_SSD456,ALDINGA 11KV,SA Power Networks,SA,-35.28,138.47,,,-0.0,0.0,0.0,2027,Summer,2025,Dec 2023 DAPR,2026-05-08T14:08:45.864833
SA_SSD172,ASCOT PARK 11KV,SA Power Networks,SA,-34.98,138.56,,,-560000.0,50000.0,560000.0,2026,Summer,2025,Dec 2023 DAPR,2026-05-08T14:08:45.864833
SA_SSD126,BLACKWOOD 11KV,SA Power Networks,SA,-35.02,138.61,,,-0.0,0.0,0.0,2028,Summer,2025,Dec 2023 DAPR,2026-05-08T14:08:45.864833
SA_SSD120,CLARENDON 11KV,SA Power Networks,SA,-35.11,138.63,,,-0.0,0.0,0.0,2027,Summer,2025,Dec 2023 DAPR,2026-05-08T14:08:45.864833
SA_SSD179,LOWER MITCHAM 11KV,SA Power Networks,SA,-34.98,138.6,,,-0.0,0.0,0.0,2024,Summer,2025,Dec 2023 DAPR,2026-05-08T14:08:45.864833
SA_SSD324,MACGILLIVRAY 11KV,SA Power Networks,SA,-35.80875,137.5319,,,-0.0,0.0,0.0,2024,Summer,2025,Dec 2023 DAPR,2026-05-08T14:08:45.864833
SA_SSD475,MCLAREN VALE 11KV,SA Power Networks,SA,-35.22,138.55,,,-0.0,0.0,0.0,2025,Summer,2025,Dec 2023 DAPR,2026-05-08T14:08:45.864833
SA_SSD511,NOARLUNGA CENTRE 11KV,SA Power Networks,SA,-35.14,138.49,,,-0.0,0.0,0.0,2026,Summer,2025,Dec 2023 DAPR,2026-05-08T14:08:45.864833
SA_SSD349,SEACOMBE 11KV,SA Power Networks,SA,-35.03,138.54,,,-0.0,0.0,0.0,2028,Summer,2025,Dec 2023 DAPR,2026-05-08T14:08:45.864833
SA_SSD544,SEAFORD 11KV,SA Power Networks,SA,-35.21,138.48,,,-0.0,0.0,0.0,2025,Summer,2025,Dec 2023 DAPR,2026-05-08T14:08:45.864833
SA_SSD451,SHEIDOW PARK 11KV,SA Power Networks,SA,-35.08,138.53,,,-0.0,0.0,0.0,2028,Summer,2025,Dec 2023 DAPR,2026-05-08T14:08:45.864833
SA_SSD242,LANGHORNE CREEK 11KV,SA Power Networks,SA,-35.29,139.03,,,-0.0,0.0,0.0,2024,Summer,2025,Dec 2023 DAPR,2026-05-08T14:08:45.864833
SA_SSD238,MILANG 11KV,SA Power Networks,SA,-35.4,138.97,,,-0.0,0.0,0.0,2025,Summer,2025,Dec 2023 DAPR,2026-05-08T14:08:45.864833
SA_SSD178,LOBETHAL 11KV,SA Power Networks,SA,-34.89,138.88,,,-0.0,0.0,0.0,2024,Summer,2025,Dec 2023 DAPR,2026-05-08T14:08:45.864833
SA_SSD389,MURRAY BRIDGE NORTH 11KV,SA Power Networks,SA,-35.11821,139.2558,,,-0.0,0.0,0.0,2028,Summer,2025,Dec 2023 DAPR,2026-05-08T14:08:45.864833
SA_SSD206,LAMEROO 11KV,SA Power Networks,SA,-35.33,140.51,,,-0.0,0.0,0.0,2028,Summer,2025,Dec 2023 DAPR,2026-05-08T14:08:45.864833
SA_SSD144,PINNAROO 11KV,SA Power Networks,SA,-35.26263,140.9043,,,-0.0,0.0,0.0,2026,Summer,2025,Dec 2023 DAPR,2026-05-08T14:08:45.864833
SA_SSD303,TAILEM BEND TOWN 11KV,SA Power Networks,SA,-35.26,139.46,,,-0.0,0.0,0.0,2027,Summer,2025,Dec 2023 DAPR,2026-05-08T14:08:45.864833
SA_SSD169,YORKETOWN 11KV,SA Power Networks,SA,-35.02,137.6,,,-0.0,0.0,0.0,2026,Summer,2025,Dec 2023 DAPR,2026-05-08T14:08:45.864833
SA_SSD204,SPALDING 11KV,SA Power Networks,SA,-33.49,138.6,,,-0.0,0.0,470000.0,2025,Summer,2025,Dec 2023 DAPR,2026-05-08T14:08:45.864833
SA_SSD713,MOUNT SCHANK 11KV,SA Power Networks,SA,-37.94028,140.7203,,,-0.0,0.0,0.0,2027,Summer,2025,Dec 2023 DAPR,2026-05-08T14:08:45.864833
SA_SSD299,KINGSTON SE 11KV,SA Power Networks,SA,-36.84,139.86,,,-1680000.0,160000.0,1680000.0,2025,Summer,2025,Dec 2023 DAPR,2026-05-08T14:08:45.864833
SA_SSD543,KALANGADOO 11KV,SA Power Networks,SA,-37.5597,140.7052,,,-920000.0,90000.0,920000.0,2025,Summer,2025,Dec 2023 DAPR,2026-05-08T14:08:45.864833
SA_SSDMI22,MOUNT BURR 11KV,SA Power Networks,SA,-37.54319,140.4489,,,-430000.0,40000.0,0.0,2025,Summer,2025,Dec 2023 DAPR,2026-05-08T14:08:45.864833
SA_SSD420,RENMARK 11KV,SA Power Networks,SA,-34.16,140.74,,,-0.0,0.0,0.0,2027,Summer,2025,Dec 2023 DAPR,2026-05-08T14:08:45.864833
SA_SSD276,PORTEE 11KV,SA Power Networks,SA,-34.47,139.58,,,-1990000.0,190000.0,1990000.0,2026,Summer,2025,Dec 2023 DAPR,2026-05-08T14:08:45.864833
SA_SSD287,QUALCO 11KV,SA Power Networks,SA,-34.1,139.86,,,-2730000.0,260000.0,2730000.0,2027,Summer,2025,Dec 2023 DAPR,2026-05-08T14:08:45.864833
SA_SSD459,JAMESTOWN 11KV,SA Power Networks,SA,-33.21,138.6,,,-0.0,0.0,0.0,2028,Summer,2025,Dec 2023 DAPR,2026-05-08T14:08:45.864833
SA_SSD219,PORT PIRIE SOUTH 11KV,SA Power Networks,SA,-33.19,138.01,,,-0.0,0.0,0.0,2027,Summer,2025,Dec 2023 DAPR,2026-05-08T14:08:45.864833
SA_SSD366,EAST TERRACE 11KV,SA Power Networks,SA,-34.92,138.61,,,-0.0,0.0,0.0,2027,Summer,2025,Dec 2023 DAPR,2026-05-08T14:08:45.864833
SA_SSD403,NORTHFIELD 11KV,SA Power Networks,SA,-34.85,138.63,,,-8170000.0,770000.0,0.0,2027,Summer,2025,Dec 2023 DAPR,2026-05-08T14:08:45.864833
SA_SSD115,MORPHETT VALE EAST 11KV,SA Power Networks,SA,-35.11,138.55,,,-0.0,0.0,0.0,2028,Summer,2025,Dec 2023 DAPR,2026-05-08T14:08:45.864833
SA_SD1526,GLANVILLE - QUEENSTOWN 66KV,SA Power Networks,SA,-34.857268,138.492136,,,-16170000.000000002,1530000.0,16170000.000000002,2025,Summer,2025,Dec 2023 DAPR,2026-05-08T14:08:45.864833
SA_SD1527,NEW OSBORNE - GLANVILLE 66KV,SA Power Networks,SA,-34.819944,138.494584,,,-16170000.000000002,1530000.0,16170000.000000002,2025,Summer,2025,Dec 2023 DAPR,2026-05-08T14:08:45.864833
SA_SD49200,HATHERLEIGH-ROBE,SA Power Networks,SA,-37.465735,140.244799,,,-13840000.0,1310000.0,13840000.0,2024,Summer,2025,Dec 2023 DAPR,2026-05-08T14:08:45.864833
SA_SD1594,MORPHETT VALE EAST - MCLAREN FLAT 66KV ,SA Power Networks,SA,-35.20799,138.5682,,,-4730000.0,450000.0,4730000.0,2024,Summer,2025,Dec 2023 DAPR,2026-05-08T14:08:45.864833
SA_ST12,STRATHALBYN EAST,SA Power Networks,SA,-35.27116,138.8964,,,-880000.0,80000.0,880000.0,2024,Summer,2025,Dec 2023 DAPR,2026-05-08T14:08:45.864833
SA_LX43,LOXTON,SA Power Networks,SA,-34.4188,140.5944,,,-220000.0,20000.0,220000.0,2024,Summer,2025,Dec 2023 DAPR,2026-05-08T14:08:45.864833
SA_SSD325,PORT LINCOLN DOCKS 11KV,SA Power Networks,SA,-34.72339,135.8681,,,-0.0,0.0,0.0,2024,Summer,2025,Dec 2023 DAPR,2026-05-08T14:08:45.864833
SA_SSD438,ANGAS CREEK 33KV,SA Power Networks,SA,-34.84725,138.9369,,,-0.0,0.0,0.0,2024,Summer,2025,Dec 2023 DAPR,2026-05-08T14:08:45.864833
SA_SD1676,PORT NOARLUNGA - SEAFORD 66KV,SA Power Networks,SA,-35.20799,138.5682,,,-5380000.0,510000.0,5380000.0,2027,Summer,2025,Dec 2023 DAPR,2026-05-08T14:08:45.864833
SA_SD58200,PENOLA - PENOLA TEE 33KV,SA Power Networks,SA,-37.393472,140.813479,,,-780000.0,70000.0,780000.0,2025,Summer,2025,Dec 2023 DAPR,2026-05-08T14:08:45.864833
SA_SSD403,NORTHFIELD 66KV,SA Power Networks,SA,-34.84757,138.6342,,,-0.0,0.0,45500000.0,2026,,2025,Dec 2023 DAPR,2026-05-08T14:08:45.864833
SA_SD1519,FULHAM GARDENS - HENLEY SOUTH 1 66KV,SA Power Networks,SA,-34.90713,138.5056,,,-0.0,0.0,0.0,2025,,2025,Dec 2023 DAPR,2026-05-08T14:08:45.864833
SA_SD1639,FULHAM GARDENS - BLACKPOOL 66KV,SA Power Networks,SA,-34.90713,138.5056,,,-0.0,0.0,0.0,2025,,2025,Dec 2023 DAPR,2026-05-08T14:08:45.864833
SA_SD32101,BUNGAMA - PORT PIRIE SOUTH 33KV,SA Power Networks,SA,-34.90713,138.5056,,,-0.0,0.0,0.0,2025,,2025,Dec 2023 DAPR,2026-05-08T14:08:45.864833
SA_SSD154,SQUARE WATER HOLE 11KV,SA Power Networks,SA,-35.37881,138.6319,,,-0.0,0.0,600000.0,2025,Summer,2025,Dec 2023 DAPR,2026-05-08T14:08:45.864833
SA_SD1545,EAST TERRACE - NORWOOD 66KV,SA Power Networks,SA,-34.922469,138.614071,,,-1920000.0,180000.0,1920000.0,2026,Summer,2025,Dec 2023 DAPR,2026-05-08T14:08:45.864833
SA_SD36400,WATERLOO - RIVERTON TEE,SA Power Networks,SA,-34.013293,138.845992,,,-1020000.0,100000.0,1020000.0,2026,Summer,2025,Dec 2023 DAPR,2026-05-08T14:08:45.864833
SA_SD37200,FREELING - KAPUNDA,SA Power Networks,SA,-34.448187,138.810763,,,-560000.0,50000.0,560000.0,2026,Summer,2025,Dec 2023 DAPR,2026-05-08T14:08:45.864833
SA_SD1669,NORTH UNLEY - WHITMORE SQUARE TEE 66KV,SA Power Networks,SA,-34.9444,138.5789,,,-390000.0,40000.0,390000.0,2026,Summer,2025,Dec 2023 DAPR,2026-05-08T14:08:45.864833
SA_NL451C,TROTT PARK BACKBONE,SA Power Networks,SA,-35.0771,138.5281,,,-290000.0,30000.0,290000.0,2026,Summer,2025,Dec 2023 DAPR,2026-05-08T14:08:45.864833
SA_SD2004,DIREK - PARALOWIE 66KV,SA Power Networks,SA,-34.72793,138.623028,,,-0.0,0.0,0.0,2026,,2025,Dec 2023 DAPR,2026-05-08T14:08:45.864833
SA_SD32102,PORT PIRIE SOUTH - PORT PIRIE 33KV,SA Power Networks,SA,-34.90713,138.5056,,,-0.0,0.0,0.0,2026,,2025,Dec 2023 DAPR,2026-05-08T14:08:45.864833
SA_SD32103,BUNGAMA - PORT PIRIE 33KV,SA Power Networks,SA,-34.90713,138.5056,,,-0.0,0.0,0.0,2026,,2025,Dec 2023 DAPR,2026-05-08T14:08:45.864833
SA_SD40700,GERANIUM - LAMEROO 33KV,SA Power Networks,SA,-35.30247,140.6736,,,-0.0,0.0,3300000.0,2027,,2025,Dec 2023 DAPR,2026-05-08T14:08:45.864833
SA_SD1686,ELIZABETH DOWNS - SMITHFIELD WEST 66KV,SA Power Networks,SA,-34.678013,138.494584,,,-2570000.0,240000.0,2570000.0,2027,Summer,2025,Dec 2023 DAPR,2026-05-08T14:08:45.864833
SA_SD1619,FULHAM GARDENS - HENLEY SOUTH 2 66KV,SA Power Networks,SA,-34.90713,138.5056,,,-0.0,0.0,0.0,2027,,2025,Dec 2023 DAPR,2026-05-08T14:08:45.864833
SA_SD1670,KESWICK - NEW RICHMOND TEE - PLYMPTON 66KV,SA Power Networks,SA,-34.9444,138.5789,,,-7380000.0,700000.0,7380000.0,2028,Summer,2025,Dec 2023 DAPR,2026-05-08T14:08:45.864833
SA_SSD111,PORT STANVAC 11KV,SA Power Networks,SA,-35.10867,138.4896,,,-0.0,0.0,0.0,2028,Summer,2025,Dec 2023 DAPR,2026-05-08T14:08:45.864833
SA_SSD195,MOUNT GAMBIER WEST 11KV,SA Power Networks,SA,-37.82979,140.7511,,,-0.0,0.0,0.0,2028,Summer,2025,Dec 2023 DAPR,2026-05-08T14:08:45.864833
TN_BEZ,BELLERIVE ZONE SUBSTATION,TasNetworks,TAS,-42.8573428,147.3920297,,,-3000000.0,250000.0,0.0,2024,"Summer, Winter",2025,Dec 2023 APR,2026-05-08T14:08:45.864833
TN_DPZ,DERWENT PARK ZONE SUBSTATION,TasNetworks,TAS,-42.8352451,147.2906752,,,-2000000.0,170000.0,0.0,2021,"Summer, Winter",2025,Dec 2023 APR,2026-05-08T14:08:45.864833
TN_GBZ,GEILSTON BAY ZONE SUBSTATION,TasNetworks,TAS,-42.8395221,147.3598223,,,-2600000.0,220000.0,0.0,2023,"Summer, Winter",2025,Dec 2023 APR,2026-05-08T14:08:45.864833
TN_GRZ,GRETNA RURAL ZONE SUBSTATION,TasNetworks,TAS,-42.6919003,146.9419874,,,-1100000.0,90000.0,0.0,2021,"Summer, Winter",2025,Dec 2023 APR,2026-05-08T14:08:45.864833
TN_KR,KNIGHTS ROAD SUBSTATION,TasNetworks,TAS,-43.022861,147.073676,,,-1800000.0,150000.0,0.0,2030,"Summer, Winter",2025,Dec 2023 APR,2026-05-08T14:08:45.864833
TN_BY,BOYER SUBSTATION,TasNetworks,TAS,-42.7807604,147.1007365,,,-5400000.0,460000.0,0.0,2024,"Summer, Winter",2025,Dec 2023 APR,2026-05-08T14:08:45.864833
TN_BU,BURNIE SUBSTATION,TasNetworks,TAS,-41.076775,145.890923,,,-19950000.0,1680000.0,0.0,2025,"Summer, Winter",2025,Dec 2023 APR,2026-05-08T14:08:45.864833
TN_CS,CHAPEL STREET SUBSTATION,TasNetworks,TAS,-42.842991,147.255172,,,-11700000.0,990000.0,0.0,2025,"Summer, Winter",2025,Dec 2023 APR,2026-05-08T14:08:45.864833
TN_KE,KERMANDIE SUBSTATION,TasNetworks,TAS,-43.164435,146.945525,,,-4700000.0,400000.0,0.0,2027,"Summer, Winter",2025,Dec 2023 APR,2026-05-08T14:08:45.864833
TN_PL,PORT LATTA SUBSTATION,TasNetworks,TAS,-40.854047,145.378031,,,-3700000.0,310000.0,0.0,2027,"Summer, Winter",2025,Dec 2023 APR,2026-05-08T14:08:45.864833
TN_RA,RAILTON SUBSTATION,TasNetworks,TAS,-41.333952,146.423402,,,-1900000.0,160000.0,0.0,2025,"Summer, Winter",2025,Dec 2023 APR,2026-05-08T14:08:45.864833
TN_RB,ROSEBERY SUBSTATION,TasNetworks,TAS,-41.776977,145.539301,,,-4800000.0,400000.0,0.0,2029,"Summer, Winter",2025,Dec 2023 APR,2026-05-08T14:08:45.864833
TN_SR,SAVAGE RIVER SUBSTATION,TasNetworks,TAS,-41.487375,145.212255,,,-4400000.0,370000.0,0.0,2029,"Summer, Winter",2025,Dec 2023 APR,2026-05-08T14:08:45.864833
TN_SO,SORELL SUBSTATION,TasNetworks,TAS,-42.776213,147.555404,,,-5000000.0,420000.0,0.0,2026,"Summer, Winter",2025,Dec 2023 APR,2026-05-08T14:08:45.864833
TN_SM,ST MARYS SUBSTATION,TasNetworks,TAS,-41.592224,148.183699,,,-600000.0,50000.0,0.0,2027,"Summer, Winter",2025,Dec 2023 APR,2026-05-08T14:08:45.864833
TN_UL,ULVERSTONE SUBSTATION,TasNetworks,TAS,-41.171572,146.162454,,,-11500000.0,970000.0,0.0,2025,"Summer, Winter",2025,Dec 2023 APR,2026-05-08T14:08:45.864833
TN_WA,WADDAMANA SUBSTATION,TasNetworks,TAS,-42.125229,146.745163,,,-300000.0,30000.0,0.0,2029,"Summer, Winter",2025,Dec 2023 APR,2026-05-08T14:08:45.864833
TN_GT,GEORGE TOWN SUBSTATION,TasNetworks,TAS,-41.128393,146.885431,,,-1000000.0,80000.0,0.0,2026,"Summer, Winter",2025,Dec 2023 APR,2026-05-08T14:08:45.864833
TN_NW,NORWOOD SUBSTATION,TasNetworks,TAS,-41.473323,147.184294,,,-18050000.0,1520000.0,0.0,2025,Winter,2025,Dec 2023 APR,2026-05-08T14:08:45.864833
TN_WV,WESLEY VALE SUBSTATION,TasNetworks,TAS,-41.179448,146.445053,,,-2400000.0,200000.0,0.0,2026,Winter,2025,Dec 2023 APR,2026-05-08T14:08:45.864833
TN_SH,SHEFFIELD SUBSTATION,TasNetworks,TAS,-41.335143,146.307425,,,-15500000.0,1310000.0,0.0,2027,Winter,2025,Dec 2023 APR,2026-05-08T14:08:45.864833
TN_LF-BEZ,LINDISFARNE-BELLERIVE 33 KV SUB-TRANSMISSION LINE,TasNetworks,TAS,-42.8247913,147.3495422,,,-900000.0,80000.0,0.0,2021,"Summer, Winter",2025,Dec 2023 APR,2026-05-08T14:08:45.864833
TN_RI-DPZ,RISDON-DERWENT PARK 33 KV SUB-TRANSMISSION LINE,TasNetworks,TAS,-42.835317,147.3164281,,,-2000000.0,170000.0,2000000.0,2021,"Summer, Winter",2025,Dec 2023 APR,2026-05-08T14:08:45.864833
TN_RI-NTZ,RISDON-NEW TOWN 33 KV SUB-TRANSMISSION LINE,TasNetworks,TAS,-42.835317,147.3164281,,,-2000000.0,170000.0,2000000.0,2027,"Summer, Winter",2025,Dec 2023 APR,2026-05-08T14:08:45.864833
TN_RI-EHZ,RISDON-EAST HOBART 33 KV SUB-TRANSMISSION LINE,TasNetworks,TAS,-42.835317,147.3164281,,,-2000000.0,170000.0,2000000.0,2021,Summer,2025,Dec 2023 APR,2026-05-08T14:08:45.864833
TN_CR-CLZ,CREEK RD -CLAREMONT 33 KV SUB-TRANSMISSION LINE,TasNetworks,TAS,-42.7955785,147.2434829,,,-2000000.0,170000.0,2000000.0,2026,"Summer, Winter",2025,Dec 2023 APR,2026-05-08T14:08:45.864833
TN_CR-SBZ,CREEK RD -SANDY BAY 33 KV SUB-TRANSMISSION LINE,TasNetworks,TAS,-42.9055058,147.3272529,,,-2000000.0,170000.0,2000000.0,2028,"Summer, Winter",2025,Dec 2023 APR,2026-05-08T14:08:45.864833
UE_HGS,HASTINGS ZONE SUBSTATION,United Energy,VIC,-38.288804,145.192585,,,-4000000.0,220000.0,0.0,2027,Summer,2025,Dec 2023 DAPR; (No United Energy review),2026-05-08T14:08:45.864833
UE_DC,DONCASTER ZONE SUBSTATION,United Energy,VIC,-37.798509,145.135316,,,-5700000.0,320000.0,0.0,2026,Summer,2025,Dec 2023 DAPR; (No United Energy review),2026-05-08T14:08:45.864833
UE_EM,EAST MALVERN ZONE SUBSTATION,United Energy,VIC,-37.878881,145.070911,,,-4000000.0,220000.0,0.0,2025,Summer,2025,Dec 2023 DAPR; (No United Energy review),2026-05-08T14:08:45.864833
UE_SR,SANDRINGHAM ZONE SUBSTATION,United Energy,VIC,-37.94687,145.022867,,,-4000000.0,220000.0,0.0,2025,Summer,2025,Dec 2023 DAPR; (No United Energy review),2026-05-08T14:08:45.864833
UE_MGE-12,MGE-12 (MULGRAVE) HV FEEDER,United Energy,VIC,-37.922463,145.184961,,,-1820000.0,100000.0,1500000.0,2024,Summer,2025,Dec 2023 DAPR; (No United Energy review),2026-05-08T14:08:45.864833
UE_K-31,K31,United Energy,VIC,-37.851459,145.053364,,,-270000.0,10000.0,570000.0,2024,Summer,2025,Dec 2023 DAPR; (No United Energy review),2026-05-08T14:08:45.864833
UE_K-34,"K34 (EM NEW WEST FEEDER, K34 OFFLOAD)",United Energy,VIC,-37.851459,145.053364,,,-1200000.0,70000.0,150000.0,2025,Summer,2025,Dec 2023 DAPR; (No United Energy review),2026-05-08T14:08:45.864833
UE_NW-21,NW21,United Energy,VIC,-37.81123,145.178026,,,-290000.0,20000.0,570000.0,2025,Summer,2025,Dec 2023 DAPR; (No United Energy review),2026-05-08T14:08:45.864833
UE_HTS-MR-BT-NB-HTS,BT-MR 66KV THERMAL UPRATE,United Energy,VIC,-37.932698,145.029094,,,-190000.0,10000.0,0.0,2028,Summer,2025,Dec 2023 DAPR; (No United Energy review),2026-05-08T14:08:45.864833
