quarter,interconnector_id,from_region,surplus_aud,total_units_sold,payout_per_unit,weighted_avg_clearing_price,alpha,alpha_pct
C2020Q2,NSW1-QLD1,NSW1,0.0,370.0,0.0,341.6981,-341.6981,-100.0
C2020Q2,NSW1-QLD1,QLD1,5317444.469250003,812.0,6548.5769,11831.9553,-5283.3784,-44.65
C2020Q2,V-SA,SA1,284926.0288399999,514.0,554.3308,6276.9149,-5722.5841,-91.17
C2020Q2,V-SA,VIC1,398028.6436300003,588.0,676.9195,1780.6082,-1103.6887,-61.98
C2020Q2,VIC1-NSW1,NSW1,304934.4065399999,888.0,343.3946,2216.1227,-1872.7281,-84.5
C2020Q2,VIC1-NSW1,VIC1,1107883.0665799994,1030.0,1075.6146,4251.8932,-3176.2786,-74.7
C2020Q3,NSW1-QLD1,NSW1,847.00572,415.0,2.041,332.5689,-330.5279,-99.39
C2020Q3,NSW1-QLD1,QLD1,13779524.676020045,939.0,14674.6802,12038.7444,2635.9358,21.9
C2020Q3,V-SA,SA1,7523368.56844999,585.0,12860.4591,7994.1951,4866.264,60.87
C2020Q3,V-SA,VIC1,301617.6100900005,661.0,456.305,1728.1544,-1271.8494,-73.6
C2020Q3,VIC1-NSW1,NSW1,3841818.7201699982,976.0,3936.2897,1828.6875,2107.6022,115.25
C2020Q3,VIC1-NSW1,VIC1,4703447.802480005,1135.0,4144.0069,4967.4526,-823.4457,-16.58
C2020Q4,NSW1-QLD1,NSW1,793884.1879088295,460.0,1725.8352,782.5986,943.2366,120.53
C2020Q4,NSW1-QLD1,QLD1,26109626.385114297,1013.0,25774.5571,9916.6417,15857.9154,159.91
C2020Q4,V-SA,SA1,7165004.427503308,642.0,11160.443,7760.5883,3399.8547,43.81
C2020Q4,V-SA,VIC1,591727.3284559002,734.0,806.168,2183.5266,-1377.3586,-63.08
C2020Q4,VIC1-NSW1,NSW1,-2937851.0184939737,1090.0,-2695.2762,2363.1229,-5058.3991,-214.06
C2020Q4,VIC1-NSW1,VIC1,17207225.694369815,1258.0,13678.2398,5154.0372,8524.2026,165.39
C2021Q1,NSW1-QLD1,NSW1,873144.3838295698,505.0,1728.9988,2815.0891,-1086.0903,-38.58
C2021Q1,NSW1-QLD1,QLD1,-1849474.3453405015,1100.0,-1681.3403,13815.7982,-15497.1385,-112.17
C2021Q1,V-SA,SA1,2884020.121436466,706.0,4085.0143,6675.8314,-2590.8171,-38.81
C2021Q1,V-SA,VIC1,9492734.460698385,807.0,11762.9919,6044.428,5718.5639,94.61
C2021Q1,VIC1-NSW1,NSW1,-195031.5410484599,1203.0,-162.121,6093.7431,-6255.8641,-102.66
C2021Q1,VIC1-NSW1,VIC1,15043786.143906249,1396.0,10776.3511,6220.7132,4555.6379,73.23
C2021Q2,NSW1-QLD1,NSW1,9557441.029825583,550.0,17377.1655,304.6939,17072.4716,5603.16
C2021Q2,NSW1-QLD1,QLD1,12364657.219741518,1230.0,10052.5668,10064.8602,-12.2934,-0.12
C2021Q2,V-SA,SA1,2105376.34635589,774.0,2720.1245,5808.1135,-3087.989,-53.17
C2021Q2,V-SA,VIC1,2499736.2989734043,880.0,2840.6094,1972.2607,868.3487,44.03
C2021Q2,VIC1-NSW1,NSW1,2128533.398301198,1300.0,1637.3334,1497.6117,139.7217,9.33
C2021Q2,VIC1-NSW1,VIC1,68675882.40983649,1510.0,45480.7168,5161.5993,40319.1175,781.14
C2021Q3,NSW1-QLD1,NSW1,304966.1841295097,550.0,554.484,652.8839,-98.3999,-15.07
C2021Q3,NSW1-QLD1,QLD1,3276190.355892976,1237.0,2648.4966,10358.4968,-7710.0002,-74.43
C2021Q3,V-SA,SA1,4723539.470245901,770.0,6134.4668,7109.1636,-974.6968,-13.71
C2021Q3,V-SA,VIC1,2421052.1676660175,903.0,2681.1209,2108.3767,572.7442,27.17
C2021Q3,VIC1-NSW1,NSW1,-719685.8094804201,1300.0,-553.6045,1417.0679,-1970.6724,-139.07
C2021Q3,VIC1-NSW1,VIC1,24892787.45504171,1537.0,16195.6978,6572.4899,9623.2079,146.42
C2021Q4,NSW1-QLD1,NSW1,8743373.051038295,556.0,15725.4911,1338.1277,14387.3634,1075.19
C2021Q4,NSW1-QLD1,QLD1,-1725197.5070337194,1217.0,-1417.5822,9753.1149,-11170.6971,-114.53
C2021Q4,V-SA,SA1,5005108.627285332,770.0,6500.1411,6514.3194,-14.1783,-0.22
C2021Q4,V-SA,VIC1,15579245.306551125,893.0,17445.9634,2872.6332,14573.3302,507.32
C2021Q4,VIC1-NSW1,NSW1,-3656487.893978488,1311.0,-2789.0831,1542.8278,-4331.9109,-280.78
C2021Q4,VIC1-NSW1,VIC1,36203936.69354663,1530.0,23662.7037,7559.8162,16102.8875,213.01
C2022Q1,NSW1-QLD1,NSW1,22330902.75460369,559.0,39947.9477,4252.4499,35695.4978,839.41
C2022Q1,NSW1-QLD1,QLD1,1138729.5015859797,1213.0,938.7712,13563.9374,-12625.1662,-93.08
C2022Q1,V-SA,SA1,2392235.219340576,793.0,3016.6901,5629.0297,-2612.3396,-46.41
C2022Q1,V-SA,VIC1,9012681.034206426,881.0,10230.0579,6873.5858,3356.4721,48.83
C2022Q1,VIC1-NSW1,NSW1,-4750518.747844456,1363.0,-3485.3402,5392.9189,-8878.2591,-164.63
C2022Q1,VIC1-NSW1,VIC1,25332729.179920707,1519.0,16677.2411,10401.6304,6275.6107,60.33
C2022Q2,NSW1-QLD1,NSW1,4931466.883199462,605.0,8151.1849,1641.9789,6509.206,396.42
C2022Q2,NSW1-QLD1,QLD1,19580125.20716403,1223.0,16009.9143,10938.8307,5071.0836,46.36
C2022Q2,V-SA,SA1,6219608.0793594895,786.0,7912.9874,5248.8557,2664.1317,50.76
C2022Q2,V-SA,VIC1,18443863.197871774,913.0,20201.3836,3726.2889,16475.0947,442.13
C2022Q2,VIC1-NSW1,NSW1,-377233.9073790909,1350.0,-279.4325,1098.2623,-1377.6948,-125.44
C2022Q2,VIC1-NSW1,VIC1,90749472.71173497,1533.0,59197.3077,9631.4858,49565.8219,514.62
C2022Q3,NSW1-QLD1,NSW1,6785610.172253989,581.0,11679.1913,1771.5555,9907.6358,559.26
C2022Q3,NSW1-QLD1,QLD1,42150054.48622212,1217.0,34634.3915,12231.2498,22403.1417,183.16
C2022Q3,V-SA,SA1,7126463.964700508,785.0,9078.298,6148.3933,2929.9047,47.65
C2022Q3,V-SA,VIC1,18431720.29356719,890.0,20709.7981,4187.6352,16522.1629,394.55
C2022Q3,VIC1-NSW1,NSW1,5307906.450111704,1327.0,3999.9295,1068.6703,2931.2592,274.29
C2022Q3,VIC1-NSW1,VIC1,59911339.20408951,1563.0,38330.9912,13062.5865,25268.4047,193.44
C2022Q4,NSW1-QLD1,NSW1,6852519.706485287,560.0,12236.6423,4996.8391,7239.8032,144.89
C2022Q4,NSW1-QLD1,QLD1,9227489.720064228,1221.0,7557.3216,11226.7107,-3669.3891,-32.68
C2022Q4,V-SA,SA1,6576202.650192937,770.0,8540.5229,6472.4868,2068.0361,31.95
C2022Q4,V-SA,VIC1,6566326.937572801,885.0,7419.5785,7088.6433,330.9352,4.67
C2022Q4,VIC1-NSW1,NSW1,-4863981.147837406,1313.0,-3704.4792,1212.8645,-4917.3437,-405.43
C2022Q4,VIC1-NSW1,VIC1,57677646.99605584,1553.0,37139.5023,18446.7283,18692.774,101.33
C2023Q1,NSW1-QLD1,NSW1,6069382.218041337,556.0,10916.1551,9890.7779,1025.3772,10.37
C2023Q1,NSW1-QLD1,QLD1,10908580.144720083,1290.0,8456.2637,15503.0922,-7046.8285,-45.45
C2023Q1,V-SA,SA1,2805843.01796376,813.0,3451.2214,6324.1488,-2872.9274,-45.43
C2023Q1,V-SA,VIC1,17710814.87730655,892.0,19855.1736,13998.2138,5856.9598,41.84
C2023Q1,VIC1-NSW1,NSW1,-5264409.493116269,1346.0,-3911.1512,5227.3601,-9138.5113,-174.82
C2023Q1,VIC1-NSW1,VIC1,31817980.351314608,1523.0,20891.6483,20955.7303,-64.082,-0.31
C2023Q2,NSW1-QLD1,NSW1,3501768.531071541,612.0,5721.844,3801.9449,1919.8991,50.5
C2023Q2,NSW1-QLD1,QLD1,26529408.222560786,1220.0,21745.4166,19206.0795,2539.3371,13.22
C2023Q2,V-SA,SA1,3281846.9601726984,827.0,3968.376,4236.5926,-268.2166,-6.33
C2023Q2,V-SA,VIC1,13951931.452838035,886.0,15747.101,8724.4432,7022.6578,80.49
C2023Q2,VIC1-NSW1,NSW1,-4405870.7970052585,1339.0,-3290.4188,1349.6716,-4640.0904,-343.79
C2023Q2,VIC1-NSW1,VIC1,57548328.261126496,1538.0,37417.6387,19734.8659,17682.7728,89.6
C2023Q3,NSW1-QLD1,NSW1,607863.2981703213,602.0,1009.7397,3892.8372,-2883.0975,-74.06
C2023Q3,NSW1-QLD1,QLD1,25990335.21781047,1222.0,21268.6868,19099.3488,2169.338,11.36
C2023Q3,V-SA,SA1,1876355.9321865076,778.0,2411.7686,5179.038,-2767.2694,-53.43
C2023Q3,V-SA,VIC1,19914932.884348292,885.0,22502.749,9591.1903,12911.5587,134.62
C2023Q3,VIC1-NSW1,NSW1,-1822836.869501408,1352.0,-1348.2521,1647.5357,-2995.7878,-181.83
C2023Q3,VIC1-NSW1,VIC1,48431962.36971674,1530.0,31654.8774,20643.835,11011.0424,53.34
C2023Q4,NSW1-QLD1,NSW1,10742348.950261572,572.0,18780.3303,7954.8564,10825.4739,136.09
C2023Q4,NSW1-QLD1,QLD1,17474150.40074117,1222.0,14299.6321,13855.0698,444.5623,3.21
C2023Q4,V-SA,SA1,3684022.1468346193,770.0,4784.4443,5279.7023,-495.258,-9.38
C2023Q4,V-SA,VIC1,4277646.006174742,885.0,4833.4983,9969.556,-5136.0577,-51.52
C2023Q4,VIC1-NSW1,NSW1,-12805471.920386976,1322.0,-9686.4387,1146.7844,-10833.2231,-944.66
C2023Q4,VIC1-NSW1,VIC1,26848922.29004141,1573.0,17068.6092,22877.543,-5808.9338,-25.39
C2024Q1,NSW1-QLD1,NSW1,16415831.541310042,599.0,27405.3949,13448.8555,13956.5394,103.77
C2024Q1,NSW1-QLD1,QLD1,16840567.156950008,1224.0,13758.6333,18170.2696,-4411.6363,-24.28
C2024Q1,V-SA,SA1,5324449.281049956,779.0,6834.9798,6244.4827,590.4971,9.46
C2024Q1,V-SA,VIC1,9707811.349509958,895.0,10846.7166,22530.8491,-11684.1325,-51.86
C2024Q1,VIC1-NSW1,NSW1,5741645.684040034,1309.0,4386.2839,4169.8422,216.4417,5.19
C2024Q1,VIC1-NSW1,VIC1,21692222.448550098,1558.0,13923.121,22985.5678,-9062.4468,-39.43
C2024Q2,NSW1-QLD1,NSW1,792262.9344900032,604.0,1311.6936,5263.5302,-3951.8366,-75.08
C2024Q2,NSW1-QLD1,QLD1,96724276.90978035,1225.0,78958.5934,23488.7049,55469.8885,236.16
C2024Q2,V-SA,SA1,2910207.4559099916,785.0,3707.2706,4369.8733,-662.6027,-15.16
C2024Q2,V-SA,VIC1,6070283.775789993,880.0,6898.0497,12626.6204,-5728.5707,-45.37
C2024Q2,VIC1-NSW1,NSW1,5840962.395590019,1312.0,4451.953,1803.8976,2648.0554,146.8
C2024Q2,VIC1-NSW1,VIC1,15490359.394709963,1515.0,10224.6597,19077.8267,-8853.167,-46.41
C2024Q3,NSW1-QLD1,NSW1,2462859.0527499923,604.0,4077.5812,5250.4412,-1172.86,-22.34
C2024Q3,NSW1-QLD1,QLD1,47522702.3213297,1210.0,39274.9606,24938.9769,14335.9837,57.48
C2024Q3,V-SA,SA1,9521855.066450002,793.0,12007.3834,4943.6866,7063.6968,142.88
C2024Q3,V-SA,VIC1,35106145.98650997,893.0,39312.5935,13870.5252,25442.0683,183.43
C2024Q3,VIC1-NSW1,NSW1,7199376.243789998,1305.0,5516.7634,1892.4042,3624.3592,191.52
C2024Q3,VIC1-NSW1,VIC1,41713205.816590026,1525.0,27352.9218,20424.9795,6927.9423,33.92
C2024Q4,NSW1-QLD1,NSW1,6936483.621360002,553.0,12543.37,8894.9371,3648.4329,41.02
C2024Q4,NSW1-QLD1,QLD1,45939468.89647012,1280.0,35890.2101,14773.6368,21116.5733,142.93
C2024Q4,V-SA,SA1,3903295.662349993,796.0,4903.6378,5145.7014,-242.0636,-4.7
C2024Q4,V-SA,VIC1,7449565.001549968,889.0,8379.7132,13487.4961,-5107.7829,-37.87
C2024Q4,VIC1-NSW1,NSW1,-31805558.846290126,1335.0,-23824.3886,1295.7286,-25120.1172,-1938.69
C2024Q4,VIC1-NSW1,VIC1,45242095.90597025,1551.0,29169.6299,18418.3205,10751.3094,58.37
C2025Q1,NSW1-QLD1,NSW1,9975738.06230008,558.0,17877.6668,16698.5063,1179.1605,7.06
C2025Q1,NSW1-QLD1,QLD1,27772602.35299995,1270.0,21868.1908,19731.469,2136.7218,10.83
C2025Q1,V-SA,SA1,1678235.028079997,798.0,2103.0514,6638.0877,-4535.0363,-68.32
C2025Q1,V-SA,VIC1,7893500.082609993,889.0,8879.0777,24893.7413,-16014.6636,-64.33
C2025Q1,VIC1-NSW1,NSW1,-6327807.609100028,1334.0,-4743.484,4312.0843,-9055.5683,-210.0
C2025Q1,VIC1-NSW1,VIC1,19547005.95155999,1545.0,12651.7838,20607.5568,-7955.773,-38.61
C2025Q2,NSW1-QLD1,NSW1,1105982.9538799983,560.0,1974.9696,5642.7713,-3667.8017,-65.0
C2025Q2,NSW1-QLD1,QLD1,84560601.80324012,1236.0,68414.7264,29115.7141,39299.0123,134.98
C2025Q2,V-SA,SA1,2016106.8871099995,799.0,2523.2877,4755.6858,-2232.3981,-46.94
C2025Q2,V-SA,VIC1,7218300.88037004,895.0,8065.1406,16003.1265,-7937.9859,-49.6
C2025Q2,VIC1-NSW1,NSW1,-11327442.027140047,1337.0,-8472.2827,2210.8038,-10683.0865,-483.22
C2025Q2,VIC1-NSW1,VIC1,22729520.961500134,1535.0,14807.5055,20174.8708,-5367.3653,-26.6
C2025Q3,NSW1-QLD1,NSW1,398295.76431000105,550.0,724.1741,5800.9405,-5076.7664,-87.52
C2025Q3,NSW1-QLD1,QLD1,30431561.170110136,1242.0,24502.0621,30340.3757,-5838.3136,-19.24
C2025Q3,V-SA,SA1,3921056.994700002,805.0,4870.8783,5060.5644,-189.6861,-3.75
C2025Q3,V-SA,VIC1,13307369.110690003,920.0,14464.5316,15956.2969,-1491.7653,-9.35
C2025Q3,VIC1-NSW1,NSW1,4968837.091189984,1330.0,3735.9677,2405.8529,1330.1148,55.29
C2025Q3,VIC1-NSW1,VIC1,32559583.359799907,1506.0,21619.9093,20819.0516,800.8577,3.85
C2025Q4,NSW1-QLD1,NSW1,4198702.9619399905,551.0,7620.1506,9162.6623,-1542.5117,-16.83
C2025Q4,NSW1-QLD1,QLD1,31516278.676369905,1216.0,25917.9923,17931.0422,7986.9501,44.54
C2025Q4,V-SA,SA1,2822736.1530000027,831.0,3396.7944,4622.8562,-1226.0618,-26.52
C2025Q4,V-SA,VIC1,5957218.712970008,906.0,6575.2966,12717.848,-6142.5514,-48.3
C2025Q4,VIC1-NSW1,NSW1,-12757834.742969967,1342.0,-9506.5833,1725.3523,-11231.9356,-650.99
C2025Q4,VIC1-NSW1,VIC1,32740696.07800984,1524.0,21483.3964,16514.1004,4969.296,30.09
C2026Q1,NSW1-QLD1,NSW1,5238897.036769987,560.0,9355.1733,17536.4088,-8181.2355,-46.65
C2026Q1,NSW1-QLD1,QLD1,28195005.398020167,1258.0,22412.5639,21922.9673,489.5966,2.23
C2026Q1,V-SA,SA1,324686.04205999896,787.0,412.5617,5306.5108,-4893.9491,-92.23
C2026Q1,V-SA,VIC1,48671496.73476994,884.0,55058.2542,19437.2159,35621.0383,183.26
C2026Q1,VIC1-NSW1,NSW1,-6380987.104270004,1309.0,-4874.7037,4587.6686,-9462.3723,-206.26
C2026Q1,VIC1-NSW1,VIC1,21625400.0807201,1500.0,14416.9334,17071.2267,-2654.2933,-15.55
C2026Q2,NSW1-QLD1,NSW1,482654.6237099997,560.0,861.8833,4517.0979,-3655.2146,-80.92
C2026Q2,NSW1-QLD1,QLD1,6946026.987230011,1227.0,5660.9837,32265.6348,-26604.6511,-82.46
C2026Q2,V-SA,SA1,72648.78775999998,799.0,90.9246,4201.8476,-4110.923,-97.84
C2026Q2,V-SA,VIC1,9815177.862770036,890.0,11028.2897,13118.6742,-2090.3845,-15.93
C2026Q2,VIC1-NSW1,NSW1,466477.702029998,1311.0,355.8182,2504.2407,-2148.4225,-85.79
C2026Q2,VIC1-NSW1,VIC1,19703081.098089933,1506.0,13083.0552,16535.7747,-3452.7195,-20.88
